Drug,Disease,GraphDistanceToIndication,RandomWalkScore,StructuralLikelihood,PreferentialAttachment,KatzSimilarity,Label
valacyclovir,sexually transmitted diseases,1.0,0.036699,1.0116,8e-06,0.005002,1
valacyclovir,herpes simplex,1.0,0.031465,1.0094,2e-06,0.005001,1
valacyclovir,alzheimer disease,1.0,0.046075,1.1358,0.000194,0.005017,1
valacyclovir,hiv infections,1.0,0.048463,1.1297,0.000204,0.005018,1
valacyclovir,"pulmonary disease, chronic obstructive",1.0,0.039986,1.0264,4.1e-05,0.005004,1
azithromycin,chronic disease,1.0,0.010328,1.0147,6e-06,0.005002,1
azithromycin,bronchopulmonary dysplasia,1.0,0.011691,1.0156,1.7e-05,0.005003,1
azithromycin,obstetric labor complications,1.0,0.010328,1.0147,6e-06,0.005002,1
azithromycin,sexually transmitted diseases,1.0,0.01293,1.017,2.9e-05,0.005003,1
azithromycin,pregnancy in obesity,1.0,0.010328,1.0147,6e-06,0.005002,1
azithromycin,respiratory sounds,1.0,0.014132,1.0173,2.9e-05,0.005004,1
azithromycin,pneumonia,1.0,0.01506,1.0209,8.1e-05,0.005006,1
azithromycin,tuberculosis,1.0,0.015118,1.0318,0.000115,0.005008,1
azithromycin,respiratory tract infections,1.0,0.01452,1.018,3.5e-05,0.005003,1
azithromycin,"anemia, sickle cell",1.0,0.011927,1.0327,9.8e-05,0.005005,1
azithromycin,asthma,1.0,0.019417,1.0643,0.000294,0.005013,1
azithromycin,bronchiolitis obliterans,1.0,0.010782,1.0151,1.2e-05,0.005003,1
azithromycin,"arthritis, reactive",1.0,0.011563,1.0163,1.7e-05,0.005003,1
azithromycin,hiv infections,1.0,0.023599,1.1357,0.000693,0.005022,1
azithromycin,bronchiectasis,1.0,0.010328,1.0147,6e-06,0.005002,1
azithromycin,"pulmonary disease, chronic obstructive",1.0,0.017317,1.0318,0.000139,0.005009,1
azithromycin,arthritis,1.0,0.014619,1.045,0.000202,0.005009,1
atrasentan,diabetic nephropathies,1.0,0.044863,1.0137,1.9e-05,0.005003,1
atrasentan,"glomerulosclerosis, focal segmental",1.0,0.043226,1.0033,4e-06,0.005001,1
atrasentan,"nephritis, hereditary",1.0,0.043717,1.0036,5e-06,0.005001,1
atrasentan,"glomerulonephritis, iga",1.0,0.042919,1.0043,7e-06,0.005001,1
memantine,frontotemporal dementia,1.0,0.015536,1.0195,2.9e-05,0.005003,1
memantine,hepatic encephalopathy,1.0,0.012512,1.0168,1.4e-05,0.005002,1
memantine,communication disorders,1.0,0.013079,1.0231,5.2e-05,0.005005,1
memantine,psychophysiologic disorders,1.0,0.024502,1.0763,0.000423,0.005028,1
memantine,neuromyelitis optica,1.0,0.012372,1.0314,5.7e-05,0.005004,1
memantine,dementia,1.0,0.026316,1.0987,0.000485,0.00503,1
memantine,down syndrome,1.0,0.012931,1.0186,2.4e-05,0.005003,1
memantine,intellectual disability,1.0,0.010677,1.019,1e-05,0.005002,1
memantine,multiple sclerosis,1.0,0.013757,1.0237,5.7e-05,0.005005,1
memantine,frontotemporal lobar degeneration,1.0,0.013594,1.0172,1.4e-05,0.005002,1
memantine,delirium,1.0,0.01254,1.0258,5.7e-05,0.005005,1
memantine,alzheimer disease,1.0,0.024768,1.1429,0.000542,0.005025,1
memantine,glioblastoma,1.0,0.012183,1.0356,0.000105,0.005005,1
memantine,huntington disease,1.0,0.013909,1.0184,1.9e-05,0.005003,1
neostigmine,joint diseases,1.0,0.049585,1.0089,9e-06,0.005002,1
neostigmine,synesthesia,1.0,0.057044,1.0224,3e-05,0.005004,1
neostigmine,breast neoplasms,1.0,0.056321,1.0658,5.8e-05,0.005008,1
bosentan,scleredema adultorum,1.0,0.017595,1.0111,1e-05,0.005002,1
bosentan,sarcoidosis,1.0,0.017155,1.0114,1e-05,0.005002,1
bosentan,familial primary pulmonary hypertension,1.0,0.017424,1.0103,7e-06,0.005002,1
bosentan,hypertension,1.0,0.028958,1.1086,0.000336,0.005018,1
bosentan,"diabetes mellitus, type 2",1.0,0.023632,1.0814,0.000241,0.005013,1
bosentan,"scleroderma, systemic",1.0,0.017053,1.0121,1e-05,0.005002,1
bosentan,pulmonary fibrosis,1.0,0.016593,1.0097,3e-06,0.005001,1
bosentan,idiopathic pulmonary fibrosis,1.0,0.017527,1.0114,1e-05,0.005002,1
bosentan,"hypertension, pulmonary",1.0,0.021418,1.0162,3.7e-05,0.005004,1
bosentan,pulmonary arterial hypertension,1.0,0.022002,1.0158,3.4e-05,0.005004,1
dimethyl fumarate,"arthritis, rheumatoid",1.0,0.040405,1.0886,0.000129,0.005013,1
dimethyl fumarate,"multiple sclerosis, relapsing-remitting",1.0,0.036116,1.0143,1.4e-05,0.005002,1
dimethyl fumarate,multiple sclerosis,1.0,0.035383,1.0163,2e-05,0.005003,1
dimethyl fumarate,psoriasis,1.0,0.029843,1.0129,1.2e-05,0.005002,1
dimethyl fumarate,alzheimer disease,1.0,0.041979,1.1347,0.000194,0.005017,1
ritanserin,obesity,1.0,0.052068,1.1327,0.000144,0.005022,1
ritanserin,"diabetes mellitus, type 2",1.0,0.047206,1.0823,9.6e-05,0.005017,1
ritanserin,overweight,1.0,0.039205,1.0308,2.7e-05,0.005007,1
ritanserin,cardiovascular diseases,1.0,0.041716,1.0738,8e-05,0.005013,1
capecitabine,neoplasm metastasis,1.0,0.01453,1.0231,4.5e-05,0.005008,1
capecitabine,rectal neoplasms,1.0,0.01504,1.0183,2.4e-05,0.005005,1
capecitabine,prostatic neoplasms,1.0,0.017056,1.0396,0.00011,0.005009,1
capecitabine,gastrointestinal neoplasms,1.0,0.014014,1.019,2.9e-05,0.005007,1
capecitabine,triple negative breast neoplasms,1.0,0.015428,1.0302,6.9e-05,0.005011,1
capecitabine,neoplasms,1.0,0.016844,1.0478,0.000143,0.005013,1
capecitabine,biliary tract neoplasms,1.0,0.014579,1.019,3.7e-05,0.005008,1
capecitabine,carcinoma,1.0,0.017608,1.0458,0.00013,0.005014,1
capecitabine,colorectal neoplasms,1.0,0.017615,1.0305,8.2e-05,0.005011,1
capecitabine,brain neoplasms,1.0,0.013348,1.0225,4.9e-05,0.005005,1
capecitabine,stomach neoplasms,1.0,0.015573,1.023,4.9e-05,0.005008,1
capecitabine,breast neoplasms,1.0,0.020526,1.0746,0.000232,0.005018,1
sodium lactate,"shock, septic",1.0,0.137145,1.0043,3e-06,0.005001,1
sodium lactate,intracranial hypertension,1.0,0.119191,1.0011,1e-06,0.005,1
oxygen,down syndrome,1.0,0.058917,1.0044,5e-06,0.005001,1
oxygen,"sleep apnea, obstructive",1.0,0.060659,1.0079,1e-05,0.005002,1
oxygen,"heart defects, congenital",1.0,0.057501,1.0017,3e-06,0.005001,1
lorazepam,epilepsia partialis continua,1.0,0.019856,1.0147,8e-06,0.005002,1
lorazepam,"epilepsy, reflex",1.0,0.018678,1.0152,8e-06,0.005002,1
lorazepam,psychophysiologic disorders,1.0,0.042968,1.0738,0.000242,0.005029,1
lorazepam,dementia,1.0,0.044612,1.0962,0.000277,0.005031,1
lorazepam,obesity,1.0,0.027187,1.1358,0.000288,0.005019,1
lorazepam,seizures,1.0,0.024787,1.0306,6.5e-05,0.005011,1
lorazepam,status epilepticus,1.0,0.022278,1.0202,2.7e-05,0.005006,1
lorazepam,epilepsy,1.0,0.03449,1.0747,0.000179,0.005022,1
etoricoxib,"arthritis, rheumatoid",1.0,0.165332,1.0829,2.6e-05,0.00501,1
fluorometholone,glaucoma,1.0,0.089068,1.0142,1.5e-05,0.005003,1
fluorometholone,fibrosis,1.0,0.082769,1.0126,1e-05,0.005002,1
thioctic acid,diabetes mellitus,1.0,0.02942,1.0978,0.000171,0.005019,1
thioctic acid,coronary artery disease,1.0,0.023056,1.0366,4.8e-05,0.005006,1
thioctic acid,diabetic neuropathies,1.0,0.022783,1.0272,3.1e-05,0.005004,1
thioctic acid,acquired immunodeficiency syndrome,1.0,0.023033,1.0313,5.5e-05,0.005006,1
thioctic acid,"diabetes mellitus, type 2",1.0,0.029496,1.0882,0.000169,0.005018,1
thioctic acid,alzheimer disease,1.0,0.030794,1.1434,0.000271,0.005023,1
thioctic acid,hiv infections,1.0,0.032327,1.1373,0.000285,0.005022,1
tetrabenazine,huntington disease,1.0,0.167242,1.0035,1e-06,0.005001,1
cefazolin,obesity,1.0,0.083765,1.1265,7.2e-05,0.005013,1
cefazolin,infections,1.0,0.076291,1.0163,1.2e-05,0.005002,1
zolpidem,psychophysiologic disorders,1.0,0.057979,1.0701,0.000151,0.005026,1
zolpidem,sleep initiation and maintenance disorders,1.0,0.03311,1.0164,1.7e-05,0.005004,1
zolpidem,dementia,1.0,0.060357,1.0924,0.000173,0.005028,1
zolpidem,sleep wake disorders,1.0,0.031726,1.0115,7e-06,0.005002,1
zolpidem,alzheimer disease,1.0,0.044765,1.1364,0.000194,0.005021,1
glucocorticoids,"arthritis, rheumatoid",1.0,0.050576,1.0854,0.000155,0.005011,1
glucocorticoids,"aspergillosis, allergic bronchopulmonary",1.0,0.040162,1.0072,8e-06,0.005001,1
glucocorticoids,giant cell arteritis,1.0,0.033376,1.0051,2e-06,0.005001,1
glucocorticoids,anti-glomerular basement membrane disease,1.0,0.033376,1.0051,2e-06,0.005001,1
glucocorticoids,connective tissue diseases,1.0,0.046133,1.0057,6e-06,0.005001,1
glucocorticoids,"lung diseases, interstitial",1.0,0.047192,1.0094,1.2e-05,0.005002,1
reverse transcriptase inhibitors,hiv-associated lipodystrophy syndrome,1.0,0.075916,1.0156,1e-05,0.005004,1
reverse transcriptase inhibitors,hiv infections,1.0,0.101136,1.1241,8.2e-05,0.005017,1
pyrazinamide,hiv infections,1.0,0.112711,1.1237,8.2e-05,0.005015,1
pyrazinamide,"tuberculosis, pulmonary",1.0,0.08406,1.0047,2e-06,0.005001,1
clonazepam,epilepsia partialis continua,1.0,0.030407,1.0092,5e-06,0.005002,1
clonazepam,psychophysiologic disorders,1.0,0.060724,1.0681,0.000151,0.005027,1
clonazepam,dementia,1.0,0.062917,1.0903,0.000173,0.005029,1
clonazepam,status epilepticus,1.0,0.033126,1.0147,1.7e-05,0.005005,1
clonazepam,epilepsy,1.0,0.045584,1.0689,0.000112,0.005016,1
hypoglycemic agents,diabetes mellitus,1.0,0.027174,1.0983,0.000245,0.005026,1
hypoglycemic agents,glucose metabolism disorders,1.0,0.015858,1.0249,2.4e-05,0.005004,1
hypoglycemic agents,hypertension,1.0,0.027554,1.1161,0.000336,0.005028,1
hypoglycemic agents,endocrine system diseases,1.0,0.014923,1.0186,1e-05,0.005002,1
hypoglycemic agents,metabolic diseases,1.0,0.014623,1.019,1e-05,0.005002,1
hypoglycemic agents,atherosclerosis,1.0,0.018916,1.0423,7.1e-05,0.005012,1
hypoglycemic agents,hypercholesterolemia,1.0,0.017553,1.0343,5.1e-05,0.00501,1
hypoglycemic agents,"diabetes mellitus, type 2",1.0,0.025011,1.0887,0.000241,0.005023,1
hypoglycemic agents,coronary disease,1.0,0.018317,1.0345,5.8e-05,0.005011,1
hypoglycemic agents,cardiovascular diseases,1.0,0.023223,1.0802,0.0002,0.005023,1
olmesartan medoxomil,diabetic nephropathies,1.0,0.020035,1.0257,4.3e-05,0.005007,1
olmesartan medoxomil,metabolic syndrome,1.0,0.021582,1.0492,9.8e-05,0.005013,1
olmesartan medoxomil,retinal diseases,1.0,0.016321,1.0154,6e-06,0.005002,1
olmesartan medoxomil,insulin resistance,1.0,0.020322,1.0357,6.7e-05,0.005008,1
olmesartan medoxomil,hypertension,1.0,0.033788,1.1131,0.000303,0.005027,1
olmesartan medoxomil,proteinuria,1.0,0.019334,1.0179,2.1e-05,0.005004,1
olmesartan medoxomil,"diabetes mellitus, type 2",1.0,0.026813,1.0859,0.000217,0.00502,1
olmesartan medoxomil,cardiovascular diseases,1.0,0.024297,1.0773,0.00018,0.005018,1
olmesartan medoxomil,essential hypertension,1.0,0.019683,1.0279,4.6e-05,0.005008,1
methylprednisolone,frontotemporal dementia,1.0,0.011053,1.0216,3.5e-05,0.005003,1
methylprednisolone,"arthritis, rheumatoid",1.0,0.016054,1.0989,0.000439,0.005018,1
methylprednisolone,graft vs host disease,1.0,0.009728,1.0325,6.9e-05,0.005006,1
methylprednisolone,spondylarthropathies,1.0,0.008941,1.0186,1.2e-05,0.005002,1
methylprednisolone,joint diseases,1.0,0.010263,1.0229,5.2e-05,0.005004,1
methylprednisolone,neuromyelitis optica,1.0,0.010353,1.0336,6.9e-05,0.005007,1
methylprednisolone,osteoarthritis,1.0,0.011609,1.0397,0.00015,0.005009,1
methylprednisolone,pain,1.0,0.013048,1.0501,0.000214,0.00501,1
methylprednisolone,prostatic neoplasms,1.0,0.012121,1.0455,0.000156,0.005008,1
methylprednisolone,myelodysplastic syndromes,1.0,0.011744,1.0492,0.000167,0.00501,1
methylprednisolone,"multiple sclerosis, relapsing-remitting",1.0,0.01202,1.0238,4.6e-05,0.005004,1
methylprednisolone,leukemia,1.0,0.011799,1.0566,0.000196,0.005013,1
methylprednisolone,multiple sclerosis,1.0,0.011924,1.0259,6.9e-05,0.005005,1
methylprednisolone,"multiple sclerosis, chronic progressive",1.0,0.009053,1.0226,2.3e-05,0.005004,1
methylprednisolone,reperfusion injury,1.0,0.008825,1.019,1.2e-05,0.005002,1
methylprednisolone,asthma,1.0,0.014235,1.0676,0.000294,0.005012,1
methylprednisolone,sinusitis,1.0,0.008864,1.0185,1.2e-05,0.005002,1
tolvaptan,heart failure,1.0,0.055966,1.0191,1.8e-05,0.005003,1
tolvaptan,heart diseases,1.0,0.052645,1.0183,1.8e-05,0.005004,1
tolvaptan,cardiovascular diseases,1.0,0.059295,1.0673,6e-05,0.00501,1
clarithromycin,mycobacterium avium-intracellulare infection,1.0,0.065149,1.0049,3e-06,0.005001,1
clarithromycin,helicobacter infections,1.0,0.059618,1.0051,4e-06,0.005001,1
clarithromycin,hiv infections,1.0,0.088363,1.1241,0.000122,0.005016,1
pravastatin,polycystic kidney diseases,1.0,0.01556,1.0189,3e-06,0.005001,1
pravastatin,dyslipidemias,1.0,0.018282,1.0372,5.1e-05,0.005008,1
pravastatin,job syndrome,1.0,0.01556,1.0189,3e-06,0.005001,1
pravastatin,hyperlipidemias,1.0,0.018744,1.0254,2e-05,0.005003,1
pravastatin,obesity,1.0,0.025566,1.1416,0.00036,0.005023,1
pravastatin,"lupus erythematosus, systemic",1.0,0.017808,1.034,5.1e-05,0.005005,1
pravastatin,hypertension,1.0,0.027982,1.1182,0.000336,0.005025,1
pravastatin,coronary disease,1.0,0.01892,1.0365,5.8e-05,0.005008,1
pravastatin,cardiovascular diseases,1.0,0.023502,1.0822,0.0002,0.005019,1
pravastatin,hiv infections,1.0,0.025504,1.1399,0.000408,0.005021,1
interleukin 1 receptor antagonist protein,hypogonadism,1.0,0.010136,1.0317,3.9e-05,0.005005,1
interleukin 1 receptor antagonist protein,"arthritis, rheumatoid",1.0,0.016074,1.106,0.00049,0.005021,1
interleukin 1 receptor antagonist protein,joint diseases,1.0,0.010417,1.0296,5.8e-05,0.005004,1
interleukin 1 receptor antagonist protein,diabetes mellitus,1.0,0.015831,1.1068,0.000465,0.005023,1
interleukin 1 receptor antagonist protein,metabolic syndrome,1.0,0.012111,1.0601,0.000206,0.005013,1
interleukin 1 receptor antagonist protein,cytokine release syndrome,1.0,0.009441,1.0273,1.9e-05,0.005003,1
interleukin 1 receptor antagonist protein,obesity,1.0,0.017844,1.1483,0.000684,0.005028,1
interleukin 1 receptor antagonist protein,papilledema,1.0,0.009006,1.025,6e-06,0.005002,1
interleukin 1 receptor antagonist protein,"arthritis, juvenile",1.0,0.010817,1.0339,7.7e-05,0.005006,1
interleukin 1 receptor antagonist protein,"diabetes mellitus, type 2",1.0,0.016503,1.0972,0.000458,0.005025,1
interleukin 1 receptor antagonist protein,"diabetes mellitus, type 1",1.0,0.012565,1.0538,0.000187,0.005013,1
interleukin 1 receptor antagonist protein,"typhus, epidemic louse-borne",1.0,0.009006,1.025,6e-06,0.005002,1
interleukin 1 receptor antagonist protein,fatigue,1.0,0.011237,1.0292,3.9e-05,0.005004,1
interleukin 1 receptor antagonist protein,urticaria,1.0,0.009006,1.025,6e-06,0.005002,1
interleukin 1 receptor antagonist protein,"still's disease, adult-onset",1.0,0.009006,1.025,6e-06,0.005002,1
interleukin 1 receptor antagonist protein,covid-19,1.0,0.01245,1.0403,0.000142,0.005007,1
interleukin 1 receptor antagonist protein,"hepatitis, alcoholic",1.0,0.012013,1.0275,1.9e-05,0.005003,1
interleukin 1 receptor antagonist protein,nervous system malformations,1.0,0.009006,1.025,6e-06,0.005002,1
interleukin 1 receptor antagonist protein,arthritis,1.0,0.012585,1.055,0.000226,0.005013,1
probenecid,hypotension,1.0,0.028177,1.0209,3.1e-05,0.005004,1
probenecid,obesity,1.0,0.039604,1.1309,0.000216,0.00502,1
probenecid,prehypertension,1.0,0.02732,1.015,1.6e-05,0.005003,1
probenecid,hyperuricemia,1.0,0.024197,1.0105,4e-06,0.005001,1
probenecid,overweight,1.0,0.028892,1.0291,4.1e-05,0.005006,1
probenecid,epilepsy,1.0,0.031611,1.0701,0.000134,0.005011,1
fluconazole,"meningitis, cryptococcal",1.0,0.04652,1.006,5e-06,0.005002,1
fluconazole,meningitis,1.0,0.050578,1.0086,8e-06,0.005002,1
fluconazole,meningoencephalitis,1.0,0.04652,1.006,5e-06,0.005002,1
fluconazole,cryptococcosis,1.0,0.036844,1.005,2e-06,0.005001,1
fluconazole,hiv infections,1.0,0.063919,1.1251,0.000204,0.005016,1
sorafenib,"thyroid cancer, papillary",1.0,0.011727,1.0112,4e-06,0.005002,1
sorafenib,prostatic neoplasms,1.0,0.017073,1.0387,0.000119,0.005008,1
sorafenib,rhabdomyosarcoma,1.0,0.01525,1.0255,5.7e-05,0.005005,1
sorafenib,"lymphoma, large-cell, anaplastic",1.0,0.012465,1.0189,2.2e-05,0.005004,1
sorafenib,"leukemia, lymphocytic, chronic, b-cell",1.0,0.013894,1.0295,7.5e-05,0.005005,1
sorafenib,carcinoma,1.0,0.018456,1.0448,0.000141,0.005011,1
sorafenib,thyroid neoplasms,1.0,0.013042,1.0128,1.3e-05,0.005002,1
sorafenib,squamous cell carcinoma of head and neck,1.0,0.016023,1.0182,4.9e-05,0.005006,1
sorafenib,liver neoplasms,1.0,0.014932,1.0185,3.1e-05,0.005004,1
sorafenib,neuroendocrine tumors,1.0,0.011921,1.0141,9e-06,0.005002,1
sorafenib,"carcinoma, squamous cell",1.0,0.014467,1.017,4e-05,0.005005,1
sorafenib,breast neoplasms,1.0,0.018858,1.0736,0.000252,0.005014,1
sorafenib,urinary bladder neoplasms,1.0,0.014,1.0208,4.9e-05,0.005005,1
metaraminol,hypotension,1.0,0.07628,1.0138,1e-05,0.005002,1
metaraminol,pre-eclampsia,1.0,0.08308,1.0201,1.4e-05,0.005003,1
foscarnet,cytomegalovirus retinitis,1.0,0.088859,1.005,3e-06,0.005001,1
foscarnet,hiv infections,1.0,0.109788,1.1237,8.2e-05,0.005015,1
"efavirenz, emtricitabine, tenofovir disoproxil fumarate drug combination",hiv infections,1.0,0.170416,1.1233,4.1e-05,0.005015,1
mitoxantrone,"lymphoma, non-hodgkin",1.0,0.022637,1.0406,5e-05,0.00501,1
mitoxantrone,prostatic neoplasms,1.0,0.026338,1.0403,6.4e-05,0.005007,1
mitoxantrone,"leukemia, myeloid, acute",1.0,0.024063,1.0426,5.9e-05,0.005009,1
mitoxantrone,lymphoma,1.0,0.027761,1.0695,0.000119,0.005017,1
mitoxantrone,leukemia,1.0,0.024694,1.0514,8.1e-05,0.005013,1
mitoxantrone,ovarian neoplasms,1.0,0.023024,1.0301,3.3e-05,0.005006,1
mitoxantrone,hiv infections,1.0,0.030974,1.1336,0.000285,0.005022,1
"insulin, isophane",diabetes mellitus,1.0,0.052707,1.0891,9.8e-05,0.005016,1
"insulin, isophane","diabetes mellitus, type 2",1.0,0.052705,1.0796,9.6e-05,0.005016,1
"insulin, isophane","diabetes mellitus, type 1",1.0,0.041836,1.0369,3.9e-05,0.005008,1
"insulin, isophane","diabetes, gestational",1.0,0.039397,1.0163,1.1e-05,0.005003,1
vidarabine phosphate,skin neoplasms,1.0,0.012519,1.0187,2.2e-05,0.005004,1
vidarabine phosphate,myelodysplastic syndromes,1.0,0.017887,1.0447,0.000128,0.005015,1
vidarabine phosphate,"leukemia, myeloid, acute",1.0,0.017271,1.0432,0.00011,0.005014,1
vidarabine phosphate,lymphoma,1.0,0.019665,1.0701,0.000221,0.005018,1
vidarabine phosphate,"leukemia, lymphocytic, chronic, b-cell",1.0,0.015016,1.0318,7.5e-05,0.00501,1
vidarabine phosphate,neoplasms,1.0,0.014093,1.0492,0.000155,0.005009,1
vidarabine phosphate,leukemia,1.0,0.017621,1.052,0.00015,0.005016,1
vidarabine phosphate,melanoma,1.0,0.014308,1.0241,5.3e-05,0.005005,1
vidarabine phosphate,"anemia, refractory",1.0,0.012575,1.0181,2.2e-05,0.005005,1
vidarabine phosphate,"melanoma, experimental",1.0,0.011352,1.0165,9e-06,0.005003,1
vidarabine phosphate,"leukemia, myelomonocytic, chronic",1.0,0.012643,1.0213,2.6e-05,0.005006,1
vidarabine phosphate,precursor t-cell lymphoblastic leukemia-lymphoma,1.0,0.01206,1.0189,1.8e-05,0.005005,1
vidarabine phosphate,"anemia, refractory, with excess of blasts",1.0,0.012575,1.0181,2.2e-05,0.005005,1
atazanavir sulfate,"bone diseases, metabolic",1.0,0.036931,1.0082,7e-06,0.005002,1
atazanavir sulfate,covid-19,1.0,0.042556,1.0208,3e-05,0.005004,1
atazanavir sulfate,infections,1.0,0.043506,1.0166,2.4e-05,0.005005,1
atazanavir sulfate,hiv infections,1.0,0.057591,1.1252,0.000163,0.005018,1
rifaximin,parkinson disease,1.0,0.089006,1.0134,1.2e-05,0.005002,1
rifaximin,hepatitis c,1.0,0.07496,1.0103,1e-05,0.005002,1
formoterol fumarate,communication disorders,1.0,0.019956,1.0174,3.4e-05,0.005003,1
formoterol fumarate,"asthma, exercise-induced",1.0,0.01947,1.0112,1.2e-05,0.005003,1
formoterol fumarate,airway obstruction,1.0,0.016947,1.01,3e-06,0.005001,1
formoterol fumarate,covid-19,1.0,0.02229,1.0256,6.7e-05,0.005005,1
formoterol fumarate,asthma,1.0,0.032103,1.0594,0.000156,0.005013,1
formoterol fumarate,respiratory distress syndrome,1.0,0.019165,1.0108,9e-06,0.005002,1
formoterol fumarate,alzheimer disease,1.0,0.02839,1.1365,0.000348,0.005019,1
formoterol fumarate,"pulmonary disease, chronic obstructive",1.0,0.028031,1.027,7.3e-05,0.005008,1
formoterol fumarate,lung diseases,1.0,0.024909,1.0207,4.9e-05,0.005007,1
vancomycin,prediabetic state,1.0,0.070762,1.0187,1.1e-05,0.005003,1
vancomycin,obesity,1.0,0.07848,1.1273,0.000108,0.005015,1
vancomycin,surgical wound infection,1.0,0.058258,1.0056,1e-06,0.005,1
benperidol,psychophysiologic disorders,1.0,0.114008,1.0651,6e-05,0.005022,1
benperidol,dementia,1.0,0.117642,1.0873,6.9e-05,0.005024,1
mycophenolic acid,kidney diseases,1.0,0.006912,1.0341,7.1e-05,0.005008,1
mycophenolic acid,immunologic deficiency syndromes,1.0,0.007429,1.0301,5.3e-05,0.005009,1
mycophenolic acid,precursor cell lymphoblastic leukemia-lymphoma,1.0,0.008996,1.0555,0.000203,0.005017,1
mycophenolic acid,myelodysplastic syndromes,1.0,0.011244,1.0563,0.000256,0.005021,1
mycophenolic acid,"lupus erythematosus, systemic",1.0,0.007054,1.0403,0.000132,0.005007,1
mycophenolic acid,"leukemia, myeloid, acute",1.0,0.010686,1.0549,0.000221,0.005019,1
mycophenolic acid,"histiocytosis, langerhans-cell",1.0,0.008113,1.0356,9.7e-05,0.005011,1
mycophenolic acid,"leukemia, lymphocytic, chronic, b-cell",1.0,0.008965,1.0433,0.00015,0.005014,1
mycophenolic acid,chediak-higashi syndrome,1.0,0.007429,1.0301,5.3e-05,0.005009,1
mycophenolic acid,leukemia,1.0,0.011321,1.0637,0.0003,0.005022,1
mycophenolic acid,renal insufficiency,1.0,0.00717,1.0338,8.8e-05,0.005006,1
mycophenolic acid,"anemia, refractory",1.0,0.0071,1.0294,4.4e-05,0.005008,1
mycophenolic acid,"lymphohistiocytosis, hemophagocytic",1.0,0.007429,1.0301,5.3e-05,0.005009,1
mycophenolic acid,end stage liver disease,1.0,0.00661,1.0259,2.6e-05,0.005004,1
mycophenolic acid,"scleroderma, systemic",1.0,0.006035,1.0271,2.6e-05,0.005004,1
mycophenolic acid,"leukemia, myelomonocytic, chronic",1.0,0.00699,1.0327,5.3e-05,0.005008,1
mycophenolic acid,"leukemia, biphenotypic, acute",1.0,0.006484,1.0343,5.3e-05,0.005008,1
mycophenolic acid,"cystitis, interstitial",1.0,0.005852,1.0261,1.8e-05,0.005004,1
mycophenolic acid,cardiovascular diseases,1.0,0.008992,1.0888,0.000521,0.005015,1
mycophenolic acid,cytomegalovirus infections,1.0,0.007632,1.0294,7.9e-05,0.005005,1
mycophenolic acid,precursor t-cell lymphoblastic leukemia-lymphoma,1.0,0.00646,1.0303,3.5e-05,0.005006,1
mycophenolic acid,lymphoproliferative disorders,1.0,0.008143,1.0361,8.8e-05,0.005012,1
mycophenolic acid,"anemia, refractory, with excess of blasts",1.0,0.0071,1.0294,4.4e-05,0.005008,1
mycophenolic acid,hiv infections,1.0,0.013622,1.1469,0.00106,0.005026,1
mycophenolic acid,nephrotic syndrome,1.0,0.00593,1.029,2.6e-05,0.005005,1
mycophenolic acid,"lung diseases, interstitial",1.0,0.007097,1.0289,5.3e-05,0.005005,1
high fructose corn syrup,"obesity, abdominal",1.0,0.176148,1.0033,1e-06,0.005,1
silymarin,liver diseases,1.0,0.038566,1.0116,7e-06,0.005002,1
silymarin,covid-19,1.0,0.042956,1.0209,3e-05,0.005004,1
silymarin,hepatitis c,1.0,0.040199,1.0141,1.9e-05,0.005004,1
silymarin,hiv infections,1.0,0.055197,1.1252,0.000163,0.005018,1
clobazam,epilepsia partialis continua,1.0,0.019641,1.0114,8e-06,0.005002,1
clobazam,psychophysiologic disorders,1.0,0.039488,1.0703,0.000242,0.005027,1
clobazam,dementia,1.0,0.041107,1.0926,0.000277,0.005029,1
clobazam,glioma,1.0,0.020491,1.0226,4.1e-05,0.005005,1
clobazam,lennox gastaut syndrome,1.0,0.020566,1.0137,1.6e-05,0.005003,1
clobazam,epilepsy,1.0,0.031552,1.0712,0.000179,0.005017,1
clobazam,glioblastoma,1.0,0.020509,1.0298,6e-05,0.005006,1
clobazam,"epilepsies, myoclonic",1.0,0.020457,1.0113,1.1e-05,0.005002,1
betaine,obesity,1.0,0.160715,1.1258,3.6e-05,0.005013,1
acetylcysteine,gaucher disease,1.0,0.008696,1.0205,6e-06,0.005002,1
acetylcysteine,diabetic nephropathies,1.0,0.010617,1.032,8.6e-05,0.005007,1
acetylcysteine,parkinson disease,1.0,0.012374,1.0322,0.000104,0.005005,1
acetylcysteine,metabolic syndrome,1.0,0.011928,1.0557,0.000196,0.005013,1
acetylcysteine,"epilepsy, post-traumatic",1.0,0.010119,1.0315,7.9e-05,0.005005,1
acetylcysteine,hypertension,1.0,0.017946,1.12,0.000605,0.005025,1
acetylcysteine,"leukemia, myeloid, acute",1.0,0.01068,1.0502,0.000153,0.005007,1
acetylcysteine,coronary artery disease,1.0,0.011324,1.0408,0.000122,0.005009,1
acetylcysteine,primary myelofibrosis,1.0,0.008878,1.0252,1.8e-05,0.005003,1
acetylcysteine,"thrombocythemia, essential",1.0,0.008696,1.0205,6e-06,0.005002,1
acetylcysteine,polycythemia vera,1.0,0.009497,1.0216,1.8e-05,0.005003,1
acetylcysteine,"diabetes mellitus, type 2",1.0,0.015458,1.0926,0.000434,0.005021,1
acetylcysteine,reperfusion injury,1.0,0.008949,1.0214,1.2e-05,0.005003,1
acetylcysteine,asthma,1.0,0.013386,1.0701,0.000312,0.005011,1
acetylcysteine,"renal insufficiency, chronic",1.0,0.012467,1.0433,0.000159,0.00501,1
acetylcysteine,"kidney failure, chronic",1.0,0.010096,1.0287,4.9e-05,0.005004,1
acetylcysteine,"arrhythmias, cardiac",1.0,0.009132,1.021,1.2e-05,0.005002,1
acetylcysteine,drug resistant epilepsy,1.0,0.011157,1.0244,4.3e-05,0.005004,1
brimonidine tartrate,diabetic retinopathy,1.0,0.024923,1.0067,1e-05,0.005002,1
brimonidine tartrate,macular degeneration,1.0,0.024699,1.0044,7e-06,0.005002,1
brimonidine tartrate,macular edema,1.0,0.027325,1.0076,1.4e-05,0.005003,1
brimonidine tartrate,ocular hypertension,1.0,0.047071,1.0074,3.1e-05,0.005005,1
brimonidine tartrate,"glaucoma, open-angle",1.0,0.053187,1.009,3.8e-05,0.005005,1
brimonidine tartrate,low tension glaucoma,1.0,0.02655,1.003,5e-06,0.005001,1
brimonidine tartrate,glaucoma,1.0,0.049174,1.0158,5.2e-05,0.005006,1
valsartan,glucose intolerance,1.0,0.008965,1.0381,0.000107,0.005008,1
valsartan,hypotension,1.0,0.009465,1.034,0.000107,0.005008,1
valsartan,diabetic nephropathies,1.0,0.010987,1.0338,0.0001,0.005009,1
valsartan,albuminuria,1.0,0.008094,1.0264,3.6e-05,0.005006,1
valsartan,dyslipidemias,1.0,0.009783,1.0408,0.000107,0.005012,1
valsartan,hypertrophy,1.0,0.00801,1.0265,3.6e-05,0.005006,1
valsartan,diabetes mellitus,1.0,0.015972,1.1042,0.000513,0.005028,1
valsartan,glomerulonephritis,1.0,0.008224,1.0256,3.6e-05,0.005004,1
valsartan,stroke,1.0,0.010617,1.0488,0.0002,0.005012,1
valsartan,hypertension,1.0,0.019995,1.122,0.000706,0.005032,1
valsartan,coronary artery disease,1.0,0.009994,1.0426,0.000143,0.005011,1
valsartan,hypercholesterolemia,1.0,0.009511,1.0398,0.000107,0.005011,1
valsartan,heart failure,1.0,0.010401,1.0368,0.000128,0.005009,1
valsartan,"diabetes mellitus, type 2",1.0,0.016255,1.0945,0.000506,0.005027,1
valsartan,atrial fibrillation,1.0,0.009029,1.0285,4.3e-05,0.005005,1
valsartan,"glomerulosclerosis, focal segmental",1.0,0.008931,1.0233,2.1e-05,0.005003,1
valsartan,substance-related disorders,1.0,0.007995,1.0273,6.4e-05,0.005005,1
valsartan,"nephritis, hereditary",1.0,0.009292,1.0236,2.9e-05,0.005004,1
valsartan,myocardial ischemia,1.0,0.008278,1.0287,5.7e-05,0.005006,1
valsartan,essential hypertension,1.0,0.009925,1.0361,0.000107,0.00501,1
valsartan,"glomerulonephritis, iga",1.0,0.00933,1.0243,3.6e-05,0.005004,1
adenosine triphosphate,alzheimer disease,1.0,0.169679,1.1302,3.9e-05,0.005014,1
platinum,"carcinoma, non-small-cell lung",1.0,0.14568,1.0216,7e-06,0.005003,1
hesperidin,insulin resistance,1.0,0.074091,1.027,1.5e-05,0.005005,1
hesperidin,obesity,1.0,0.089439,1.127,7.2e-05,0.005015,1
tramadol,diabetic neuropathies,1.0,0.035196,1.0165,2.2e-05,0.005003,1
tramadol,"pain, postoperative",1.0,0.032484,1.0151,1.9e-05,0.005003,1
tramadol,"neuralgia, postherpetic",1.0,0.030786,1.0086,8e-06,0.005002,1
tramadol,arthritis,1.0,0.032831,1.0355,5.9e-05,0.005006,1
tramadol,breast neoplasms,1.0,0.035315,1.0676,9.7e-05,0.005008,1
atenolol,cerebral small vessel diseases,1.0,0.020295,1.0127,1.1e-05,0.005002,1
atenolol,metabolic syndrome,1.0,0.024801,1.0445,8.7e-05,0.005009,1
atenolol,insulin resistance,1.0,0.023771,1.031,6e-05,0.005007,1
atenolol,hypertension,1.0,0.033836,1.1081,0.000269,0.005019,1
atenolol,coronary artery disease,1.0,0.023135,1.0297,5.4e-05,0.005005,1
atenolol,postoperative cognitive complications,1.0,0.019039,1.0102,5e-06,0.005001,1
atenolol,marfan syndrome,1.0,0.019547,1.0105,5e-06,0.005002,1
atenolol,essential hypertension,1.0,0.023096,1.0232,4.1e-05,0.005006,1
methylprednisolone acetate,"arthritis, rheumatoid",1.0,0.165332,1.0829,2.6e-05,0.00501,1
morphine,glucose intolerance,1.0,0.009986,1.0356,0.000102,0.005008,1
morphine,hypotension,1.0,0.010504,1.0316,0.000102,0.005007,1
morphine,"osteoarthritis, knee",1.0,0.011849,1.032,9.5e-05,0.00501,1
morphine,joint diseases,1.0,0.010646,1.0247,6.1e-05,0.005007,1
morphine,osteoarthritis,1.0,0.011804,1.0415,0.000177,0.005012,1
morphine,pain,1.0,0.014781,1.052,0.000251,0.005017,1
morphine,dementia,1.0,0.017522,1.103,0.000693,0.00502,1
morphine,hemorrhage,1.0,0.010398,1.0214,2.7e-05,0.005004,1
morphine,insulin resistance,1.0,0.009997,1.0415,0.000149,0.005009,1
morphine,obesity,1.0,0.018225,1.1428,0.00072,0.005028,1
morphine,vomiting,1.0,0.012528,1.0327,0.000122,0.005011,1
morphine,ankle fractures,1.0,0.008617,1.0209,2e-05,0.005004,1
morphine,sciatica,1.0,0.009038,1.0216,2e-05,0.005003,1
morphine,synesthesia,1.0,0.014543,1.0384,0.000197,0.005014,1
morphine,"pain, postoperative",1.0,0.009962,1.0293,7.5e-05,0.005008,1
morphine,radiculopathy,1.0,0.008858,1.0204,1.4e-05,0.005003,1
morphine,idiopathic pulmonary fibrosis,1.0,0.00794,1.0212,2e-05,0.005003,1
morphine,renal colic,1.0,0.007667,1.0216,1.4e-05,0.005003,1
morphine,intervertebral disc degeneration,1.0,0.008653,1.0208,2e-05,0.005003,1
morphine,postoperative nausea and vomiting,1.0,0.012389,1.0312,0.000115,0.005011,1
immunosuppressive agents,connective tissue diseases,1.0,0.099402,1.0015,2e-06,0.005001,1
immunosuppressive agents,"lung diseases, interstitial",1.0,0.101544,1.0052,4e-06,0.005001,1
histone deacetylase inhibitors,hodgkin disease,1.0,0.154837,1.0159,5e-06,0.005002,1
buspirone,psychophysiologic disorders,1.0,0.044553,1.0696,0.000212,0.005029,1
buspirone,dementia,1.0,0.046659,1.0919,0.000242,0.005031,1
buspirone,cocaine-related disorders,1.0,0.023964,1.0134,1.7e-05,0.005003,1
buspirone,seizures,1.0,0.026886,1.0265,5.7e-05,0.005011,1
buspirone,"epilepsies, partial",1.0,0.024045,1.017,2.6e-05,0.005006,1
buspirone,epilepsy,1.0,0.034719,1.0704,0.000157,0.005019,1
buspirone,brain injuries,1.0,0.021228,1.0145,1.4e-05,0.005002,1
troglitazone,"diabetes mellitus, type 2",1.0,0.160196,1.0744,2.4e-05,0.005009,1
berberine,non-alcoholic fatty liver disease,1.0,0.156858,1.0146,5e-06,0.005002,1
pregnanolone,neurodegenerative diseases,1.0,0.079122,1.0067,1e-06,0.005001,1
pregnanolone,alzheimer disease,1.0,0.105776,1.1305,7.7e-05,0.005015,1
utrophin,prader-willi syndrome,1.0,0.175726,1.0029,1e-06,0.005001,1
phentermine,hypotension,1.0,0.016246,1.025,6.1e-05,0.005005,1
phentermine,hypothalamic neoplasms,1.0,0.012582,1.0132,4e-06,0.005002,1
phentermine,prediabetic state,1.0,0.016741,1.0261,4.5e-05,0.005006,1
phentermine,obesity,1.0,0.025959,1.1355,0.000432,0.005024,1
phentermine,vascular diseases,1.0,0.01403,1.0152,1.6e-05,0.005002,1
phentermine,polycystic ovary syndrome,1.0,0.014628,1.0234,3.7e-05,0.005005,1
phentermine,non-alcoholic fatty liver disease,1.0,0.016768,1.0265,5.7e-05,0.005006,1
phentermine,"diabetes mellitus, type 2",1.0,0.022857,1.0849,0.000289,0.005018,1
phentermine,heart diseases,1.0,0.016299,1.027,7.3e-05,0.005005,1
phentermine,weight loss,1.0,0.013214,1.0161,1.6e-05,0.005002,1
phentermine,craniopharyngioma,1.0,0.014037,1.0151,1.2e-05,0.005003,1
phentermine,"obesity, morbid",1.0,0.018439,1.0221,4.9e-05,0.005004,1
gentamicins,gonorrhea,1.0,0.173529,1.0019,1e-06,0.005,1
gentamicins,"neuroma, acoustic",1.0,0.148794,1.001,1e-06,0.005,1
psilocybin,alcoholism,1.0,0.155569,1.0085,3e-06,0.005001,1
nitrates,heart failure,1.0,0.125748,1.0162,1.2e-05,0.005003,1
nitrates,"liver failure, acute",1.0,0.107706,1.0015,1e-06,0.005001,1
triamcinolone acetonide,"osteoarthritis, knee",1.0,0.03114,1.0183,2.9e-05,0.005003,1
triamcinolone acetonide,macular edema,1.0,0.02984,1.0105,1.2e-05,0.005002,1
triamcinolone acetonide,diabetes mellitus,1.0,0.03687,1.0869,0.000147,0.005011,1
triamcinolone acetonide,"dermatitis, atopic",1.0,0.030005,1.009,1e-05,0.005001,1
triamcinolone acetonide,cataract,1.0,0.028702,1.0119,1.2e-05,0.005002,1
triamcinolone acetonide,patella fracture,1.0,0.026691,1.0059,2e-06,0.005001,1
suspensions,ocular hypertension,1.0,0.115374,1.0054,9e-06,0.005003,1
suspensions,"glaucoma, open-angle",1.0,0.130354,1.007,1.1e-05,0.005004,1
auranofin,pain,1.0,0.155182,1.0335,1.3e-05,0.005005,1
adenosine,pain,1.0,0.084101,1.034,2.5e-05,0.005005,1
adenosine,atrial fibrillation,1.0,0.081781,1.0086,4e-06,0.005001,1
lithium carbonate,frontotemporal dementia,1.0,0.084449,1.0054,6e-06,0.005001,1
lithium carbonate,multiple system atrophy,1.0,0.074512,1.0023,2e-06,0.005001,1
lithium carbonate,machado-joseph disease,1.0,0.072266,1.0013,1e-06,0.005,1
narcotics,pain,1.0,0.055674,1.0383,3.8e-05,0.005008,1
narcotics,obesity,1.0,0.061934,1.128,0.000108,0.005017,1
narcotics,synesthesia,1.0,0.056153,1.025,3e-05,0.005007,1
arginine,hypertension,1.0,0.049462,1.1101,0.000134,0.00502,1
arginine,"diabetes mellitus, type 2",1.0,0.045615,1.0829,9.6e-05,0.005015,1
arginine,pre-eclampsia,1.0,0.041455,1.0294,2.9e-05,0.005005,1
arginine,alzheimer disease,1.0,0.048945,1.1379,0.000155,0.00502,1
trimipramine,psychophysiologic disorders,1.0,0.114008,1.0651,6e-05,0.005022,1
trimipramine,dementia,1.0,0.117642,1.0873,6.9e-05,0.005024,1
growth hormone,glucose intolerance,1.0,0.017276,1.031,6.1e-05,0.005006,1
growth hormone,hiv-associated lipodystrophy syndrome,1.0,0.017014,1.0265,6.1e-05,0.005006,1
growth hormone,metabolic syndrome,1.0,0.017966,1.0504,0.00013,0.00501,1
growth hormone,insulin resistance,1.0,0.017631,1.0369,9e-05,0.005009,1
growth hormone,obesity,1.0,0.02474,1.1378,0.000432,0.005022,1
growth hormone,body weight changes,1.0,0.014056,1.0168,8e-06,0.005002,1
growth hormone,short bowel syndrome,1.0,0.01384,1.0169,8e-06,0.005002,1
growth hormone,chronic kidney disease-mineral and bone disorder,1.0,0.016064,1.0156,8e-06,0.005002,1
growth hormone,"dwarfism, pituitary",1.0,0.0146,1.0157,8e-06,0.005002,1
growth hormone,persian gulf syndrome,1.0,0.013584,1.0153,4e-06,0.005002,1
growth hormone,hiv infections,1.0,0.026251,1.1361,0.000489,0.005021,1
growth hormone,"kidney failure, chronic",1.0,0.017404,1.0235,3.3e-05,0.005004,1
glucagon-like peptide-1 receptor agonists,"diabetes mellitus, type 2",1.0,0.160196,1.0744,2.4e-05,0.005009,1
potassium,obesity,1.0,0.041254,1.1334,0.00018,0.00502,1
potassium,hypertension,1.0,0.044032,1.1102,0.000168,0.005022,1
potassium,vascular diseases,1.0,0.029282,1.0134,7e-06,0.005002,1
potassium,heart diseases,1.0,0.034316,1.0251,3.1e-05,0.005007,1
potassium,cardiovascular diseases,1.0,0.039162,1.0745,0.0001,0.005015,1
vitamin e,epilepsy,1.0,0.082008,1.0672,4.5e-05,0.00501,1
vitamin e,alzheimer disease,1.0,0.089239,1.1324,7.7e-05,0.005016,1
acetaminophen,temporomandibular joint disorders,1.0,0.007287,1.047,4.6e-05,0.005005,1
acetaminophen,"arthritis, rheumatoid",1.0,0.011551,1.1241,0.000697,0.005027,1
acetaminophen,common cold,1.0,0.006453,1.0425,1.8e-05,0.005004,1
acetaminophen,"leukemia, hairy cell",1.0,0.007329,1.0476,8.3e-05,0.005007,1
acetaminophen,pain,1.0,0.010122,1.0742,0.000339,0.005018,1
acetaminophen,"dementia, vascular",1.0,0.006055,1.0523,7.3e-05,0.005008,1
acetaminophen,dementia,1.0,0.013055,1.1263,0.000935,0.005028,1
acetaminophen,lung neoplasms,1.0,0.007563,1.0698,0.00022,0.005014,1
acetaminophen,"multiple sclerosis, relapsing-remitting",1.0,0.007309,1.0473,7.3e-05,0.005005,1
acetaminophen,headache,1.0,0.007602,1.0485,8.3e-05,0.005008,1
acetaminophen,obesity,1.0,0.012689,1.167,0.000972,0.005035,1
acetaminophen,hypertension,1.0,0.011424,1.1431,0.000908,0.005029,1
acetaminophen,small cell lung carcinoma,1.0,0.007091,1.0496,8.3e-05,0.005008,1
acetaminophen,hyperalgesia,1.0,0.006164,1.044,3.7e-05,0.005005,1
acetaminophen,respiratory tract infections,1.0,0.007848,1.0446,5.5e-05,0.005004,1
acetaminophen,carcinoma,1.0,0.007994,1.0758,0.000293,0.005015,1
acetaminophen,"pain, postoperative",1.0,0.007335,1.0511,0.000101,0.005009,1
acetaminophen,acute pain,1.0,0.005646,1.0432,1.8e-05,0.005004,1
acetaminophen,"multiple sclerosis, chronic progressive",1.0,0.005752,1.046,3.7e-05,0.005005,1
acetaminophen,pre-eclampsia,1.0,0.008086,1.0599,0.000193,0.005012,1
acetaminophen,epilepsy,1.0,0.01073,1.1042,0.000605,0.005024,1
acetaminophen,alzheimer disease,1.0,0.013075,1.1716,0.001045,0.005035,1
acetaminophen,cleft palate,1.0,0.005704,1.0438,2.8e-05,0.005004,1
acetaminophen,renal colic,1.0,0.005577,1.0432,1.8e-05,0.005004,1
acetaminophen,arthritis,1.0,0.008373,1.0722,0.000321,0.005015,1
acetaminophen,breast neoplasms,1.0,0.009506,1.1054,0.000523,0.00502,1
acetaminophen,"obesity, morbid",1.0,0.008117,1.0504,0.00011,0.005006,1
riluzole,amyotrophic lateral sclerosis,1.0,0.074942,1.0062,2e-06,0.005001,1
riluzole,alzheimer disease,1.0,0.098571,1.1305,7.7e-05,0.005014,1
imatinib mesylate,"arthritis, rheumatoid",1.0,0.021747,1.0926,0.000258,0.005014,1
imatinib mesylate,gliosarcoma,1.0,0.016534,1.0258,5.8e-05,0.005006,1
imatinib mesylate,lung neoplasms,1.0,0.016751,1.0399,8.2e-05,0.005008,1
imatinib mesylate,scleredema adultorum,1.0,0.014645,1.0134,1e-05,0.005002,1
imatinib mesylate,leukemia,1.0,0.017423,1.0505,0.000115,0.005009,1
imatinib mesylate,melanoma,1.0,0.016405,1.0227,4.1e-05,0.005004,1
imatinib mesylate,asthma,1.0,0.019216,1.0615,0.000173,0.005009,1
imatinib mesylate,"leukemia, myelogenous, chronic, bcr-abl positive",1.0,0.015042,1.0226,3.1e-05,0.005004,1
imatinib mesylate,glioblastoma,1.0,0.017057,1.0318,7.5e-05,0.005007,1
imatinib mesylate,pulmonary arterial hypertension,1.0,0.016929,1.018,3.4e-05,0.005003,1
cyclodextrins,cough,1.0,0.210821,1.0032,2e-06,0.005001,1
trifluridine,colorectal neoplasms,1.0,0.14793,1.0196,7e-06,0.005003,1
sulindac,squamous cell carcinoma of head and neck,1.0,0.153018,1.008,4e-06,0.005001,1
alpha-tocopherol,down syndrome,1.0,0.078467,1.0075,3e-06,0.005001,1
alpha-tocopherol,alzheimer disease,1.0,0.099563,1.1305,7.7e-05,0.005015,1
antirheumatic agents,"arthritis, rheumatoid",1.0,0.057531,1.0851,0.000103,0.005013,1
antirheumatic agents,connective tissue diseases,1.0,0.050366,1.0055,4e-06,0.005001,1
antirheumatic agents,"lung diseases, interstitial",1.0,0.051622,1.0092,8e-06,0.005002,1
antirheumatic agents,arthritis,1.0,0.045344,1.0351,4.8e-05,0.005007,1
methylcellulose,irritable bowel syndrome,1.0,0.218651,1.0015,1e-06,0.005,1
amisulpride,psychophysiologic disorders,1.0,0.114008,1.0651,6e-05,0.005022,1
amisulpride,dementia,1.0,0.117642,1.0873,6.9e-05,0.005024,1
interferon beta-1a,multiple sclerosis,1.0,0.041365,1.0139,1.6e-05,0.005003,1
interferon beta-1a,covid-19,1.0,0.042842,1.0215,3e-05,0.005004,1
interferon beta-1a,coronavirus infections,1.0,0.035838,1.0108,8e-06,0.005002,1
interferon beta-1a,alzheimer disease,1.0,0.05089,1.132,0.000155,0.005016,1
sertraline,myocardial infarction,1.0,0.011657,1.0248,4.3e-05,0.005004,1
sertraline,psychophysiologic disorders,1.0,0.027747,1.0765,0.000423,0.005031,1
sertraline,sleep initiation and maintenance disorders,1.0,0.012227,1.0225,4.8e-05,0.005005,1
sertraline,heat stress disorders,1.0,0.011746,1.017,1.4e-05,0.005002,1
sertraline,dementia,1.0,0.029534,1.099,0.000485,0.005033,1
sertraline,"epilepsy, post-traumatic",1.0,0.013224,1.0271,6.2e-05,0.005007,1
sertraline,premenstrual syndrome,1.0,0.010625,1.0169,1e-05,0.005002,1
sertraline,seizures,1.0,0.014319,1.0332,0.000114,0.005012,1
sertraline,alcoholism,1.0,0.013188,1.0234,4.8e-05,0.005005,1
sertraline,rectal diseases,1.0,0.012135,1.0255,5.2e-05,0.005005,1
sertraline,heart diseases,1.0,0.013001,1.0299,8.6e-05,0.005006,1
sertraline,epilepsy,1.0,0.019478,1.0774,0.000314,0.005021,1
sertraline,cardiovascular diseases,1.0,0.015575,1.0794,0.000281,0.005012,1
sertraline,olfaction disorders,1.0,0.013902,1.019,2.4e-05,0.005002,1
hyaluronic acid,voice disorders,1.0,0.044291,1.0023,1e-06,0.005001,1
hyaluronic acid,"carcinoma, squamous cell",1.0,0.049017,1.0084,1.2e-05,0.005002,1
hyaluronic acid,laryngeal neoplasms,1.0,0.045695,1.0042,4e-06,0.005001,1
hyaluronic acid,head and neck neoplasms,1.0,0.048992,1.0175,1.8e-05,0.005002,1
leucovorin,"arthritis, rheumatoid",1.0,0.01749,1.0971,0.000336,0.005016,1
leucovorin,rectal neoplasms,1.0,0.014367,1.0224,2.6e-05,0.005005,1
leucovorin,pneumonia,1.0,0.016017,1.0224,6.2e-05,0.005005,1
leucovorin,gastrointestinal neoplasms,1.0,0.013306,1.0231,3.1e-05,0.005006,1
leucovorin,triple negative breast neoplasms,1.0,0.01443,1.0344,7.5e-05,0.005009,1
leucovorin,lymphoma,1.0,0.015702,1.0731,0.000221,0.005015,1
leucovorin,biliary tract neoplasms,1.0,0.013951,1.0231,4e-05,0.005007,1
leucovorin,"carcinoma, pancreatic ductal",1.0,0.012891,1.0203,2.6e-05,0.005005,1
leucovorin,carcinoma,1.0,0.016425,1.05,0.000141,0.005013,1
leucovorin,colorectal neoplasms,1.0,0.016676,1.0346,8.8e-05,0.00501,1
leucovorin,toxoplasmosis,1.0,0.01229,1.0168,9e-06,0.005002,1
leucovorin,stomach neoplasms,1.0,0.014824,1.0272,5.3e-05,0.005007,1
leucovorin,hiv infections,1.0,0.023661,1.1374,0.00053,0.005023,1
lidocaine,pain,1.0,0.029166,1.0454,7.5e-05,0.00501,1
lidocaine,stroke,1.0,0.028383,1.0399,5.7e-05,0.005007,1
lidocaine,obesity,1.0,0.034799,1.1357,0.000216,0.005023,1
lidocaine,hypertension,1.0,0.033525,1.1124,0.000202,0.00502,1
lidocaine,synesthesia,1.0,0.029434,1.032,5.9e-05,0.005008,1
lidocaine,breast neoplasms,1.0,0.028885,1.0758,0.000116,0.00501,1
beclomethasone,bronchopulmonary dysplasia,1.0,0.025948,1.0056,7e-06,0.005002,1
beclomethasone,respiratory sounds,1.0,0.031729,1.0073,1.2e-05,0.005002,1
beclomethasone,hyaline membrane disease,1.0,0.024148,1.0046,2e-06,0.005001,1
beclomethasone,asthma,1.0,0.04238,1.0539,0.000121,0.005011,1
beclomethasone,respiratory tract diseases,1.0,0.027844,1.005,5e-06,0.005001,1
beclomethasone,"pulmonary disease, chronic obstructive",1.0,0.037511,1.0218,5.7e-05,0.005008,1
beclomethasone,lung diseases,1.0,0.032448,1.0154,3.8e-05,0.005006,1
estradiol,neoplasms,1.0,0.045537,1.0427,4.8e-05,0.005007,1
estradiol,metrorrhagia,1.0,0.039563,1.0071,1e-06,0.005001,1
estradiol,cardiovascular diseases,1.0,0.047178,1.0702,8e-05,0.005009,1
estradiol,breast neoplasms,1.0,0.051171,1.0694,7.7e-05,0.00501,1
biological products,"arthritis, rheumatoid",1.0,0.165332,1.0829,2.6e-05,0.00501,1
"lidocaine, prilocaine drug combination",tinnitus,1.0,0.456929,1.0004,0.0,0.005,1
albumin-bound paclitaxel,esophageal neoplasms,1.0,0.030633,1.0175,2e-05,0.005005,1
albumin-bound paclitaxel,carcinoma,1.0,0.038022,1.038,5.4e-05,0.005009,1
albumin-bound paclitaxel,"carcinoma, non-small-cell lung",1.0,0.03474,1.0247,3.4e-05,0.005006,1
albumin-bound paclitaxel,squamous cell carcinoma of head and neck,1.0,0.035566,1.0116,1.9e-05,0.005004,1
albumin-bound paclitaxel,"carcinoma, squamous cell",1.0,0.032136,1.0103,1.5e-05,0.005003,1
imipenem,"arthritis, rheumatoid",1.0,0.165332,1.0829,2.6e-05,0.00501,1
prednisone,"lymphoma, non-hodgkin",1.0,0.00666,1.0766,0.0003,0.005025,1
prednisone,"lymphoma, follicular",1.0,0.005171,1.0631,0.000157,0.005015,1
prednisone,"lymphoma, b-cell",1.0,0.004994,1.0622,0.000128,0.005016,1
prednisone,canavan disease,1.0,0.003845,1.0501,2.9e-05,0.005006,1
prednisone,"arthritis, rheumatoid",1.0,0.008816,1.1313,0.001084,0.005029,1
prednisone,graft vs host disease,1.0,0.004981,1.063,0.000171,0.005014,1
prednisone,spinocerebellar degenerations,1.0,0.004961,1.0544,7.1e-05,0.005013,1
prednisone,kidney diseases,1.0,0.004514,1.0575,0.000114,0.00501,1
prednisone,"polyradiculoneuropathy, chronic inflammatory demyelinating",1.0,0.004961,1.0544,7.1e-05,0.005013,1
prednisone,neuromyelitis optica,1.0,0.005872,1.0641,0.000171,0.005018,1
prednisone,lambert-eaton myasthenic syndrome,1.0,0.004961,1.0544,7.1e-05,0.005013,1
prednisone,crohn disease,1.0,0.004478,1.0557,0.000114,0.005008,1
prednisone,tuberculosis,1.0,0.005464,1.0655,0.000285,0.005012,1
prednisone,prostatic neoplasms,1.0,0.006272,1.0763,0.000385,0.005015,1
prednisone,immune reconstitution inflammatory syndrome,1.0,0.003718,1.0491,1.4e-05,0.005005,1
prednisone,"muscular dystrophy, duchenne",1.0,0.003718,1.0491,1.4e-05,0.005005,1
prednisone,precursor cell lymphoblastic leukemia-lymphoma,1.0,0.007053,1.0793,0.000328,0.005027,1
prednisone,"vasculitis, central nervous system",1.0,0.004961,1.0544,7.1e-05,0.005013,1
prednisone,"lupus erythematosus, systemic",1.0,0.005011,1.0638,0.000214,0.005012,1
prednisone,"lymphoma, large-cell, anaplastic",1.0,0.004291,1.0558,7.1e-05,0.00501,1
prednisone,"histiocytosis, langerhans-cell",1.0,0.005348,1.059,0.000157,0.005014,1
prednisone,lymphoma,1.0,0.009998,1.1065,0.000713,0.005039,1
prednisone,status asthmaticus,1.0,0.003819,1.0514,2.9e-05,0.005007,1
prednisone,nasal polyps,1.0,0.003904,1.0496,2.9e-05,0.005006,1
prednisone,retroperitoneal fibrosis,1.0,0.003718,1.0491,1.4e-05,0.005005,1
prednisone,leukemia,1.0,0.008258,1.0878,0.000485,0.005031,1
prednisone,rhinosinusitis,1.0,0.003718,1.0491,1.4e-05,0.005005,1
prednisone,"lymphoma, t-cell, peripheral",1.0,0.004626,1.0558,8.6e-05,0.00501,1
prednisone,myasthenia gravis,1.0,0.00574,1.056,0.0001,0.005014,1
prednisone,autoimmune diseases of the nervous system,1.0,0.005298,1.0554,0.0001,0.005014,1
prednisone,stiff-person syndrome,1.0,0.004961,1.0544,7.1e-05,0.005013,1
prednisone,"lymphoma, large b-cell, diffuse",1.0,0.005056,1.063,0.000143,0.005016,1
prednisone,opsoclonus-myoclonus syndrome,1.0,0.004961,1.0544,7.1e-05,0.005013,1
prednisone,asthma,1.0,0.008043,1.0991,0.000727,0.005021,1
prednisone,precancerous conditions,1.0,0.005052,1.0613,0.000143,0.005014,1
prednisone,multiple myeloma,1.0,0.006706,1.0753,0.000328,0.005023,1
prednisone,alzheimer disease,1.0,0.00925,1.1791,0.001626,0.005031,1
prednisone,"hepatitis, alcoholic",1.0,0.005046,1.0509,4.3e-05,0.005006,1
prednisone,hiv infections,1.0,0.011249,1.1728,0.001712,0.005039,1
prednisone,autoimmune diseases,1.0,0.006253,1.0699,0.000257,0.00502,1
prednisone,"pulmonary disease, chronic obstructive",1.0,0.006308,1.0655,0.000342,0.005014,1
prednisone,lung diseases,1.0,0.005421,1.0589,0.000228,0.00501,1
loperamide,fecal incontinence,1.0,0.071341,1.0044,3e-06,0.005001,1
loperamide,dehydration,1.0,0.063965,1.0033,1e-06,0.005,1
loperamide,breast neoplasms,1.0,0.078751,1.0655,5.8e-05,0.005007,1
thiazolidinediones,diabetes mellitus,1.0,0.087026,1.087,4.9e-05,0.005013,1
thiazolidinediones,"diabetes mellitus, type 2",1.0,0.08757,1.0776,4.8e-05,0.005013,1
thiamine,obesity,1.0,0.125804,1.1264,7.2e-05,0.005013,1
thiamine,thiamine deficiency,1.0,0.100475,1.0048,1e-06,0.005,1
cannabidiol,parkinson disease,1.0,0.023984,1.0156,5.2e-05,0.005003,1
cannabidiol,cocaine-related disorders,1.0,0.021328,1.0079,2.1e-05,0.005002,1
cannabidiol,lennox gastaut syndrome,1.0,0.02007,1.0074,1.8e-05,0.005002,1
cannabidiol,tuberous sclerosis,1.0,0.018816,1.0063,1.2e-05,0.005002,1
cannabidiol,back pain,1.0,0.018223,1.0051,9e-06,0.005001,1
cannabidiol,sturge-weber syndrome,1.0,0.018011,1.0041,6e-06,0.005001,1
cannabidiol,substance-related disorders,1.0,0.019165,1.0091,2.8e-05,0.005002,1
cannabidiol,brain injuries,1.0,0.01908,1.009,1.8e-05,0.005002,1
cannabidiol,"epilepsies, myoclonic",1.0,0.019949,1.0051,1.2e-05,0.005002,1
benzolamide,ocular hypertension,1.0,0.084496,1.0059,1.3e-05,0.005004,1
benzolamide,"glaucoma, open-angle",1.0,0.095469,1.0075,1.6e-05,0.005005,1
benzolamide,glaucoma,1.0,0.081948,1.0142,2.2e-05,0.005005,1
erythromycin,obesity,1.0,0.160715,1.1258,3.6e-05,0.005013,1
delta sleep-inducing peptide,"osteoarthritis, knee",1.0,0.14809,1.0134,5e-06,0.005002,1
atropine,hypotension,1.0,0.021478,1.0193,5.1e-05,0.005004,1
atropine,amblyopia,1.0,0.017178,1.0081,7e-06,0.005001,1
atropine,hemorrhage,1.0,0.022268,1.0092,1.4e-05,0.005002,1
atropine,myopia,1.0,0.016592,1.0073,3e-06,0.005001,1
atropine,bradycardia,1.0,0.016883,1.0087,7e-06,0.005002,1
atropine,vomiting,1.0,0.024063,1.0204,6.1e-05,0.005007,1
atropine,synesthesia,1.0,0.02635,1.0261,9.8e-05,0.005008,1
atropine,postoperative nausea and vomiting,1.0,0.02382,1.0189,5.8e-05,0.005007,1
atropine,"arrhythmias, cardiac",1.0,0.017028,1.0082,7e-06,0.005001,1
atropine,breast neoplasms,1.0,0.02257,1.0697,0.000194,0.005009,1
pyridoxine,tuberculosis,1.0,0.035531,1.0218,3.4e-05,0.005003,1
pyridoxine,"lupus erythematosus, systemic",1.0,0.031575,1.0202,2.5e-05,0.005003,1
pyridoxine,spasm,1.0,0.034188,1.0081,1.2e-05,0.005002,1
pyridoxine,nodding syndrome,1.0,0.029636,1.0067,5e-06,0.005001,1
pyridoxine,epilepsy,1.0,0.041761,1.0657,0.000112,0.00501,1
atomoxetine hydrochloride,communication disorders,1.0,0.032648,1.0163,1.9e-05,0.005003,1
atomoxetine hydrochloride,memory disorders,1.0,0.029491,1.0109,5e-06,0.005001,1
atomoxetine hydrochloride,"sleep apnea, obstructive",1.0,0.033698,1.0154,1.7e-05,0.005002,1
atomoxetine hydrochloride,hypertension,1.0,0.042421,1.1077,0.000168,0.005016,1
atomoxetine hydrochloride,alzheimer disease,1.0,0.045941,1.1354,0.000194,0.005019,1
riboflavin,acidosis,1.0,0.043316,1.006,3e-06,0.005001,1
riboflavin,"arthritis, rheumatoid",1.0,0.054754,1.0858,0.000129,0.005011,1
riboflavin,stevens-johnson syndrome,1.0,0.040916,1.0055,2e-06,0.005001,1
riboflavin,autoimmune diseases,1.0,0.044573,1.0268,3.1e-05,0.005004,1
riboflavin,"pemphigoid, benign mucous membrane",1.0,0.040916,1.0055,2e-06,0.005001,1
teniposide,lymphoma,1.0,0.146996,1.059,1.7e-05,0.005006,1
dexpramipexole,asthma,1.0,0.08464,1.0551,3.5e-05,0.005008,1
dexpramipexole,alzheimer disease,1.0,0.089399,1.1319,7.7e-05,0.005016,1
"analgesics, opioid",pain,1.0,0.080414,1.0344,2.5e-05,0.005005,1
"analgesics, opioid",head and neck neoplasms,1.0,0.070867,1.0175,9e-06,0.005002,1
atorvastatin,hypotension,1.0,0.006133,1.0654,0.000163,0.005009,1
atorvastatin,"arthritis, rheumatoid",1.0,0.010242,1.1369,0.000826,0.005034,1
atorvastatin,dyslipidemias,1.0,0.006511,1.0723,0.000163,0.005016,1
atorvastatin,osteoarthritis,1.0,0.006239,1.0756,0.000283,0.005013,1
atorvastatin,diabetes mellitus,1.0,0.011728,1.1377,0.000782,0.005042,1
atorvastatin,metabolic syndrome,1.0,0.00723,1.0897,0.000348,0.005022,1
atorvastatin,prostatic neoplasms,1.0,0.006933,1.0816,0.000293,0.005015,1
atorvastatin,lipid metabolism disorders,1.0,0.004857,1.0567,3.3e-05,0.005006,1
atorvastatin,stroke,1.0,0.00747,1.0807,0.000304,0.005017,1
atorvastatin,hyperlipidemias,1.0,0.005586,1.0602,6.5e-05,0.005007,1
atorvastatin,obesity,1.0,0.012834,1.1803,0.001152,0.005045,1
atorvastatin,"lupus erythematosus, systemic",1.0,0.00575,1.0691,0.000163,0.005012,1
atorvastatin,hypertriglyceridemia,1.0,0.00474,1.0584,4.3e-05,0.005006,1
atorvastatin,lymphoma,1.0,0.007433,1.1119,0.000543,0.005023,1
atorvastatin,leukemia,1.0,0.006354,1.0931,0.000369,0.005018,1
atorvastatin,kidney neoplasms,1.0,0.005159,1.0724,0.000141,0.005011,1
atorvastatin,atherosclerosis,1.0,0.006903,1.0797,0.000228,0.00502,1
atorvastatin,"hypertension, renal",1.0,0.005306,1.0599,6.5e-05,0.005008,1
atorvastatin,hypercholesterolemia,1.0,0.006327,1.0714,0.000163,0.005016,1
atorvastatin,ovarian neoplasms,1.0,0.00559,1.071,0.000152,0.00501,1
atorvastatin,aids dementia complex,1.0,0.004796,1.0575,5.4e-05,0.005005,1
atorvastatin,"diabetes mellitus, type 2",1.0,0.011019,1.1278,0.000772,0.005038,1
atorvastatin,"diabetes mellitus, type 1",1.0,0.007026,1.0832,0.000315,0.005019,1
atorvastatin,coronary disease,1.0,0.006571,1.0716,0.000185,0.005016,1
atorvastatin,asthma,1.0,0.008459,1.1045,0.000554,0.005021,1
atorvastatin,aortic coarctation,1.0,0.004748,1.057,3.3e-05,0.005006,1
atorvastatin,cardiovascular diseases,1.0,0.010097,1.1189,0.000641,0.005034,1
atorvastatin,alzheimer disease,1.0,0.012769,1.1849,0.001239,0.005042,1
atorvastatin,nephrotic syndrome,1.0,0.004515,1.0574,3.3e-05,0.005005,1
atorvastatin,"pulmonary disease, chronic obstructive",1.0,0.006598,1.0708,0.000261,0.005012,1
atorvastatin,arthritis,1.0,0.00714,1.0844,0.00038,0.005018,1
atorvastatin,breast neoplasms,1.0,0.008176,1.118,0.000619,0.005024,1
moclobemide,psychophysiologic disorders,1.0,0.114008,1.0651,6e-05,0.005022,1
moclobemide,dementia,1.0,0.117642,1.0873,6.9e-05,0.005024,1
diosmin,"arthritis, rheumatoid",1.0,0.165332,1.0829,2.6e-05,0.00501,1
proton pump inhibitors,hypertension,1.0,0.066277,1.1027,0.000101,0.005013,1
proton pump inhibitors,peptic ulcer,1.0,0.052416,1.0057,3e-06,0.005001,1
proton pump inhibitors,liver cirrhosis,1.0,0.059842,1.0098,1e-05,0.005002,1
niacinamide,obesity,1.0,0.028788,1.138,0.000288,0.005024,1
niacinamide,non-alcoholic fatty liver disease,1.0,0.022833,1.0288,3.8e-05,0.005006,1
niacinamide,fatty liver,1.0,0.018993,1.0225,1.9e-05,0.005004,1
niacinamide,"diabetes mellitus, type 2",1.0,0.028503,1.0874,0.000193,0.005019,1
niacinamide,"renal insufficiency, chronic",1.0,0.021828,1.0384,7.1e-05,0.005008,1
niacinamide,pre-eclampsia,1.0,0.021731,1.0336,5.7e-05,0.005006,1
niacinamide,glaucoma,1.0,0.023551,1.0281,6e-05,0.005004,1
niacinamide,alzheimer disease,1.0,0.028327,1.1425,0.00031,0.005023,1
nitroprusside,anemia,1.0,0.152962,1.0154,5e-06,0.005002,1
bortezomib,"lymphoma, b-cell",1.0,0.010633,1.0303,4.6e-05,0.005007,1
bortezomib,hematologic neoplasms,1.0,0.00989,1.0193,2e-05,0.005003,1
bortezomib,"arthritis, rheumatoid",1.0,0.015867,1.0973,0.000387,0.005017,1
bortezomib,gliosarcoma,1.0,0.01205,1.0303,8.7e-05,0.005008,1
bortezomib,recurrence,1.0,0.011084,1.0271,5.1e-05,0.005006,1
bortezomib,amyloidosis,1.0,0.009612,1.0218,1.5e-05,0.005004,1
bortezomib,"lupus erythematosus, systemic",1.0,0.010921,1.0319,7.6e-05,0.005006,1
bortezomib,lymphoma,1.0,0.015946,1.0733,0.000255,0.005018,1
bortezomib,carcinoma,1.0,0.01346,1.0502,0.000163,0.005012,1
bortezomib,"lymphoma, t-cell, peripheral",1.0,0.010786,1.0241,3.1e-05,0.005005,1
bortezomib,myasthenia gravis,1.0,0.01131,1.0243,3.6e-05,0.005005,1
bortezomib,"carcinoma, non-small-cell lung",1.0,0.012602,1.0367,0.000102,0.005009,1
bortezomib,multiple myeloma,1.0,0.012863,1.0431,0.000117,0.005011,1
bortezomib,glioblastoma,1.0,0.01263,1.0363,0.000112,0.00501,1
bortezomib,hodgkin disease,1.0,0.013149,1.0312,7.6e-05,0.005007,1
sildenafil citrate,diabetes mellitus,1.0,0.018309,1.0969,0.000342,0.005017,1
sildenafil citrate,hypertension,1.0,0.022656,1.1147,0.000471,0.005021,1
sildenafil citrate,atherosclerosis,1.0,0.013939,1.041,0.0001,0.005008,1
sildenafil citrate,"hypertension, renal",1.0,0.012324,1.0219,2.9e-05,0.005004,1
sildenafil citrate,"anemia, sickle cell",1.0,0.013048,1.0332,8.1e-05,0.005005,1
sildenafil citrate,erectile dysfunction,1.0,0.011715,1.0164,1e-05,0.005002,1
sildenafil citrate,idiopathic pulmonary fibrosis,1.0,0.012176,1.0169,1.4e-05,0.005002,1
sildenafil citrate,hyperplasia,1.0,0.011313,1.0155,5e-06,0.005002,1
sildenafil citrate,"hypertension, pulmonary",1.0,0.015096,1.0217,5.2e-05,0.005004,1
sildenafil citrate,hernia,1.0,0.011313,1.0155,5e-06,0.005002,1
sildenafil citrate,pulmonary arterial hypertension,1.0,0.014778,1.0213,4.8e-05,0.005004,1
sildenafil citrate,"lung diseases, interstitial",1.0,0.013802,1.0194,2.9e-05,0.005003,1
sildenafil citrate,"pulmonary disease, chronic obstructive",1.0,0.015478,1.0324,0.000114,0.005006,1
sildenafil citrate,arthritis,1.0,0.015141,1.0456,0.000166,0.005008,1
dextroamphetamine,dementia,1.0,0.095615,1.0893,6.9e-05,0.005016,1
dextroamphetamine,alzheimer disease,1.0,0.090703,1.1331,7.7e-05,0.005018,1
albendazole,neurocysticercosis,1.0,0.09835,1.0029,1e-06,0.005001,1
albendazole,epilepsy,1.0,0.120254,1.0636,4.5e-05,0.005009,1
colchicine,cardiovascular diseases,1.0,0.075982,1.067,4e-05,0.005008,1
colchicine,arthritis,1.0,0.075135,1.0342,2.4e-05,0.005005,1
oxymetazoline,"rhinitis, allergic",1.0,0.100214,1.0048,5e-06,0.005001,1
oxymetazoline,sleep apnea syndromes,1.0,0.077151,1.0093,7e-06,0.005001,1
streptozocin,pancreatic neoplasms,1.0,0.149272,1.0211,5e-06,0.005002,1
carnosine,peripheral arterial disease,1.0,0.156423,1.0055,2e-06,0.005001,1
citalopram,psychophysiologic disorders,1.0,0.040911,1.0727,0.000212,0.005025,1
citalopram,dementia,1.0,0.042691,1.095,0.000242,0.005028,1
citalopram,ischemia,1.0,0.026589,1.013,7e-06,0.005001,1
citalopram,stroke,1.0,0.033756,1.0388,6.7e-05,0.005007,1
citalopram,acute coronary syndrome,1.0,0.022981,1.0182,1.4e-05,0.005002,1
citalopram,irritable bowel syndrome,1.0,0.033674,1.0129,5e-06,0.005001,1
citalopram,alzheimer disease,1.0,0.035418,1.139,0.000271,0.005022,1
oxazepam,psychophysiologic disorders,1.0,0.114008,1.0651,6e-05,0.005022,1
oxazepam,dementia,1.0,0.117642,1.0873,6.9e-05,0.005024,1
doxepin,psychophysiologic disorders,1.0,0.064435,1.0692,0.000121,0.005024,1
doxepin,sleep initiation and maintenance disorders,1.0,0.037401,1.0155,1.4e-05,0.005003,1
doxepin,dementia,1.0,0.066769,1.0914,0.000139,0.005026,1
doxepin,hiv infections,1.0,0.048892,1.1292,0.000163,0.005018,1
acyclovir,hiv infections,1.0,0.133397,1.124,8.2e-05,0.005015,1
acyclovir,herpes genitalis,1.0,0.100433,1.004,1e-06,0.005,1
olive oil,dry eye syndromes,1.0,0.052931,1.0057,1e-05,0.005002,1
olive oil,tobacco use disorder,1.0,0.052645,1.0066,1e-05,0.005001,1
olive oil,"obstetric labor, premature",1.0,0.043099,1.0022,1e-06,0.005001,1
olive oil,sjogren's syndrome,1.0,0.051455,1.0153,1.8e-05,0.005002,1
levobupivacaine,pain,1.0,0.081054,1.0344,2.5e-05,0.005005,1
levobupivacaine,pre-eclampsia,1.0,0.081318,1.0207,1.4e-05,0.005003,1
timolol,ocular hypertension,1.0,0.074334,1.0062,1.8e-05,0.005005,1
timolol,"glaucoma, open-angle",1.0,0.083987,1.0078,2.2e-05,0.005005,1
timolol,low tension glaucoma,1.0,0.042328,1.0018,3e-06,0.005001,1
timolol,glaucoma,1.0,0.072442,1.0145,3e-05,0.005005,1
isotretinoin,aphasia,1.0,0.042538,1.0086,1e-06,0.005001,1
isotretinoin,"glomerulosclerosis, focal segmental",1.0,0.04643,1.0099,4e-06,0.005001,1
isotretinoin,alzheimer disease,1.0,0.059568,1.1349,0.000155,0.005017,1
isotretinoin,hiv infections,1.0,0.059592,1.1289,0.000163,0.005018,1
pamidronate,multiple myeloma,1.0,0.143719,1.0281,8e-06,0.005003,1
diphenhydramine,psychophysiologic disorders,1.0,0.032421,1.0706,0.000242,0.005023,1
diphenhydramine,"leukemia, hairy cell",1.0,0.022747,1.0166,2.4e-05,0.005004,1
diphenhydramine,dementia,1.0,0.034027,1.0929,0.000277,0.005026,1
diphenhydramine,lung neoplasms,1.0,0.022228,1.0381,6.5e-05,0.005008,1
diphenhydramine,chronic urticaria,1.0,0.024168,1.0117,1.1e-05,0.005002,1
diphenhydramine,headache,1.0,0.019382,1.0174,2.4e-05,0.005003,1
diphenhydramine,small cell lung carcinoma,1.0,0.022107,1.0185,2.4e-05,0.005005,1
diphenhydramine,carcinoma,1.0,0.023318,1.0439,8.7e-05,0.005009,1
glutathione,breast neoplasms,1.0,0.156874,1.0645,1.9e-05,0.005007,1
torsemide,genetic predisposition to disease,1.0,0.049573,1.0067,3e-06,0.005001,1
torsemide,hypertension,1.0,0.070785,1.1034,0.000101,0.005014,1
torsemide,"renal insufficiency, chronic",1.0,0.058574,1.0278,2.6e-05,0.005005,1
insulin detemir,diabetes mellitus,1.0,0.039733,1.0966,0.000147,0.005019,1
insulin detemir,obesity,1.0,0.040281,1.1377,0.000216,0.005024,1
insulin detemir,weight gain,1.0,0.029256,1.0161,6e-06,0.005001,1
insulin detemir,"diabetes mellitus, type 2",1.0,0.038359,1.0871,0.000145,0.005021,1
insulin detemir,"diabetes, gestational",1.0,0.027591,1.0234,1.6e-05,0.005004,1
insulin detemir,alzheimer disease,1.0,0.036893,1.1422,0.000232,0.005023,1
eplerenone,metabolic syndrome,1.0,0.028265,1.0474,6.5e-05,0.005011,1
eplerenone,insulin resistance,1.0,0.027463,1.0339,4.5e-05,0.005008,1
eplerenone,obesity,1.0,0.040079,1.1345,0.000216,0.005025,1
eplerenone,hypertension,1.0,0.037659,1.1112,0.000202,0.005022,1
eplerenone,overweight,1.0,0.027159,1.0324,4.1e-05,0.005007,1
eplerenone,essential hypertension,1.0,0.02592,1.0261,3.1e-05,0.005007,1
famotidine,"spasms, infantile",1.0,0.07634,1.0065,3e-06,0.005001,1
famotidine,hiv infections,1.0,0.094594,1.1237,8.2e-05,0.005015,1
ticagrelor,"arthritis, rheumatoid",1.0,0.023576,1.0934,0.000232,0.005013,1
ticagrelor,diabetes mellitus,1.0,0.027528,1.0942,0.00022,0.005019,1
ticagrelor,stroke,1.0,0.024647,1.0393,8.6e-05,0.005009,1
ticagrelor,coronary artery disease,1.0,0.021065,1.0332,6.1e-05,0.005008,1
ticagrelor,intracranial arteriosclerosis,1.0,0.018294,1.017,1.8e-05,0.005003,1
ticagrelor,"diabetes mellitus, type 2",1.0,0.026431,1.0846,0.000217,0.005018,1
ticagrelor,ischemic stroke,1.0,0.020166,1.0158,1.5e-05,0.005003,1
ticagrelor,"ischemic attack, transient",1.0,0.016575,1.0143,6e-06,0.005002,1
ticagrelor,peripheral arterial disease,1.0,0.019999,1.0173,1.5e-05,0.005003,1
epothilones,melanoma,1.0,0.148079,1.0117,4e-06,0.005002,1
megestrol acetate,anorexia,1.0,0.069033,1.0051,2e-06,0.005001,1
megestrol acetate,cachexia,1.0,0.067179,1.0043,1e-06,0.005,1
megestrol acetate,hiv infections,1.0,0.093169,1.1243,0.000122,0.005015,1
epinephrine,"osteoarthritis, knee",1.0,0.010382,1.0287,0.000114,0.005009,1
epinephrine,joint diseases,1.0,0.009345,1.0215,7.3e-05,0.005006,1
epinephrine,osteoarthritis,1.0,0.011357,1.0382,0.000212,0.005011,1
epinephrine,"leukemia, hairy cell",1.0,0.008953,1.0227,7.3e-05,0.005005,1
epinephrine,pain,1.0,0.012586,1.0486,0.000302,0.005014,1
epinephrine,inflammation,1.0,0.007974,1.028,9.8e-05,0.005006,1
epinephrine,lung neoplasms,1.0,0.009213,1.0444,0.000196,0.00501,1
epinephrine,cataract,1.0,0.007666,1.0223,4.9e-05,0.005005,1
epinephrine,st elevation myocardial infarction,1.0,0.00709,1.0196,2.4e-05,0.005004,1
epinephrine,hematoma,1.0,0.006829,1.0164,8e-06,0.005003,1
epinephrine,bronchiolitis,1.0,0.007457,1.0178,3.3e-05,0.005004,1
epinephrine,small cell lung carcinoma,1.0,0.008752,1.0247,7.3e-05,0.005007,1
epinephrine,vomiting,1.0,0.010706,1.0294,0.000147,0.00501,1
epinephrine,ankle fractures,1.0,0.0079,1.0177,2.4e-05,0.005005,1
epinephrine,ecchymosis,1.0,0.006829,1.0164,8e-06,0.005003,1
epinephrine,carcinoma,1.0,0.009583,1.0502,0.000261,0.005011,1
epinephrine,"pain, postoperative",1.0,0.008877,1.0261,9e-05,0.005007,1
epinephrine,no-reflow phenomenon,1.0,0.006829,1.0164,8e-06,0.005003,1
epinephrine,"death, sudden, cardiac",1.0,0.007566,1.0175,1.6e-05,0.005004,1
epinephrine,ventricular fibrillation,1.0,0.007566,1.0175,1.6e-05,0.005004,1
epinephrine,pulmonary arterial hypertension,1.0,0.008424,1.0224,8.2e-05,0.005004,1
epinephrine,tachycardia,1.0,0.007566,1.0175,1.6e-05,0.005004,1
epinephrine,postoperative nausea and vomiting,1.0,0.010582,1.028,0.000139,0.005009,1
epinephrine,heart arrest,1.0,0.009966,1.0194,4.9e-05,0.005004,1
fenfluramine,hepatic encephalopathy,1.0,0.015828,1.0119,1.1e-05,0.005002,1
fenfluramine,"epilepsy, reflex",1.0,0.01443,1.0127,1.1e-05,0.005002,1
fenfluramine,obesity,1.0,0.024357,1.1329,0.000396,0.005019,1
fenfluramine,vascular diseases,1.0,0.01497,1.0129,1.5e-05,0.005002,1
fenfluramine,seizures,1.0,0.020165,1.028,9e-05,0.005009,1
fenfluramine,lennox gastaut syndrome,1.0,0.016095,1.0144,2.2e-05,0.005003,1
fenfluramine,heart diseases,1.0,0.016999,1.0247,6.7e-05,0.005005,1
fenfluramine,"spasms, infantile",1.0,0.016135,1.0133,1.9e-05,0.005002,1
fenfluramine,epilepsy,1.0,0.027077,1.072,0.000247,0.005016,1
fenfluramine,"epilepsies, myoclonic",1.0,0.015864,1.0121,1.5e-05,0.005002,1
fenfluramine,drug resistant epilepsy,1.0,0.017527,1.0149,2.6e-05,0.005003,1
venlafaxine hydrochloride,psychophysiologic disorders,1.0,0.038832,1.0694,0.000212,0.005025,1
venlafaxine hydrochloride,osteoarthritis,1.0,0.023611,1.0309,6.2e-05,0.005006,1
venlafaxine hydrochloride,pain,1.0,0.026486,1.0412,8.8e-05,0.005009,1
venlafaxine hydrochloride,recurrence,1.0,0.021042,1.0198,2.4e-05,0.005002,1
venlafaxine hydrochloride,dementia,1.0,0.040981,1.0917,0.000242,0.005027,1
venlafaxine hydrochloride,rectal diseases,1.0,0.021912,1.0187,2.6e-05,0.005005,1
venlafaxine hydrochloride,"brain injuries, traumatic",1.0,0.025368,1.0147,1.9e-05,0.005003,1
tenofovir,hiv-associated lipodystrophy syndrome,1.0,0.012469,1.0293,8.7e-05,0.00501,1
tenofovir,"bone diseases, metabolic",1.0,0.010768,1.0207,2.9e-05,0.005006,1
tenofovir,hepatitis d,1.0,0.010212,1.0195,1.7e-05,0.005004,1
tenofovir,tuberculosis,1.0,0.013095,1.035,0.000115,0.00501,1
tenofovir,aids-related opportunistic infections,1.0,0.010425,1.0209,2.9e-05,0.005006,1
tenofovir,"liver cirrhosis, biliary",1.0,0.00907,1.0192,1.7e-05,0.005003,1
tenofovir,lymphoma,1.0,0.012543,1.0748,0.000289,0.005016,1
tenofovir,neoplasms,1.0,0.011142,1.0537,0.000202,0.005011,1
tenofovir,central nervous system neoplasms,1.0,0.009926,1.0371,9.8e-05,0.005008,1
tenofovir,"hepatitis b, chronic",1.0,0.013399,1.0233,5.8e-05,0.005008,1
tenofovir,hepatitis b,1.0,0.011544,1.0219,4.6e-05,0.005007,1
tenofovir,acquired immunodeficiency syndrome,1.0,0.0146,1.033,0.000133,0.005013,1
tenofovir,hepatitis c,1.0,0.013278,1.0267,8.1e-05,0.005009,1
tenofovir,infections,1.0,0.014151,1.0292,0.000104,0.005011,1
tenofovir,cardiovascular diseases,1.0,0.01439,1.0815,0.000341,0.005016,1
tenofovir,hiv infections,1.0,0.027714,1.1392,0.000693,0.005034,1
tenofovir,post-acute covid-19 syndrome,1.0,0.010614,1.0229,4e-05,0.005006,1
vilazodone hydrochloride,olfaction disorders,1.0,0.175106,1.0039,2e-06,0.005001,1
fulvestrant,breast neoplasms,1.0,0.156874,1.0645,1.9e-05,0.005007,1
sorbitol,parkinson disease,1.0,0.045205,1.0182,2.3e-05,0.005003,1
sorbitol,non-alcoholic fatty liver disease,1.0,0.040884,1.0197,1.9e-05,0.005003,1
sorbitol,infections,1.0,0.039557,1.0176,2.4e-05,0.005003,1
sorbitol,alzheimer disease,1.0,0.050571,1.1324,0.000155,0.005016,1
quetiapine fumarate,psychophysiologic disorders,1.0,0.044144,1.0725,0.000181,0.005026,1
quetiapine fumarate,parkinson disease,1.0,0.030621,1.0239,3.5e-05,0.005005,1
quetiapine fumarate,"dementia, vascular",1.0,0.023565,1.0229,1.6e-05,0.005003,1
quetiapine fumarate,dementia,1.0,0.046245,1.0948,0.000208,0.005029,1
quetiapine fumarate,metabolic syndrome,1.0,0.026501,1.0473,6.5e-05,0.005008,1
quetiapine fumarate,alzheimer disease,1.0,0.039004,1.1389,0.000232,0.005023,1
carticaine,pain,1.0,0.155182,1.0335,1.3e-05,0.005005,1
chloral hydrate,psychophysiologic disorders,1.0,0.080802,1.0672,9.1e-05,0.005025,1
chloral hydrate,dementia,1.0,0.083839,1.0894,0.000104,0.005027,1
chloral hydrate,epilepsy,1.0,0.060033,1.0681,6.7e-05,0.005015,1
cysteamine,mitochondrial diseases,1.0,0.456932,1.0006,1e-06,0.005,1
rivastigmine,communication disorders,1.0,0.022809,1.0225,2.6e-05,0.005005,1
rivastigmine,psychophysiologic disorders,1.0,0.038922,1.0757,0.000212,0.005027,1
rivastigmine,parkinson disease,1.0,0.026395,1.027,4e-05,0.005005,1
rivastigmine,dementia,1.0,0.041659,1.0981,0.000242,0.005031,1
rivastigmine,stroke,1.0,0.024676,1.0418,6.7e-05,0.005007,1
rivastigmine,alzheimer disease,1.0,0.034876,1.1423,0.000271,0.005025,1
rivastigmine,hiv infections,1.0,0.030623,1.1362,0.000285,0.005021,1
interleukin-12,cryptosporidiosis,1.0,0.139907,1.005,1e-06,0.005,1
interleukin-12,hiv infections,1.0,0.118784,1.1244,8.2e-05,0.005015,1
methazolamide,hypertension,1.0,0.064443,1.103,0.000101,0.005013,1
methazolamide,glaucoma,1.0,0.065385,1.0173,2.2e-05,0.005003,1
methazolamide,altitude sickness,1.0,0.05007,1.0053,3e-06,0.005001,1
calcium channel blockers,hypertension,1.0,0.164149,1.102,3.4e-05,0.005012,1
isoniazid,tuberculosis,1.0,0.045027,1.0225,2.7e-05,0.005005,1
isoniazid,"lupus erythematosus, systemic",1.0,0.039404,1.0209,2e-05,0.005003,1
isoniazid,hiv infections,1.0,0.063898,1.1255,0.000163,0.005018,1
isoniazid,"tuberculosis, pulmonary",1.0,0.043159,1.0064,4e-06,0.005001,1
isoproterenol,atrial fibrillation,1.0,0.161451,1.0074,2e-06,0.005001,1
captopril,pre-eclampsia,1.0,0.158704,1.0195,7e-06,0.005003,1
granulocyte colony-stimulating factor,"lymphoma, non-hodgkin",1.0,0.010715,1.0501,0.000143,0.005017,1
granulocyte colony-stimulating factor,"lymphoma, large-cell, immunoblastic",1.0,0.009664,1.0393,8.2e-05,0.005013,1
granulocyte colony-stimulating factor,neuromyelitis optica,1.0,0.00944,1.038,8.2e-05,0.00501,1
granulocyte colony-stimulating factor,precursor cell lymphoblastic leukemia-lymphoma,1.0,0.011706,1.0528,0.000156,0.005021,1
granulocyte colony-stimulating factor,rhabdomyosarcoma,1.0,0.010131,1.0365,8.8e-05,0.005009,1
granulocyte colony-stimulating factor,burkitt lymphoma,1.0,0.010151,1.0442,0.000102,0.005016,1
granulocyte colony-stimulating factor,myelodysplastic syndromes,1.0,0.012643,1.0536,0.000197,0.00502,1
granulocyte colony-stimulating factor,neutropenia,1.0,0.008368,1.028,3.4e-05,0.005006,1
granulocyte colony-stimulating factor,"leukemia, myeloid, acute",1.0,0.011911,1.0522,0.00017,0.005017,1
granulocyte colony-stimulating factor,"leukemia, lymphocytic, chronic, b-cell",1.0,0.01038,1.0406,0.000115,0.005013,1
granulocyte colony-stimulating factor,"anemia, sickle cell",1.0,0.009775,1.0402,0.000115,0.005012,1
granulocyte colony-stimulating factor,mediastinal neoplasms,1.0,0.009664,1.0393,8.2e-05,0.005013,1
granulocyte colony-stimulating factor,agammaglobulinemia,1.0,0.007439,1.0226,7e-06,0.005003,1
granulocyte colony-stimulating factor,"leukemia, biphenotypic, acute",1.0,0.008364,1.0317,4.1e-05,0.005008,1
granulocyte colony-stimulating factor,infections,1.0,0.00985,1.0336,0.000122,0.005007,1
granulocyte colony-stimulating factor,multiple myeloma,1.0,0.011274,1.0489,0.000156,0.005017,1
granulocyte colony-stimulating factor,anemia,1.0,0.010772,1.0365,0.000102,0.00501,1
granulocyte colony-stimulating factor,hiv infections,1.0,0.017288,1.144,0.000815,0.005027,1
granulocyte colony-stimulating factor,sickle cell trait,1.0,0.007439,1.0226,7e-06,0.005003,1
granulocyte colony-stimulating factor,warts,1.0,0.007881,1.0245,2e-05,0.005003,1
chlorhexidine,bacteremia,1.0,0.456929,1.0004,0.0,0.005,1
magnesium sulfate,synesthesia,1.0,0.053047,1.0218,3.9e-05,0.005005,1
magnesium sulfate,"pain, postoperative",1.0,0.0469,1.0129,1.5e-05,0.005002,1
magnesium sulfate,pre-eclampsia,1.0,0.051948,1.0214,2.9e-05,0.005004,1
magnesium sulfate,mouth diseases,1.0,0.04079,1.003,1e-06,0.005001,1
tissue plasminogen activator,pulmonary embolism,1.0,0.28632,1.001,1e-06,0.005,1
carbamates,"epilepsy, partial, motor",1.0,0.034957,1.0052,2e-06,0.005001,1
carbamates,seizures,1.0,0.043335,1.0225,4.9e-05,0.005007,1
carbamates,lennox gastaut syndrome,1.0,0.038127,1.009,1.2e-05,0.005002,1
carbamates,essential tremor,1.0,0.034957,1.0052,2e-06,0.005001,1
carbamates,movement disorders,1.0,0.034957,1.0052,2e-06,0.005001,1
carbamates,epilepsy,1.0,0.052622,1.0663,0.000134,0.005012,1
pentoxifylline,"arthritis, rheumatoid",1.0,0.027475,1.0936,0.000232,0.005014,1
pentoxifylline,diabetic nephropathies,1.0,0.02015,1.0247,4.3e-05,0.005004,1
pentoxifylline,vascular diseases,1.0,0.018735,1.0151,1.2e-05,0.005002,1
pentoxifylline,atherosclerosis,1.0,0.020582,1.0386,6.4e-05,0.005007,1
pentoxifylline,cardiovascular diseases,1.0,0.025454,1.0763,0.00018,0.005014,1
pentoxifylline,hiv infections,1.0,0.028657,1.1337,0.000367,0.00502,1
pentoxifylline,"pancreatitis, alcoholic",1.0,0.017183,1.0131,3e-06,0.005001,1
pentoxifylline,pancreatitis,1.0,0.019185,1.0134,6e-06,0.005001,1
pentoxifylline,post-acute covid-19 syndrome,1.0,0.018659,1.018,2.1e-05,0.005003,1
chlorpheniramine,rhinitis,1.0,0.164583,1.0042,2e-06,0.005001,1
trimetazidine,coronary artery disease,1.0,0.076061,1.0245,1.4e-05,0.005004,1
trimetazidine,"diabetes mellitus, type 2",1.0,0.086138,1.0755,4.8e-05,0.00501,1
zalcitabine,hemophilia a,1.0,0.074853,1.0071,4e-06,0.005002,1
zalcitabine,hiv infections,1.0,0.102576,1.1237,8.2e-05,0.005016,1
rosuvastatin calcium,"arthritis, rheumatoid",1.0,0.016351,1.1081,0.000361,0.00502,1
rosuvastatin calcium,dyslipidemias,1.0,0.012845,1.0452,7.1e-05,0.005012,1
rosuvastatin calcium,diabetes mellitus,1.0,0.020628,1.1089,0.000342,0.005031,1
rosuvastatin calcium,"obesity, abdominal",1.0,0.013353,1.0289,1.4e-05,0.005003,1
rosuvastatin calcium,stroke,1.0,0.014911,1.0533,0.000133,0.005013,1
rosuvastatin calcium,hyperlipidemias,1.0,0.012056,1.0334,2.9e-05,0.005005,1
rosuvastatin calcium,hypertension,1.0,0.022367,1.1268,0.000471,0.005033,1
rosuvastatin calcium,atherosclerosis,1.0,0.014184,1.0524,0.0001,0.005016,1
rosuvastatin calcium,hypercholesterolemia,1.0,0.013056,1.0443,7.1e-05,0.005012,1
rosuvastatin calcium,diabetic neuropathies,1.0,0.012706,1.0376,6.2e-05,0.005007,1
rosuvastatin calcium,"diabetes mellitus, type 2",1.0,0.0189,1.0992,0.000338,0.005027,1
rosuvastatin calcium,coronary disease,1.0,0.0137,1.0445,8.1e-05,0.005014,1
rosuvastatin calcium,cardiovascular diseases,1.0,0.018087,1.0906,0.000281,0.005028,1
rosuvastatin calcium,hiv infections,1.0,0.018092,1.1488,0.000571,0.005024,1
meloxicam,biliary atresia,1.0,0.101673,1.002,1e-06,0.005,1
meloxicam,arthritis,1.0,0.115679,1.0322,2.4e-05,0.005005,1
fluticasone,skin diseases,1.0,0.012046,1.0091,1.1e-05,0.005002,1
fluticasone,"asthma, exercise-induced",1.0,0.013889,1.0102,2.2e-05,0.005004,1
fluticasone,"rhinitis, allergic",1.0,0.019196,1.0124,3.8e-05,0.005004,1
fluticasone,eosinophilic esophagitis,1.0,0.011983,1.0092,1.1e-05,0.005003,1
fluticasone,"conjunctivitis, allergic",1.0,0.01112,1.0088,5e-06,0.005002,1
fluticasone,bronchial spasm,1.0,0.013659,1.0094,1.6e-05,0.005003,1
fluticasone,bronchiolitis,1.0,0.012377,1.0104,2.2e-05,0.005003,1
fluticasone,nasal polyps,1.0,0.011306,1.0106,1.1e-05,0.005003,1
fluticasone,rhinitis,1.0,0.017492,1.0124,3.8e-05,0.005004,1
fluticasone,covid-19,1.0,0.01541,1.0246,0.00012,0.005006,1
fluticasone,asthma,1.0,0.026746,1.0583,0.000277,0.005014,1
fluticasone,blepharitis,1.0,0.01112,1.0088,5e-06,0.005002,1
fluticasone,bronchiolitis obliterans,1.0,0.011574,1.0094,1.1e-05,0.005002,1
fluticasone,"rhinitis, allergic, seasonal",1.0,0.017446,1.0101,2.2e-05,0.005003,1
fluticasone,"pulmonary disease, chronic obstructive",1.0,0.022214,1.026,0.00013,0.00501,1
fluticasone,lung diseases,1.0,0.01937,1.0197,8.7e-05,0.005008,1
ranibizumab,macular edema,1.0,0.050072,1.0089,6e-06,0.005002,1
ranibizumab,diabetes mellitus,1.0,0.059505,1.0852,7.3e-05,0.00501,1
ranibizumab,glaucoma,1.0,0.064121,1.0171,2.2e-05,0.005004,1
doxycycline,acne vulgaris,1.0,0.014104,1.0189,7e-06,0.005002,1
doxycycline,neuroinflammatory diseases,1.0,0.016691,1.0204,1.9e-05,0.005003,1
doxycycline,sexually transmitted diseases,1.0,0.016692,1.0196,1.9e-05,0.005002,1
doxycycline,obesity,1.0,0.022512,1.1402,0.000396,0.005024,1
doxycycline,syphilis,1.0,0.021493,1.0182,7e-06,0.005002,1
doxycycline,"diabetes mellitus, type 2",1.0,0.02092,1.0895,0.000265,0.005018,1
doxycycline,"renal insufficiency, chronic",1.0,0.02009,1.0404,9.7e-05,0.005008,1
doxycycline,"arthritis, reactive",1.0,0.01516,1.0188,1.1e-05,0.005002,1
doxycycline,alzheimer disease,1.0,0.025574,1.1447,0.000426,0.005023,1
doxycycline,autoimmune diseases,1.0,0.017762,1.0387,6.7e-05,0.005006,1
doxycycline,arthritis,1.0,0.018606,1.0476,0.000131,0.005008,1
exenatide,glucose intolerance,1.0,0.006787,1.0558,0.000168,0.005013,1
exenatide,"ventricular dysfunction, left",1.0,0.005288,1.047,5.6e-05,0.005008,1
exenatide,myocardial infarction,1.0,0.005778,1.0486,0.000101,0.005009,1
exenatide,parkinson disease,1.0,0.006826,1.0517,0.000191,0.005008,1
exenatide,"constriction, pathologic",1.0,0.004558,1.0438,2.2e-05,0.005006,1
exenatide,"shock, septic",1.0,0.006088,1.0424,4.5e-05,0.005005,1
exenatide,diabetes mellitus,1.0,0.013276,1.1231,0.000807,0.005038,1
exenatide,inflammation,1.0,0.005765,1.0514,0.000134,0.00501,1
exenatide,metabolic syndrome,1.0,0.007957,1.0757,0.000359,0.005022,1
exenatide,st elevation myocardial infarction,1.0,0.004671,1.0427,3.4e-05,0.005005,1
exenatide,hypoglycemia,1.0,0.005075,1.0461,6.7e-05,0.005007,1
exenatide,prediabetic state,1.0,0.006876,1.0529,0.000123,0.005012,1
exenatide,stroke,1.0,0.007661,1.0668,0.000314,0.005015,1
exenatide,obesity,1.0,0.014936,1.1651,0.001188,0.005044,1
exenatide,acute coronary syndrome,1.0,0.005361,1.0456,6.7e-05,0.005008,1
exenatide,coronary artery disease,1.0,0.007106,1.0605,0.000224,0.005016,1
exenatide,polycystic ovary syndrome,1.0,0.005871,1.0501,0.000101,0.005011,1
exenatide,atherosclerosis,1.0,0.006879,1.0658,0.000235,0.005017,1
exenatide,short bowel syndrome,1.0,0.004665,1.0414,2.2e-05,0.005005,1
exenatide,heart failure,1.0,0.007307,1.0546,0.000202,0.005012,1
exenatide,non-alcoholic fatty liver disease,1.0,0.007126,1.0533,0.000157,0.005013,1
exenatide,fatty liver,1.0,0.005587,1.0468,7.8e-05,0.005009,1
exenatide,"diabetes mellitus, type 2",1.0,0.014098,1.1133,0.000796,0.005041,1
exenatide,"diabetes mellitus, type 1",1.0,0.007977,1.0692,0.000325,0.005018,1
exenatide,"diabetes, gestational",1.0,0.006075,1.0481,9e-05,0.00501,1
exenatide,"renal insufficiency, chronic",1.0,0.007421,1.0631,0.000291,0.005015,1
exenatide,overweight,1.0,0.007057,1.0603,0.000224,0.005016,1
exenatide,brain injuries,1.0,0.004999,1.0449,6.7e-05,0.005006,1
exenatide,alzheimer disease,1.0,0.013624,1.1697,0.001278,0.005038,1
exenatide,autoimmune diseases,1.0,0.00559,1.0614,0.000202,0.005009,1
exenatide,craniopharyngioma,1.0,0.005076,1.0416,3.4e-05,0.005005,1
exenatide,hyperglycemia,1.0,0.005392,1.0488,7.8e-05,0.00501,1
exenatide,diabetes complications,1.0,0.004652,1.0418,2.2e-05,0.005005,1
epoetin alfa,"arthritis, rheumatoid",1.0,0.018101,1.1011,0.00031,0.005018,1
epoetin alfa,esophageal neoplasms,1.0,0.012998,1.0329,4.9e-05,0.005007,1
epoetin alfa,prostatic neoplasms,1.0,0.016745,1.0476,0.00011,0.005011,1
epoetin alfa,lymphoma,1.0,0.017273,1.0769,0.000204,0.00502,1
epoetin alfa,"hypoxia-ischemia, brain",1.0,0.011562,1.023,1.2e-05,0.005002,1
epoetin alfa,neoplasms,1.0,0.015146,1.0558,0.000143,0.005013,1
epoetin alfa,carcinoma,1.0,0.015472,1.0538,0.00013,0.005014,1
epoetin alfa,ovarian neoplasms,1.0,0.014217,1.0372,5.7e-05,0.005009,1
epoetin alfa,multiple myeloma,1.0,0.014467,1.0466,9.4e-05,0.00501,1
epoetin alfa,anemia,1.0,0.014423,1.0342,6.1e-05,0.005007,1
epoetin alfa,hiv infections,1.0,0.020654,1.1415,0.000489,0.005025,1
epoetin alfa,breast neoplasms,1.0,0.018243,1.0828,0.000232,0.005018,1
flunarizine,"epilepsy, absence",1.0,0.131511,1.0039,3e-06,0.005001,1
flunarizine,"myoclonic epilepsy, juvenile",1.0,0.118395,1.001,1e-06,0.005,1
procarbazine,lymphoma,1.0,0.080782,1.0598,3.4e-05,0.005007,1
procarbazine,precancerous conditions,1.0,0.07132,1.0166,7e-06,0.005002,1
mannitol,"brain injuries, traumatic",1.0,0.167554,1.0064,3e-06,0.005001,1
tiagabine,"epilepsies, partial",1.0,0.080374,1.009,7e-06,0.005002,1
tiagabine,olfaction disorders,1.0,0.090956,1.0044,3e-06,0.005001,1
certolizumab pegol,"arthritis, rheumatoid",1.0,0.092382,1.0835,5.2e-05,0.005011,1
certolizumab pegol,rheumatic fever,1.0,0.074196,1.0104,6e-06,0.005002,1
busulfan,"lymphoma, non-hodgkin",1.0,0.010674,1.0486,0.00015,0.005017,1
busulfan,graft vs host disease,1.0,0.0089,1.0354,8.6e-05,0.005011,1
busulfan,"leukemia, eosinophilic, acute",1.0,0.008498,1.0254,3.6e-05,0.005007,1
busulfan,recurrence,1.0,0.008922,1.0314,7.1e-05,0.005009,1
busulfan,precursor cell lymphoblastic leukemia-lymphoma,1.0,0.011498,1.0513,0.000164,0.005022,1
busulfan,x-linked combined immunodeficiency diseases,1.0,0.007859,1.0226,2.1e-05,0.005004,1
busulfan,myelodysplastic syndromes,1.0,0.014305,1.0521,0.000207,0.005025,1
busulfan,"leukemia, myeloid, acute",1.0,0.01327,1.0507,0.000178,0.005022,1
busulfan,lymphoma,1.0,0.015692,1.0777,0.000357,0.005029,1
busulfan,"leukemia, lymphocytic, chronic, b-cell",1.0,0.010303,1.0391,0.000121,0.005015,1
busulfan,leukemia,1.0,0.014338,1.0595,0.000242,0.005026,1
busulfan,neuroblastoma,1.0,0.009296,1.0303,7.1e-05,0.00501,1
busulfan,"anemia, sickle cell",1.0,0.009554,1.0387,0.000121,0.005013,1
busulfan,"anemia, refractory",1.0,0.008079,1.0254,3.6e-05,0.005007,1
busulfan,"leukemia, basophilic, acute",1.0,0.008498,1.0254,3.6e-05,0.005007,1
busulfan,"leukemia, monocytic, acute",1.0,0.007991,1.0248,2.9e-05,0.005006,1
busulfan,"leukemia, biphenotypic, acute",1.0,0.007845,1.0302,4.3e-05,0.005009,1
busulfan,multiple myeloma,1.0,0.011519,1.0474,0.000164,0.005019,1
busulfan,anemia,1.0,0.010555,1.035,0.000107,0.005013,1
busulfan,lymphoproliferative disorders,1.0,0.00911,1.032,7.1e-05,0.005012,1
busulfan,"anemia, refractory, with excess of blasts",1.0,0.008079,1.0254,3.6e-05,0.005007,1
clenbuterol,glycogen storage disease type ii,1.0,0.456929,1.0004,0.0,0.005,1
ribavirin,"hepatitis c, chronic",1.0,0.021655,1.0106,1.5e-05,0.005003,1
ribavirin,coinfection,1.0,0.018781,1.0081,9e-06,0.005002,1
ribavirin,hepatitis a,1.0,0.019315,1.008,9e-06,0.005002,1
ribavirin,"hepatitis b, chronic",1.0,0.023876,1.0127,3.1e-05,0.005005,1
ribavirin,substance-related disorders,1.0,0.019493,1.0126,2.8e-05,0.005003,1
ribavirin,hepatitis c,1.0,0.022985,1.0161,4.3e-05,0.005005,1
ribavirin,fibrosis,1.0,0.021275,1.0183,4.3e-05,0.005003,1
ribavirin,hiv infections,1.0,0.036657,1.1274,0.000367,0.00502,1
ribavirin,liver cirrhosis,1.0,0.020239,1.0127,3.1e-05,0.005002,1
enfuvirtide,leukoencephalopathies,1.0,0.081758,1.0044,1e-06,0.005001,1
enfuvirtide,hiv infections,1.0,0.109559,1.1237,8.2e-05,0.005015,1
tacrolimus,"lymphoma, non-hodgkin",1.0,0.007508,1.0588,0.000214,0.005018,1
tacrolimus,"lymphoma, follicular",1.0,0.007026,1.0455,0.000112,0.005015,1
tacrolimus,"lymphoma, b-cell",1.0,0.00623,1.0447,9.2e-05,0.005013,1
tacrolimus,hematologic neoplasms,1.0,0.005309,1.0335,4.1e-05,0.005005,1
tacrolimus,lymphocytosis,1.0,0.006499,1.0341,6.1e-05,0.005006,1
tacrolimus,"arthritis, rheumatoid",1.0,0.010942,1.1126,0.000774,0.005024,1
tacrolimus,dry eye syndromes,1.0,0.006418,1.0338,7.1e-05,0.005005,1
tacrolimus,graft vs host disease,1.0,0.006802,1.0454,0.000122,0.005014,1
tacrolimus,hematologic diseases,1.0,0.0054,1.0358,3.1e-05,0.005008,1
tacrolimus,kidney diseases,1.0,0.006281,1.04,8.2e-05,0.005011,1
tacrolimus,"leukemia, prolymphocytic",1.0,0.005688,1.0375,4.1e-05,0.00501,1
tacrolimus,waldenstrom macroglobulinemia,1.0,0.005688,1.0375,4.1e-05,0.00501,1
tacrolimus,precursor cell lymphoblastic leukemia-lymphoma,1.0,0.008828,1.0615,0.000234,0.005024,1
tacrolimus,"leukemia, plasma cell",1.0,0.005688,1.0375,4.1e-05,0.00501,1
tacrolimus,burkitt lymphoma,1.0,0.007095,1.0528,0.000153,0.005018,1
tacrolimus,myelodysplastic syndromes,1.0,0.009868,1.0623,0.000295,0.005024,1
tacrolimus,colitis,1.0,0.006499,1.0341,6.1e-05,0.005006,1
tacrolimus,"leukemia, myeloid, acute",1.0,0.00922,1.0609,0.000255,0.005022,1
tacrolimus,"leukemia, lymphocytic, chronic, b-cell",1.0,0.008142,1.0492,0.000173,0.005018,1
tacrolimus,renal insufficiency,1.0,0.006151,1.0397,0.000102,0.005006,1
tacrolimus,"anemia, sickle cell",1.0,0.007027,1.0488,0.000173,0.005014,1
tacrolimus,hermanski-pudlak syndrome,1.0,0.006499,1.0341,6.1e-05,0.005006,1
tacrolimus,"leukemia, myelomonocytic, chronic",1.0,0.005824,1.0385,6.1e-05,0.005009,1
tacrolimus,sjogren's syndrome,1.0,0.007182,1.0437,0.000132,0.005011,1
tacrolimus,"leukemia, myelogenous, chronic, bcr-abl positive",1.0,0.0066,1.0414,9.2e-05,0.005013,1
tacrolimus,multiple myeloma,1.0,0.008465,1.0576,0.000234,0.00502,1
tacrolimus,alzheimer disease,1.0,0.0104,1.1597,0.001161,0.005025,1
tacrolimus,precursor t-cell lymphoblastic leukemia-lymphoma,1.0,0.005513,1.0362,4.1e-05,0.005008,1
tacrolimus,liver cirrhosis,1.0,0.0061,1.0361,0.000102,0.005005,1
tacrolimus,"lymphoma, mantle-cell",1.0,0.006139,1.0379,5.1e-05,0.005011,1
etomidate,stroke,1.0,0.157942,1.028,1e-05,0.005004,1
norgestrienone,"renal insufficiency, chronic",1.0,0.077631,1.0253,2.6e-05,0.005004,1
norgestrienone,hyperphosphatemia,1.0,0.065842,1.0025,2e-06,0.005001,1
norgestrienone,"kidney failure, chronic",1.0,0.057239,1.0108,8e-06,0.005002,1
erlotinib hydrochloride,gliosarcoma,1.0,0.026333,1.0208,4e-05,0.005007,1
erlotinib hydrochloride,adenomatous polyposis coli,1.0,0.021317,1.0069,2e-06,0.005001,1
erlotinib hydrochloride,lung neoplasms,1.0,0.026989,1.0347,5.7e-05,0.005009,1
erlotinib hydrochloride,carcinoma,1.0,0.030366,1.0405,7.6e-05,0.00501,1
erlotinib hydrochloride,"carcinoma, non-small-cell lung",1.0,0.028062,1.0271,4.8e-05,0.005008,1
erlotinib hydrochloride,squamous cell carcinoma of head and neck,1.0,0.027609,1.014,2.6e-05,0.005005,1
erlotinib hydrochloride,glioblastoma,1.0,0.026525,1.0267,5.2e-05,0.005008,1
alendronate,"arthritis, rheumatoid",1.0,0.045617,1.0881,0.000129,0.005012,1
alendronate,vascular calcification,1.0,0.032452,1.0077,2e-06,0.005001,1
alendronate,osteoporosis,1.0,0.037967,1.0156,2e-05,0.005003,1
alendronate,arteriosclerosis,1.0,0.034507,1.0092,5e-06,0.005001,1
alendronate,hiv infections,1.0,0.046771,1.128,0.000204,0.005017,1
temozolomide,gliosarcoma,1.0,0.012678,1.0313,0.000104,0.005014,1
temozolomide,optic nerve glioma,1.0,0.009744,1.0223,3.7e-05,0.005008,1
temozolomide,lung neoplasms,1.0,0.012144,1.0454,0.000147,0.005017,1
temozolomide,"carcinoma, renal cell",1.0,0.009624,1.0234,4.9e-05,0.005007,1
temozolomide,glioma,1.0,0.011568,1.03,9.2e-05,0.005012,1
temozolomide,sarcoma,1.0,0.010757,1.0361,0.000104,0.005012,1
temozolomide,lymphoma,1.0,0.013201,1.0743,0.000306,0.005018,1
temozolomide,small cell lung carcinoma,1.0,0.009821,1.0257,5.5e-05,0.005006,1
temozolomide,astrocytoma,1.0,0.011894,1.0283,7.9e-05,0.005012,1
temozolomide,carcinoma,1.0,0.01349,1.0512,0.000196,0.005017,1
temozolomide,central nervous system neoplasms,1.0,0.009934,1.0367,0.000104,0.00501,1
temozolomide,brain neoplasms,1.0,0.009887,1.0279,7.3e-05,0.005008,1
temozolomide,"carcinoma, non-small-cell lung",1.0,0.011957,1.0378,0.000122,0.005014,1
temozolomide,diffuse intrinsic pontine glioma,1.0,0.010388,1.0227,4.3e-05,0.005009,1
temozolomide,oligodendroglioma,1.0,0.008347,1.0195,1.8e-05,0.005004,1
temozolomide,glioblastoma,1.0,0.012752,1.0373,0.000134,0.005015,1
temozolomide,cytomegalovirus infections,1.0,0.01041,1.0221,5.5e-05,0.005004,1
temozolomide,breast neoplasms,1.0,0.014255,1.0802,0.000348,0.00502,1
estrogens,memory disorders,1.0,0.01356,1.0203,1.2e-05,0.005003,1
estrogens,diabetes mellitus,1.0,0.022859,1.1002,0.000293,0.005024,1
estrogens,thrombosis,1.0,0.015213,1.0252,4.1e-05,0.005006,1
estrogens,hypertension,1.0,0.027236,1.118,0.000403,0.005029,1
estrogens,hypercholesterolemia,1.0,0.016316,1.0361,6.1e-05,0.005011,1
estrogens,osteoporosis,1.0,0.015924,1.0263,4.9e-05,0.005006,1
estrogens,heart diseases,1.0,0.017539,1.0324,7.3e-05,0.00501,1
estrogens,coronary disease,1.0,0.016898,1.0363,6.9e-05,0.005012,1
estrogens,myocardial ischemia,1.0,0.014989,1.025,3.3e-05,0.005006,1
estrogens,cardiovascular diseases,1.0,0.022211,1.0821,0.00024,0.005023,1
estrogens,alzheimer disease,1.0,0.024931,1.1459,0.000465,0.005026,1
estrogens,bone diseases,1.0,0.013553,1.0209,1.2e-05,0.005004,1
thiotepa,congenital bone marrow failure syndromes,1.0,0.00973,1.0222,2.3e-05,0.005006,1
thiotepa,recurrence,1.0,0.010194,1.0299,5.8e-05,0.005008,1
thiotepa,precursor cell lymphoblastic leukemia-lymphoma,1.0,0.011982,1.0498,0.000133,0.005017,1
thiotepa,myelodysplastic syndromes,1.0,0.014258,1.0506,0.000167,0.005019,1
thiotepa,"angioedemas, hereditary",1.0,0.00973,1.0222,2.3e-05,0.005006,1
thiotepa,"leukemia, myeloid, acute",1.0,0.013459,1.0491,0.000144,0.005017,1
thiotepa,lymphoma,1.0,0.016239,1.0762,0.000289,0.005026,1
thiotepa,leukemia,1.0,0.015317,1.058,0.000196,0.005023,1
thiotepa,"brain diseases, metabolic, inborn",1.0,0.00973,1.0222,2.3e-05,0.005006,1
thiotepa,neuroblastoma,1.0,0.011276,1.0288,5.8e-05,0.00501,1
thiotepa,central nervous system neoplasms,1.0,0.010397,1.0385,9.8e-05,0.00501,1
thiotepa,"arthritis, juvenile",1.0,0.01115,1.0285,6.9e-05,0.005007,1
thiotepa,multiple myeloma,1.0,0.012536,1.0459,0.000133,0.005016,1
thiotepa,anemia,1.0,0.012387,1.0335,8.7e-05,0.005012,1
thiotepa,lymphoproliferative disorders,1.0,0.010687,1.0305,5.8e-05,0.005011,1
thiotepa,breast neoplasms,1.0,0.013212,1.0821,0.000329,0.005015,1
thiotepa,head and neck neoplasms,1.0,0.009927,1.0343,7.5e-05,0.005008,1
dexamethasone,"lymphoma, non-hodgkin",1.0,0.005053,1.0917,0.000357,0.005023,1
dexamethasone,temporomandibular joint disorders,1.0,0.004379,1.0685,8.5e-05,0.005008,1
dexamethasone,diabetic retinopathy,1.0,0.00371,1.0664,6.8e-05,0.005008,1
dexamethasone,out-of-hospital cardiac arrest,1.0,0.003616,1.065,3.4e-05,0.005007,1
dexamethasone,macular edema,1.0,0.004137,1.0673,0.000102,0.005008,1
dexamethasone,"lymphoma, large-cell, immunoblastic",1.0,0.004418,1.0805,0.000204,0.005018,1
dexamethasone,osteoarthritis,1.0,0.004865,1.0854,0.000441,0.005014,1
dexamethasone,nervous system diseases,1.0,0.003408,1.065,3.4e-05,0.005007,1
dexamethasone,diabetes mellitus,1.0,0.006589,1.148,0.001223,0.005024,1
dexamethasone,recurrence,1.0,0.004291,1.0737,0.00017,0.005013,1
dexamethasone,dementia,1.0,0.009278,1.1495,0.001732,0.00503,1
dexamethasone,amyloidosis,1.0,0.003443,1.0682,5.1e-05,0.005009,1
dexamethasone,lung neoplasms,1.0,0.005088,1.0918,0.000408,0.00502,1
dexamethasone,cataract,1.0,0.00386,1.0688,0.000102,0.005009,1
dexamethasone,tuberculosis,1.0,0.004688,1.0805,0.00034,0.005013,1
dexamethasone,precursor cell lymphoblastic leukemia-lymphoma,1.0,0.005474,1.0945,0.000391,0.005027,1
dexamethasone,burkitt lymphoma,1.0,0.004656,1.0855,0.000255,0.005021,1
dexamethasone,myelodysplastic syndromes,1.0,0.006309,1.0953,0.000492,0.005026,1
dexamethasone,meningitis,1.0,0.004053,1.0662,8.5e-05,0.005007,1
dexamethasone,carbon monoxide poisoning,1.0,0.003203,1.0643,1.7e-05,0.005006,1
dexamethasone,myeloproliferative disorders,1.0,0.004032,1.0693,0.000102,0.00501,1
dexamethasone,lymphoma,1.0,0.007341,1.122,0.000849,0.005037,1
dexamethasone,small cell lung carcinoma,1.0,0.004247,1.0712,0.000153,0.005011,1
dexamethasone,post-cardiac arrest syndrome,1.0,0.003616,1.065,3.4e-05,0.005007,1
dexamethasone,status asthmaticus,1.0,0.003304,1.0662,3.4e-05,0.005008,1
dexamethasone,leukemia,1.0,0.006505,1.103,0.000577,0.00503,1
dexamethasone,vomiting,1.0,0.005618,1.0762,0.000306,0.005013,1
dexamethasone,carcinoma,1.0,0.005695,1.0979,0.000543,0.005022,1
dexamethasone,mediastinal neoplasms,1.0,0.004418,1.0805,0.000204,0.005018,1
dexamethasone,neurodegenerative diseases,1.0,0.003948,1.0647,3.4e-05,0.005007,1
dexamethasone,rectal diseases,1.0,0.00411,1.0726,0.000187,0.00501,1
dexamethasone,"tuberculosis, meningeal",1.0,0.003203,1.0643,1.7e-05,0.005006,1
dexamethasone,retinal vein occlusion,1.0,0.003203,1.0643,1.7e-05,0.005006,1
dexamethasone,"neoplasms, plasma cell",1.0,0.003839,1.0668,6.8e-05,0.005009,1
dexamethasone,nausea,1.0,0.003861,1.0661,6.8e-05,0.005008,1
dexamethasone,brain diseases,1.0,0.003961,1.0698,0.000136,0.005009,1
dexamethasone,autoimmune lymphoproliferative syndrome,1.0,0.003203,1.0643,1.7e-05,0.005006,1
dexamethasone,chemical and drug induced liver injury,1.0,0.003203,1.0643,1.7e-05,0.005006,1
dexamethasone,asthma,1.0,0.005925,1.1145,0.000866,0.00502,1
dexamethasone,sjogren's syndrome,1.0,0.004498,1.0762,0.000221,0.005013,1
dexamethasone,"leukemia, biphenotypic, acute",1.0,0.003722,1.0725,0.000102,0.005012,1
dexamethasone,multiple myeloma,1.0,0.005796,1.0904,0.000391,0.005023,1
dexamethasone,central nervous system diseases,1.0,0.003321,1.0653,3.4e-05,0.005007,1
dexamethasone,alzheimer disease,1.0,0.010131,1.1957,0.001936,0.005037,1
dexamethasone,hiv infections,1.0,0.010833,1.1893,0.002038,0.005042,1
dexamethasone,pancreatic neoplasms,1.0,0.004712,1.0833,0.000272,0.005015,1
dexamethasone,immune system diseases,1.0,0.003337,1.0651,3.4e-05,0.005007,1
dexamethasone,postoperative nausea and vomiting,1.0,0.005131,1.0747,0.000289,0.005012,1
dexamethasone,breast neoplasms,1.0,0.00706,1.1282,0.000968,0.005028,1
dexamethasone,menorrhagia,1.0,0.00364,1.0646,3.4e-05,0.005006,1
"n-methyl-3,4-methylenedioxyamphetamine",heat stress disorders,1.0,0.041718,1.0043,4e-06,0.005001,1
"n-methyl-3,4-methylenedioxyamphetamine","epilepsy, post-traumatic",1.0,0.043113,1.0144,1.8e-05,0.005002,1
"n-methyl-3,4-methylenedioxyamphetamine",dyssomnias,1.0,0.040203,1.0041,3e-06,0.005001,1
"n-methyl-3,4-methylenedioxyamphetamine",neoplasms,1.0,0.044125,1.0387,4.8e-05,0.005005,1
amantadine,hemorrhagic stroke,1.0,0.064697,1.0022,1e-06,0.005,1
amantadine,ischemia,1.0,0.073009,1.0033,3e-06,0.005001,1
amantadine,stroke,1.0,0.087724,1.0288,2.9e-05,0.005004,1
bromazepam,psychophysiologic disorders,1.0,0.114008,1.0651,6e-05,0.005022,1
bromazepam,dementia,1.0,0.117642,1.0873,6.9e-05,0.005024,1
celecoxib,"arthritis, rheumatoid",1.0,0.022795,1.094,0.000284,0.005018,1
celecoxib,osteoarthritis,1.0,0.016932,1.0351,9.7e-05,0.005007,1
celecoxib,inflammation,1.0,0.013844,1.0249,4.5e-05,0.005003,1
celecoxib,lung neoplasms,1.0,0.015551,1.0412,9e-05,0.005009,1
celecoxib,colorectal neoplasms,1.0,0.016018,1.0317,7.5e-05,0.005007,1
celecoxib,fallopian tube neoplasms,1.0,0.013071,1.0201,1.9e-05,0.005004,1
celecoxib,"spondylitis, ankylosing",1.0,0.014062,1.0151,1.1e-05,0.005002,1
celecoxib,pre-eclampsia,1.0,0.016358,1.0316,7.8e-05,0.005006,1
celecoxib,arthritis,1.0,0.016871,1.0435,0.000131,0.00501,1
celecoxib,breast neoplasms,1.0,0.019204,1.0759,0.000213,0.005015,1
celecoxib,head and neck neoplasms,1.0,0.01451,1.0283,4.9e-05,0.005005,1
janus kinase inhibitors,"arthritis, rheumatoid",1.0,0.165332,1.0829,2.6e-05,0.00501,1
dihydrotachysterol,"lymphoma, follicular",1.0,0.039001,1.0184,1.5e-05,0.005004,1
dihydrotachysterol,"leukemia, lymphocytic, chronic, b-cell",1.0,0.040121,1.022,2.3e-05,0.005004,1
dihydrotachysterol,"lymphoma, large b-cell, diffuse",1.0,0.037138,1.0183,1.4e-05,0.005003,1
dihydrotachysterol,"lymphoma, mantle-cell",1.0,0.036533,1.011,7e-06,0.005002,1
salts,"pulmonary disease, chronic obstructive",1.0,0.158623,1.0182,8e-06,0.005003,1
azathioprine,"arthritis, rheumatoid",1.0,0.057756,1.084,0.000103,0.00501,1
azathioprine,churg-strauss syndrome,1.0,0.04047,1.0062,4e-06,0.005001,1
azathioprine,inflammatory bowel diseases,1.0,0.043001,1.0082,8e-06,0.005001,1
azathioprine,pancreatitis,1.0,0.041493,1.0046,3e-06,0.005001,1
rifampin,"arthritis, reactive",1.0,0.030577,1.0112,5e-06,0.005001,1
rifampin,alzheimer disease,1.0,0.043445,1.1361,0.000194,0.005018,1
rifampin,hiv infections,1.0,0.051792,1.13,0.000204,0.005018,1
rifampin,arthritis,1.0,0.035982,1.0398,5.9e-05,0.005006,1
rifampin,"tuberculosis, pulmonary",1.0,0.035738,1.0104,5e-06,0.005001,1
levofloxacin,tuberculosis,1.0,0.157549,1.0182,7e-06,0.005003,1
"gtp-binding protein alpha subunits, gs","diabetes mellitus, type 2",1.0,0.160196,1.0744,2.4e-05,0.005009,1
methyldopa,hypertension,1.0,0.070511,1.1033,0.000101,0.005015,1
methyldopa,proteinuria,1.0,0.052663,1.0089,7e-06,0.005002,1
methyldopa,pre-eclampsia,1.0,0.060098,1.0231,2.1e-05,0.005004,1
adalimumab,lymphocytosis,1.0,0.010442,1.0217,3.9e-05,0.005005,1
adalimumab,"arthritis, rheumatoid",1.0,0.018004,1.0992,0.00049,0.005022,1
adalimumab,myocardial infarction,1.0,0.009273,1.0271,5.8e-05,0.005006,1
adalimumab,rheumatic fever,1.0,0.009863,1.0251,5.8e-05,0.005006,1
adalimumab,"arthritis, psoriatic",1.0,0.010632,1.0232,5.2e-05,0.005007,1
adalimumab,diabetes mellitus,1.0,0.013871,1.1,0.000465,0.005018,1
adalimumab,crohn disease,1.0,0.009745,1.0259,5.2e-05,0.005005,1
adalimumab,inflammation,1.0,0.008971,1.0298,7.7e-05,0.005006,1
adalimumab,hypoglycemia,1.0,0.008766,1.0246,3.9e-05,0.005005,1
adalimumab,sarcoidosis,1.0,0.008212,1.0199,1.9e-05,0.005003,1
adalimumab,colitis,1.0,0.010442,1.0217,3.9e-05,0.005005,1
adalimumab,"arthritis, juvenile",1.0,0.010642,1.0276,7.7e-05,0.005007,1
adalimumab,dupuytren contracture,1.0,0.007942,1.0199,1.3e-05,0.005003,1
adalimumab,hermanski-pudlak syndrome,1.0,0.010442,1.0217,3.9e-05,0.005005,1
adalimumab,psoriasis,1.0,0.010168,1.0228,4.5e-05,0.005006,1
adalimumab,"cystitis, interstitial",1.0,0.007909,1.0196,1.3e-05,0.005003,1
adalimumab,cardiovascular diseases,1.0,0.012338,1.0819,0.000381,0.005015,1
adalimumab,autoimmune diseases,1.0,0.009832,1.0396,0.000116,0.005008,1
adalimumab,arthritis,1.0,0.013184,1.0485,0.000226,0.005013,1
amifostine,"lymphoma, non-hodgkin",1.0,0.03084,1.0348,3.6e-05,0.005007,1
amifostine,prostatic neoplasms,1.0,0.036337,1.0345,4.6e-05,0.005006,1
amifostine,lymphoma,1.0,0.036197,1.0635,8.5e-05,0.005011,1
amifostine,ovarian neoplasms,1.0,0.032067,1.0243,2.4e-05,0.005005,1
amifostine,hodgkin disease,1.0,0.033425,1.0218,2.5e-05,0.005004,1
pemoline,cocaine-related disorders,1.0,0.154363,1.0049,2e-06,0.005001,1
alprazolam,psychophysiologic disorders,1.0,0.114008,1.0651,6e-05,0.005022,1
alprazolam,dementia,1.0,0.117642,1.0873,6.9e-05,0.005024,1
phenylephrine,acute kidney injury,1.0,0.041888,1.0051,7e-06,0.005001,1
phenylephrine,synesthesia,1.0,0.046231,1.0214,3.9e-05,0.005005,1
phenylephrine,pre-eclampsia,1.0,0.044338,1.021,2.9e-05,0.005004,1
phenylephrine,pulmonary arterial hypertension,1.0,0.040612,1.0089,1.4e-05,0.005002,1
topiramate,psychophysiologic disorders,1.0,0.021967,1.0877,0.000604,0.005033,1
topiramate,vascular headaches,1.0,0.007776,1.0271,7e-06,0.005003,1
topiramate,diabetes mellitus,1.0,0.013652,1.109,0.000489,0.00502,1
topiramate,dementia,1.0,0.02333,1.1104,0.000693,0.005036,1
topiramate,"epilepsy, post-traumatic",1.0,0.009507,1.0378,8.8e-05,0.005008,1
topiramate,hyperlipidemias,1.0,0.009498,1.0335,4.1e-05,0.005004,1
topiramate,bulimia,1.0,0.00816,1.0282,1.4e-05,0.005003,1
topiramate,obesity,1.0,0.016652,1.1505,0.00072,0.005028,1
topiramate,migraine disorders,1.0,0.007776,1.0271,7e-06,0.005003,1
topiramate,hypertension,1.0,0.015126,1.1269,0.000672,0.005025,1
topiramate,hypertriglyceridemia,1.0,0.008448,1.0317,2.7e-05,0.005004,1
topiramate,"hypoxia-ischemia, brain",1.0,0.008087,1.0296,2e-05,0.005003,1
topiramate,seizures,1.0,0.012355,1.0439,0.000163,0.005015,1
topiramate,"epilepsies, partial",1.0,0.010311,1.0343,7.5e-05,0.005009,1
topiramate,lennox gastaut syndrome,1.0,0.009074,1.0301,4.1e-05,0.005005,1
topiramate,sciatica,1.0,0.008641,1.0284,2e-05,0.005003,1
topiramate,diabetic neuropathies,1.0,0.010239,1.0377,8.8e-05,0.005007,1
topiramate,weight loss,1.0,0.008319,1.0296,2.7e-05,0.005004,1
topiramate,epilepsy,1.0,0.017062,1.0886,0.000448,0.005026,1
topiramate,polyneuropathies,1.0,0.008347,1.03,2.7e-05,0.005004,1
lisinopril,genetic predisposition to disease,1.0,0.01742,1.0124,9e-06,0.005002,1
lisinopril,diabetic nephropathies,1.0,0.019139,1.0224,4.3e-05,0.005006,1
lisinopril,albuminuria,1.0,0.016883,1.015,1.5e-05,0.005003,1
lisinopril,kidney diseases,1.0,0.016614,1.0199,2.4e-05,0.005003,1
lisinopril,osteoarthritis,1.0,0.018733,1.0324,7.9e-05,0.005005,1
lisinopril,hypertension,1.0,0.032135,1.1096,0.000303,0.00502,1
lisinopril,prehypertension,1.0,0.018521,1.0166,2.4e-05,0.005004,1
lisinopril,acquired immunodeficiency syndrome,1.0,0.018892,1.0257,7e-05,0.005005,1
lisinopril,cardiovascular diseases,1.0,0.023784,1.0739,0.00018,0.005015,1
gatifloxacin,tuberculosis,1.0,0.157549,1.0182,7e-06,0.005003,1
octreotide,liver neoplasms,1.0,0.156021,1.0082,2e-06,0.005001,1
rimonabant,marijuana abuse,1.0,0.012156,1.0242,9e-06,0.005002,1
rimonabant,dyslipidemias,1.0,0.014052,1.0411,6.6e-05,0.00501,1
rimonabant,diabetes mellitus,1.0,0.021343,1.1046,0.000318,0.005027,1
rimonabant,metabolic syndrome,1.0,0.016184,1.058,0.000141,0.005016,1
rimonabant,prediabetic state,1.0,0.015786,1.0355,4.9e-05,0.005007,1
rimonabant,spinal cord injuries,1.0,0.018655,1.0235,9e-06,0.005002,1
rimonabant,obesity,1.0,0.02367,1.1459,0.000468,0.005031,1
rimonabant,hypertension,1.0,0.023345,1.1224,0.000437,0.005031,1
rimonabant,fatty liver,1.0,0.013557,1.0296,3.1e-05,0.005005,1
rimonabant,"diabetes mellitus, type 2",1.0,0.022636,1.0949,0.000313,0.005028,1
rimonabant,arteriosclerosis,1.0,0.013228,1.0238,1.3e-05,0.005002,1
rimonabant,carotid stenosis,1.0,0.011916,1.0229,4e-06,0.005002,1
rimonabant,cardiovascular diseases,1.0,0.018537,1.0863,0.00026,0.005023,1
lenalidomide,"lymphoma, follicular",1.0,0.017485,1.0249,3.4e-05,0.005005,1
lenalidomide,"leukemia, eosinophilic, acute",1.0,0.017375,1.0149,1.5e-05,0.005004,1
lenalidomide,recurrence,1.0,0.018143,1.0208,3.1e-05,0.005005,1
lenalidomide,myelodysplastic syndromes,1.0,0.023162,1.0414,8.9e-05,0.005012,1
lenalidomide,lymphoma,1.0,0.024523,1.0668,0.000153,0.005016,1
lenalidomide,leukemia,1.0,0.022914,1.0487,0.000104,0.005014,1
lenalidomide,"leukemia, basophilic, acute",1.0,0.017375,1.0149,1.5e-05,0.005004,1
lenalidomide,multiple myeloma,1.0,0.020657,1.0367,7e-05,0.00501,1
lenalidomide,"carcinoma, squamous cell",1.0,0.017497,1.016,2.8e-05,0.005002,1
peptide t,communication disorders,1.0,0.074834,1.0115,7e-06,0.005002,1
peptide t,hiv infections,1.0,0.091259,1.1239,8.2e-05,0.005015,1
alcohols,hypertension,1.0,0.164149,1.102,3.4e-05,0.005012,1
adrenocorticotropic hormone,multiple sclerosis,1.0,0.042373,1.0116,1.6e-05,0.005002,1
adrenocorticotropic hormone,spasm,1.0,0.042837,1.0069,1e-05,0.005002,1
adrenocorticotropic hormone,"spasms, infantile",1.0,0.041137,1.0061,7e-06,0.005001,1
adrenocorticotropic hormone,epilepsy,1.0,0.050862,1.0644,9e-05,0.005009,1
methylprednisolone hemisuccinate,rheumatic fever,1.0,0.074058,1.0094,6e-06,0.005002,1
methylprednisolone hemisuccinate,asthma,1.0,0.088339,1.0515,3.5e-05,0.005007,1
orlistat,hyperlipoproteinemia type v,1.0,0.009876,1.0225,5e-06,0.005002,1
orlistat,diabetes mellitus,1.0,0.019374,1.1041,0.000391,0.005025,1
orlistat,metabolic syndrome,1.0,0.014194,1.0575,0.000174,0.005015,1
orlistat,bulimia,1.0,0.01026,1.0237,1.1e-05,0.005003,1
orlistat,obesity,1.0,0.022817,1.1454,0.000576,0.005033,1
orlistat,hypertension,1.0,0.022037,1.1219,0.000538,0.00503,1
orlistat,hypertriglyceridemia,1.0,0.010704,1.0271,2.2e-05,0.005004,1
orlistat,polycystic ovary syndrome,1.0,0.01161,1.0324,4.9e-05,0.005006,1
orlistat,metabolic diseases,1.0,0.010401,1.0244,1.6e-05,0.005003,1
orlistat,nutrition disorders,1.0,0.010201,1.0239,1.1e-05,0.005003,1
orlistat,"diabetes mellitus, type 2",1.0,0.020075,1.0945,0.000386,0.005027,1
orlistat,heart diseases,1.0,0.012855,1.036,9.8e-05,0.005008,1
orlistat,overweight,1.0,0.013532,1.0423,0.000109,0.005011,1
orlistat,hyperlipoproteinemia type i,1.0,0.009876,1.0225,5e-06,0.005002,1
orlistat,essential hypertension,1.0,0.01238,1.036,8.2e-05,0.005009,1
orlistat,sleep apnea syndromes,1.0,0.011704,1.0301,5.4e-05,0.005005,1
ritonavir,hiv-associated lipodystrophy syndrome,1.0,0.00809,1.0406,0.000153,0.005012,1
ritonavir,gliosarcoma,1.0,0.007522,1.0431,0.000173,0.005012,1
ritonavir,"hepatitis c, chronic",1.0,0.006882,1.0324,5.1e-05,0.005005,1
ritonavir,"bone diseases, metabolic",1.0,0.006733,1.032,5.1e-05,0.005007,1
ritonavir,ependymoma,1.0,0.005654,1.0302,2e-05,0.005006,1
ritonavir,hepatitis d,1.0,0.006844,1.0308,3.1e-05,0.005006,1
ritonavir,tuberculosis,1.0,0.008752,1.0464,0.000204,0.005013,1
ritonavir,aids-related opportunistic infections,1.0,0.006964,1.0321,5.1e-05,0.005009,1
ritonavir,glioma,1.0,0.007304,1.0418,0.000153,0.005011,1
ritonavir,sarcoma,1.0,0.006542,1.048,0.000173,0.005009,1
ritonavir,liver diseases,1.0,0.007112,1.0354,5.1e-05,0.005006,1
ritonavir,astrocytoma,1.0,0.007234,1.0401,0.000132,0.005011,1
ritonavir,post-infectious disorders,1.0,0.005062,1.0296,1e-05,0.005004,1
ritonavir,"hepatitis b, chronic",1.0,0.008365,1.0346,0.000102,0.005009,1
ritonavir,malaria,1.0,0.007648,1.0356,0.000112,0.005009,1
ritonavir,acquired immunodeficiency syndrome,1.0,0.009638,1.0444,0.000234,0.005016,1
ritonavir,brain neoplasms,1.0,0.006751,1.0396,0.000122,0.005009,1
ritonavir,covid-19,1.0,0.008827,1.0449,0.000224,0.005011,1
ritonavir,oligodendroglioma,1.0,0.005888,1.0311,3.1e-05,0.005007,1
ritonavir,hepatitis c,1.0,0.008852,1.038,0.000143,0.005012,1
ritonavir,infections,1.0,0.009443,1.0406,0.000183,0.005014,1
ritonavir,coronavirus infections,1.0,0.00633,1.034,6.1e-05,0.005008,1
ritonavir,cardiovascular diseases,1.0,0.009646,1.0934,0.000601,0.005019,1
ritonavir,alzheimer disease,1.0,0.011669,1.158,0.001161,0.005026,1
ritonavir,glioblastoma,1.0,0.007931,1.0492,0.000224,0.005014,1
ritonavir,fibrosis,1.0,0.007084,1.0403,0.000143,0.005007,1
ritonavir,hiv infections,1.0,0.020829,1.1517,0.001223,0.005038,1
ritonavir,"kidney failure, chronic",1.0,0.005946,1.0376,8.2e-05,0.005006,1
ritonavir,postural orthostatic tachycardia syndrome,1.0,0.005062,1.0296,1e-05,0.005004,1
ritonavir,post-acute covid-19 syndrome,1.0,0.006661,1.0342,7.1e-05,0.005008,1
gold sodium thiosulfate,thrombocytopenia,1.0,0.047239,1.0141,7e-06,0.005003,1
gold sodium thiosulfate,lymphoma,1.0,0.05676,1.0607,5.1e-05,0.005009,1
gold sodium thiosulfate,central nervous system neoplasms,1.0,0.049928,1.0235,1.7e-05,0.005005,1
azacitidine,recurrence,1.0,0.037001,1.0164,1.4e-05,0.005003,1
azacitidine,myelodysplastic syndromes,1.0,0.043813,1.0368,3.9e-05,0.005009,1
azacitidine,"leukemia, myeloid, acute",1.0,0.04235,1.0354,3.4e-05,0.005008,1
azacitidine,leukemia,1.0,0.042518,1.0441,4.6e-05,0.005009,1
glucagon-like peptide 1,non-alcoholic fatty liver disease,1.0,0.057194,1.0178,1.4e-05,0.005004,1
glucagon-like peptide 1,fatty liver,1.0,0.048939,1.0116,7e-06,0.005002,1
glucagon-like peptide 1,"diabetes mellitus, type 2",1.0,0.064728,1.0758,7.2e-05,0.005011,1
triptorelin pamoate,breast neoplasms,1.0,0.156874,1.0645,1.9e-05,0.005007,1
tadalafil,hypertrophy,1.0,0.020028,1.0157,1.4e-05,0.005003,1
tadalafil,obesity,1.0,0.03009,1.1335,0.000288,0.00502,1
tadalafil,hypertension,1.0,0.033939,1.1103,0.000269,0.005021,1
tadalafil,aortic valve stenosis,1.0,0.01867,1.0114,3e-06,0.005001,1
tadalafil,essential hypertension,1.0,0.022377,1.0252,4.1e-05,0.005006,1
tadalafil,"hypertension, pulmonary",1.0,0.023645,1.0177,3e-05,0.005004,1
tadalafil,pulmonary arterial hypertension,1.0,0.023047,1.0173,2.7e-05,0.005003,1
tadalafil,"pulmonary disease, chronic obstructive",1.0,0.02419,1.0283,6.5e-05,0.005005,1
haloperidol,psychophysiologic disorders,1.0,0.050101,1.0724,0.000151,0.005025,1
haloperidol,dementia,1.0,0.052218,1.0948,0.000173,0.005028,1
haloperidol,delirium,1.0,0.029248,1.0221,2e-05,0.005004,1
haloperidol,alzheimer disease,1.0,0.041767,1.1388,0.000194,0.005022,1
haloperidol,breast neoplasms,1.0,0.03455,1.0745,9.7e-05,0.005009,1
tiotropium bromide,asthma,1.0,0.071217,1.0523,5.2e-05,0.00501,1
tiotropium bromide,"pulmonary disease, chronic obstructive",1.0,0.063387,1.0202,2.4e-05,0.005007,1
tiotropium bromide,lung diseases,1.0,0.056778,1.0139,1.6e-05,0.005005,1
rituximab,"lymphoma, non-hodgkin",1.0,0.006855,1.0635,0.000242,0.005021,1
rituximab,"lymphoma, follicular",1.0,0.006069,1.0501,0.000127,0.005013,1
rituximab,keratoconjunctivitis sicca,1.0,0.005003,1.0377,3.5e-05,0.005006,1
rituximab,"arthritis, rheumatoid",1.0,0.011941,1.1175,0.000878,0.005028,1
rituximab,thrombocytopenia,1.0,0.005444,1.045,8.1e-05,0.00501,1
rituximab,"colitis, ulcerative",1.0,0.004822,1.0407,5.8e-05,0.005006,1
rituximab,"lymphoma, large-cell, immunoblastic",1.0,0.006197,1.0525,0.000139,0.005017,1
rituximab,neuromyelitis optica,1.0,0.006107,1.0511,0.000139,0.005014,1
rituximab,"leukemia, hairy cell",1.0,0.00594,1.0415,0.000104,0.005006,1
rituximab,precursor cell lymphoblastic leukemia-lymphoma,1.0,0.007501,1.0662,0.000266,0.005024,1
rituximab,burkitt lymphoma,1.0,0.006529,1.0574,0.000173,0.005019,1
rituximab,"multiple sclerosis, relapsing-remitting",1.0,0.006488,1.0412,9.2e-05,0.005007,1
rituximab,"leukemia, lymphoid",1.0,0.004664,1.0367,2.3e-05,0.005005,1
rituximab,lymphoma,1.0,0.010233,1.093,0.000577,0.005032,1
rituximab,"leukemia, lymphocytic, chronic, b-cell",1.0,0.006602,1.0538,0.000196,0.005014,1
rituximab,churg-strauss syndrome,1.0,0.005054,1.0372,3.5e-05,0.005005,1
rituximab,castleman disease,1.0,0.00464,1.0367,2.3e-05,0.005005,1
rituximab,leukemia,1.0,0.008464,1.0745,0.000393,0.005025,1
rituximab,anti-neutrophil cytoplasmic antibody-associated vasculitis,1.0,0.005349,1.0385,4.6e-05,0.005006,1
rituximab,multiple sclerosis,1.0,0.006436,1.0433,0.000139,0.005007,1
rituximab,mediastinal neoplasms,1.0,0.006197,1.0525,0.000139,0.005017,1
rituximab,central nervous system neoplasms,1.0,0.006324,1.0547,0.000196,0.005014,1
rituximab,"lymphoma, aids-related",1.0,0.00448,1.036,1.2e-05,0.005004,1
rituximab,"diabetes mellitus, type 1",1.0,0.006696,1.0647,0.000335,0.005012,1
rituximab,"lymphoma, large b-cell, diffuse",1.0,0.005867,1.05,0.000115,0.005014,1
rituximab,"multiple sclerosis, chronic progressive",1.0,0.00486,1.0399,4.6e-05,0.005006,1
rituximab,fatigue,1.0,0.005639,1.0399,6.9e-05,0.005005,1
rituximab,"glomerulonephritis, membranous",1.0,0.00448,1.036,1.2e-05,0.005004,1
rituximab,sjogren's syndrome,1.0,0.006688,1.0483,0.00015,0.005011,1
rituximab,xerostomia,1.0,0.005602,1.0375,4.6e-05,0.005005,1
rituximab,hiv infections,1.0,0.012495,1.1585,0.001386,0.005033,1
rituximab,nephrotic syndrome,1.0,0.004732,1.0394,3.5e-05,0.005006,1
rituximab,"lung diseases, interstitial",1.0,0.005767,1.0393,6.9e-05,0.005006,1
rituximab,arthritis,1.0,0.007533,1.066,0.000404,0.005015,1
lacosamide,psychophysiologic disorders,1.0,0.043864,1.0698,0.000212,0.005028,1
lacosamide,dementia,1.0,0.045552,1.0921,0.000242,0.00503,1
lacosamide,glioma,1.0,0.022397,1.0221,3.6e-05,0.005005,1
lacosamide,"epilepsies, partial",1.0,0.023376,1.0172,2.6e-05,0.005006,1
lacosamide,brain neoplasms,1.0,0.021758,1.0199,2.9e-05,0.005004,1
lacosamide,status epilepticus,1.0,0.022921,1.0163,2.4e-05,0.005005,1
lacosamide,epilepsy,1.0,0.033776,1.0706,0.000157,0.005018,1
leflunomide,"arthritis, rheumatoid",1.0,0.052701,1.0862,0.000103,0.005013,1
leflunomide,neoplasms,1.0,0.040578,1.0416,4.8e-05,0.005005,1
leflunomide,uveitis,1.0,0.037045,1.0066,3e-06,0.005001,1
leflunomide,arthritis,1.0,0.044863,1.0361,4.8e-05,0.005007,1
indomethacin,"pancreatitis, chronic",1.0,0.074366,1.0085,2e-06,0.005001,1
indomethacin,alzheimer disease,1.0,0.09884,1.1306,7.7e-05,0.005015,1
carboplatin,"lymphoma, non-hodgkin",1.0,0.006447,1.0609,0.000271,0.005019,1
carboplatin,thrombocytopenia,1.0,0.004935,1.0425,9e-05,0.00501,1
carboplatin,esophageal neoplasms,1.0,0.006234,1.0458,0.000155,0.005016,1
carboplatin,medulloblastoma,1.0,0.005234,1.0436,0.000103,0.005013,1
carboplatin,uterine neoplasms,1.0,0.004668,1.0353,3.9e-05,0.005009,1
carboplatin,gliosarcoma,1.0,0.007554,1.0467,0.000219,0.005019,1
carboplatin,teratoma,1.0,0.005195,1.0396,7.7e-05,0.005013,1
carboplatin,neoplasm metastasis,1.0,0.006108,1.0438,0.000142,0.005015,1
carboplatin,"prostatic neoplasms, castration-resistant",1.0,0.004,1.0334,1.3e-05,0.005005,1
carboplatin,optic nerve glioma,1.0,0.005583,1.0376,7.7e-05,0.005012,1
carboplatin,urethral neoplasms,1.0,0.00488,1.0391,7.7e-05,0.00501,1
carboplatin,lung neoplasms,1.0,0.008147,1.061,0.00031,0.005026,1
carboplatin,"carcinoma, renal cell",1.0,0.00559,1.0387,0.000103,0.005011,1
carboplatin,glioma,1.0,0.006506,1.0454,0.000194,0.005015,1
carboplatin,sarcoma,1.0,0.006984,1.0516,0.000219,0.005021,1
carboplatin,triple negative breast neoplasms,1.0,0.006838,1.0511,0.000219,0.005021,1
carboplatin,myeloproliferative disorders,1.0,0.00494,1.0392,7.7e-05,0.00501,1
carboplatin,"carcinoma, ovarian epithelial",1.0,0.004716,1.0357,3.9e-05,0.00501,1
carboplatin,lymphoma,1.0,0.009709,1.0904,0.000645,0.00503,1
carboplatin,endometrial neoplasms,1.0,0.005633,1.0424,0.000116,0.005011,1
carboplatin,neoplasms,1.0,0.008147,1.0691,0.000452,0.005026,1
carboplatin,astrocytoma,1.0,0.006899,1.0437,0.000168,0.005017,1
carboplatin,carcinoma,1.0,0.009996,1.067,0.000413,0.005029,1
carboplatin,central nervous system neoplasms,1.0,0.006701,1.0522,0.000219,0.00502,1
carboplatin,ovarian neoplasms,1.0,0.006733,1.0502,0.000181,0.005018,1
carboplatin,"neoplasms, squamous cell",1.0,0.00437,1.0345,2.6e-05,0.005007,1
carboplatin,fallopian tube neoplasms,1.0,0.005002,1.0395,6.5e-05,0.005012,1
carboplatin,mesothelioma,1.0,0.00449,1.0376,3.9e-05,0.005009,1
carboplatin,"carcinoma, non-small-cell lung",1.0,0.008621,1.0533,0.000258,0.005025,1
carboplatin,"lymphoma, large b-cell, diffuse",1.0,0.005259,1.0475,0.000129,0.005013,1
carboplatin,squamous cell carcinoma of head and neck,1.0,0.00716,1.0398,0.000142,0.005014,1
carboplatin,inflammatory breast neoplasms,1.0,0.004,1.0334,1.3e-05,0.005005,1
carboplatin,diffuse intrinsic pontine glioma,1.0,0.00597,1.038,9e-05,0.005013,1
carboplatin,"carcinoma, squamous cell",1.0,0.00604,1.0385,0.000116,0.005011,1
carboplatin,glioblastoma,1.0,0.007794,1.0528,0.000284,0.005021,1
carboplatin,hemoptysis,1.0,0.00437,1.0345,2.6e-05,0.005007,1
carboplatin,breast neoplasms,1.0,0.010573,1.0964,0.000736,0.005033,1
carboplatin,urinary bladder neoplasms,1.0,0.006283,1.0424,0.000142,0.005014,1
naltrexone,amphetamine-related disorders,1.0,0.017279,1.0146,1.4e-05,0.005002,1
naltrexone,osteoarthritis,1.0,0.018125,1.0343,8.8e-05,0.005007,1
naltrexone,obesity,1.0,0.027527,1.135,0.00036,0.005023,1
naltrexone,heroin dependence,1.0,0.016215,1.0147,1.4e-05,0.005002,1
naltrexone,alcoholism,1.0,0.018611,1.0201,3.4e-05,0.005003,1
naltrexone,"diabetes mellitus, type 2",1.0,0.022596,1.0845,0.000241,0.005016,1
naltrexone,feeding and eating disorders,1.0,0.015294,1.0135,7e-06,0.005001,1
naltrexone,hiv seropositivity,1.0,0.01529,1.0133,7e-06,0.005001,1
naltrexone,overweight,1.0,0.018663,1.0328,6.8e-05,0.005007,1
naltrexone,arthritis,1.0,0.01882,1.0428,0.000119,0.005008,1
insulin aspart,diabetes mellitus,1.0,0.041077,1.0931,0.000122,0.005018,1
insulin aspart,cystic fibrosis,1.0,0.028482,1.0134,5e-06,0.005001,1
insulin aspart,"diabetes mellitus, type 2",1.0,0.041403,1.0835,0.000121,0.005017,1
insulin aspart,"diabetes mellitus, type 1",1.0,0.033729,1.0407,4.9e-05,0.005008,1
insulin aspart,alzheimer disease,1.0,0.041646,1.1385,0.000194,0.00502,1
ipratropium,bronchial spasm,1.0,0.036523,1.0046,5e-06,0.005002,1
ipratropium,asthma,1.0,0.057281,1.0533,8.7e-05,0.005011,1
ipratropium,hantavirus pulmonary syndrome,1.0,0.032892,1.0039,2e-06,0.005001,1
ipratropium,"pulmonary disease, chronic obstructive",1.0,0.050874,1.0211,4.1e-05,0.005007,1
ipratropium,lung diseases,1.0,0.045532,1.0148,2.7e-05,0.005005,1
methamphetamine,amphetamine-related disorders,1.0,0.075319,1.006,3e-06,0.005001,1
methamphetamine,hiv infections,1.0,0.097959,1.1237,8.2e-05,0.005015,1
zoledronic acid,prostatic neoplasms,1.0,0.029968,1.0336,6.4e-05,0.005005,1
zoledronic acid,bone resorption,1.0,0.022136,1.0061,2e-06,0.005001,1
zoledronic acid,beta-thalassemia,1.0,0.022933,1.0084,7e-06,0.005001,1
zoledronic acid,osteoporosis,1.0,0.026145,1.014,2.9e-05,0.005003,1
zoledronic acid,multiple myeloma,1.0,0.026105,1.0326,5.5e-05,0.005004,1
zoledronic acid,uterine cervical neoplasms,1.0,0.024091,1.0142,1.9e-05,0.005003,1
zoledronic acid,arthritis,1.0,0.027268,1.0363,8.3e-05,0.005006,1
parathyroid hormone,hypoparathyroidism,1.0,0.456929,1.0004,0.0,0.005,1
clomipramine,psychophysiologic disorders,1.0,0.114008,1.0651,6e-05,0.005022,1
clomipramine,dementia,1.0,0.117642,1.0873,6.9e-05,0.005024,1
immunoglobulins,encephalitis,1.0,0.057141,1.0048,1e-06,0.005,1
immunoglobulins,acquired immunodeficiency syndrome,1.0,0.067522,1.0199,2.3e-05,0.005005,1
immunoglobulins,hiv infections,1.0,0.085804,1.1248,0.000122,0.005017,1
bupropion,psychophysiologic disorders,1.0,0.051101,1.0741,0.000151,0.005026,1
bupropion,dementia,1.0,0.053292,1.0964,0.000173,0.005028,1
bupropion,obesity,1.0,0.038775,1.1361,0.00018,0.005019,1
bupropion,tobacco use disorder,1.0,0.033269,1.0177,1.2e-05,0.005002,1
bupropion,alzheimer disease,1.0,0.043277,1.1405,0.000194,0.005024,1
triazolam,psychophysiologic disorders,1.0,0.114008,1.0651,6e-05,0.005022,1
triazolam,dementia,1.0,0.117642,1.0873,6.9e-05,0.005024,1
diazepam,psychophysiologic disorders,1.0,0.051374,1.069,0.000181,0.005028,1
diazepam,landau-kleffner syndrome,1.0,0.024661,1.0093,4e-06,0.005001,1
diazepam,dementia,1.0,0.053269,1.0913,0.000208,0.00503,1
diazepam,seizures,1.0,0.030938,1.026,4.9e-05,0.00501,1
diazepam,status epilepticus,1.0,0.028642,1.0156,2e-05,0.005005,1
diazepam,epilepsy,1.0,0.040261,1.0699,0.000134,0.005019,1
indapamide,hypertension,1.0,0.090634,1.1026,6.7e-05,0.005013,1
indapamide,renal insufficiency,1.0,0.076485,1.0132,7e-06,0.005002,1
duloxetine hydrochloride,"osteoarthritis, knee",1.0,0.011096,1.0314,8.1e-05,0.005007,1
duloxetine hydrochloride,psychophysiologic disorders,1.0,0.02059,1.0798,0.000514,0.005029,1
duloxetine hydrochloride,infertility,1.0,0.009906,1.0261,3.5e-05,0.005003,1
duloxetine hydrochloride,osteoarthritis,1.0,0.012545,1.0409,0.00015,0.005009,1
duloxetine hydrochloride,fibromyalgia,1.0,0.010329,1.0242,4e-05,0.005005,1
duloxetine hydrochloride,pain,1.0,0.015766,1.0513,0.000214,0.005015,1
duloxetine hydrochloride,dementia,1.0,0.022546,1.1023,0.000589,0.005032,1
duloxetine hydrochloride,peripheral nervous system diseases,1.0,0.009729,1.0213,2.3e-05,0.005004,1
duloxetine hydrochloride,neoplasms,1.0,0.010981,1.0549,0.000202,0.005009,1
duloxetine hydrochloride,diabetic neuropathies,1.0,0.012686,1.0301,7.5e-05,0.005007,1
duloxetine hydrochloride,back pain,1.0,0.009101,1.0203,1.7e-05,0.005003,1
duloxetine hydrochloride,rectal diseases,1.0,0.010128,1.0286,6.4e-05,0.005007,1
duloxetine hydrochloride,"neuralgia, postherpetic",1.0,0.010244,1.0221,2.9e-05,0.005005,1
duloxetine hydrochloride,neuralgia,1.0,0.010256,1.0225,3.5e-05,0.005004,1
duloxetine hydrochloride,chronic pain,1.0,0.012188,1.0264,6.4e-05,0.005007,1
duloxetine hydrochloride,hiv infections,1.0,0.017742,1.1405,0.000693,0.005024,1
duloxetine hydrochloride,"brain injuries, traumatic",1.0,0.011627,1.0246,4.6e-05,0.005005,1
nicardipine,hypertension,1.0,0.164149,1.102,3.4e-05,0.005012,1
ceftriaxone,gastrointestinal hemorrhage,1.0,0.07501,1.0035,4e-06,0.005001,1
ceftriaxone,gonorrhea,1.0,0.087579,1.003,2e-06,0.005001,1
ceftriaxone,esophageal and gastric varices,1.0,0.065887,1.0054,3e-06,0.005001,1
pregabalin,psychophysiologic disorders,1.0,0.024562,1.0786,0.000484,0.005032,1
pregabalin,sleep deprivation,1.0,0.009282,1.0181,5e-06,0.005002,1
pregabalin,fibromyalgia,1.0,0.011237,1.0231,3.8e-05,0.005005,1
pregabalin,diabetes mellitus,1.0,0.014121,1.0997,0.000391,0.005013,1
pregabalin,pain,1.0,0.015371,1.0501,0.000201,0.005013,1
pregabalin,dementia,1.0,0.026538,1.1011,0.000554,0.005035,1
pregabalin,"epilepsy, complex partial",1.0,0.009751,1.0193,1.1e-05,0.005003,1
pregabalin,seizures,1.0,0.014208,1.0351,0.00013,0.005014,1
pregabalin,"epilepsies, partial",1.0,0.012401,1.0256,6e-05,0.005009,1
pregabalin,diabetic neuropathies,1.0,0.014498,1.029,7.1e-05,0.005008,1
pregabalin,"pain, postoperative",1.0,0.012208,1.0275,6e-05,0.005006,1
pregabalin,"neuralgia, postherpetic",1.0,0.011571,1.0209,2.7e-05,0.005005,1
pregabalin,neuralgia,1.0,0.01145,1.0213,3.3e-05,0.005004,1
pregabalin,epilepsy,1.0,0.018997,1.0795,0.000359,0.005024,1
pregabalin,chronic pain,1.0,0.013339,1.0253,6e-05,0.005007,1
pregabalin,polyneuropathies,1.0,0.009993,1.0214,2.2e-05,0.005004,1
phenazopyridine,alzheimer disease,1.0,0.169679,1.1302,3.9e-05,0.005014,1
vinorelbine,lung neoplasms,1.0,0.038554,1.0334,3.3e-05,0.005007,1
vinorelbine,"carcinoma, non-small-cell lung",1.0,0.040159,1.0258,2.7e-05,0.005006,1
vinorelbine,hodgkin disease,1.0,0.040791,1.0203,2e-05,0.005004,1
vinorelbine,breast neoplasms,1.0,0.044856,1.0678,7.7e-05,0.005011,1
piracetam,psychophysiologic disorders,1.0,0.114008,1.0651,6e-05,0.005022,1
piracetam,dementia,1.0,0.117642,1.0873,6.9e-05,0.005024,1
protease inhibitors,hiv-associated lipodystrophy syndrome,1.0,0.075916,1.0156,1e-05,0.005004,1
protease inhibitors,hiv infections,1.0,0.101136,1.1241,8.2e-05,0.005017,1
prochlorperazine,vomiting,1.0,0.087334,1.0146,1.2e-05,0.005004,1
prochlorperazine,postoperative nausea and vomiting,1.0,0.086492,1.0132,1.2e-05,0.005004,1
methylene blue,alzheimer disease,1.0,0.169679,1.1302,3.9e-05,0.005014,1
pentostatin,graft vs host disease,1.0,0.0382,1.0177,1.6e-05,0.005003,1
pentostatin,"leukemia, hairy cell",1.0,0.041687,1.0095,1.2e-05,0.005002,1
pentostatin,"anemia, sickle cell",1.0,0.039446,1.021,2.3e-05,0.005004,1
pentostatin,thalassemia,1.0,0.036752,1.0104,8e-06,0.005002,1
cobicistat,hiv infections,1.0,0.170416,1.1233,4.1e-05,0.005015,1
linoleic acid,diabetic neuropathies,1.0,0.152015,1.0121,4e-06,0.005002,1
lamivudine,"hepatitis d, chronic",1.0,0.006457,1.0232,8e-06,0.005003,1
lamivudine,hiv-associated lipodystrophy syndrome,1.0,0.010657,1.0343,0.000122,0.005012,1
lamivudine,amyotrophic lateral sclerosis,1.0,0.007532,1.0243,2.4e-05,0.005004,1
lamivudine,dyslipidemias,1.0,0.007706,1.0415,0.000122,0.005007,1
lamivudine,recurrence,1.0,0.007395,1.0335,8.2e-05,0.005006,1
lamivudine,tuberculosis,1.0,0.010012,1.04,0.000163,0.005011,1
lamivudine,glomerulonephritis,1.0,0.007191,1.0264,4.1e-05,0.005004,1
lamivudine,"paraparesis, tropical spastic",1.0,0.007065,1.0239,1.6e-05,0.005004,1
lamivudine,glucose metabolism disorders,1.0,0.007553,1.0312,5.7e-05,0.005005,1
lamivudine,hepatitis,1.0,0.009128,1.0257,3.3e-05,0.005004,1
lamivudine,polyarteritis nodosa,1.0,0.006457,1.0232,8e-06,0.005003,1
lamivudine,lipodystrophy,1.0,0.007593,1.0245,2.4e-05,0.005005,1
lamivudine,lymphoma,1.0,0.010701,1.08,0.000408,0.005018,1
lamivudine,neoplasms,1.0,0.008849,1.0588,0.000285,0.005012,1
lamivudine,metabolic diseases,1.0,0.006915,1.0252,2.4e-05,0.005004,1
lamivudine,central nervous system neoplasms,1.0,0.007861,1.0421,0.000139,0.005009,1
lamivudine,"hepatitis b, chronic",1.0,0.010068,1.0282,8.2e-05,0.005008,1
lamivudine,malaria,1.0,0.009424,1.0293,9e-05,0.005008,1
lamivudine,hepatitis b,1.0,0.00955,1.0268,6.5e-05,0.005008,1
lamivudine,acquired immunodeficiency syndrome,1.0,0.011808,1.038,0.000187,0.005014,1
lamivudine,hemophilia a,1.0,0.008758,1.026,4.9e-05,0.005007,1
lamivudine,infections,1.0,0.010514,1.0342,0.000147,0.005011,1
lamivudine,cardiovascular diseases,1.0,0.013401,1.0867,0.000481,0.005019,1
lamivudine,hiv infections,1.0,0.023348,1.1447,0.000978,0.005034,1
vildagliptin,diabetes mellitus,1.0,0.039836,1.0916,0.000122,0.005018,1
vildagliptin,inflammation,1.0,0.02875,1.022,2e-05,0.005004,1
vildagliptin,insulin resistance,1.0,0.031082,1.0321,3.7e-05,0.005006,1
vildagliptin,"diabetes mellitus, type 2",1.0,0.04008,1.0821,0.000121,0.005017,1
vildagliptin,cardiovascular diseases,1.0,0.035264,1.0736,0.0001,0.005014,1
bacterial lysates,respiratory sounds,1.0,0.083904,1.0037,3e-06,0.005001,1
bacterial lysates,respiratory tract infections,1.0,0.089329,1.0044,4e-06,0.005001,1
anti-retroviral agents,hiv infections,1.0,0.170416,1.1233,4.1e-05,0.005015,1
vasopressins,acute kidney injury,1.0,0.0749,1.0039,5e-06,0.005001,1
vasopressins,"shock, traumatic",1.0,0.064935,1.0013,1e-06,0.005,1
vasopressins,heart arrest,1.0,0.079444,1.0046,6e-06,0.005001,1
ubiquinone,myelodysplastic syndromes,1.0,0.065465,1.0345,3e-05,0.005004,1
ubiquinone,"supranuclear palsy, progressive",1.0,0.057542,1.0033,1e-06,0.005,1
ubiquinone,"renal insufficiency, chronic",1.0,0.069148,1.0264,2.6e-05,0.005004,1
anticonvulsants,seizures,1.0,0.055601,1.0207,2.4e-05,0.005006,1
anticonvulsants,epilepsy,1.0,0.068572,1.0644,6.7e-05,0.005012,1
anticonvulsants,drug resistant epilepsy,1.0,0.055656,1.0078,7e-06,0.005002,1
etanercept,"arthritis, rheumatoid",1.0,0.023939,1.0926,0.000387,0.005019,1
etanercept,rheumatic fever,1.0,0.013506,1.0189,4.6e-05,0.005006,1
etanercept,lupus nephritis,1.0,0.010828,1.012,5e-06,0.005002,1
etanercept,"arthritis, psoriatic",1.0,0.013914,1.017,4.1e-05,0.005006,1
etanercept,granulomatosis with polyangiitis,1.0,0.011346,1.0141,1.5e-05,0.005003,1
etanercept,pneumonia,1.0,0.014154,1.0181,7.1e-05,0.005004,1
etanercept,hidradenitis suppurativa,1.0,0.010828,1.012,5e-06,0.005002,1
etanercept,"leukemia, lymphocytic, chronic, b-cell",1.0,0.012498,1.0303,8.7e-05,0.005005,1
etanercept,"arthritis, juvenile",1.0,0.014529,1.0213,6.1e-05,0.005007,1
etanercept,vasculitis,1.0,0.01167,1.0125,1e-05,0.005003,1
etanercept,"diabetes mellitus, type 1",1.0,0.015639,1.041,0.000148,0.005009,1
etanercept,uveitis,1.0,0.012086,1.0124,1e-05,0.005002,1
etanercept,psoriasis,1.0,0.013364,1.0166,3.6e-05,0.005005,1
etanercept,"kidney failure, chronic",1.0,0.012207,1.0204,4.1e-05,0.005003,1
etanercept,arthritis,1.0,0.018732,1.0422,0.000178,0.005012,1
methadone,peripheral nervous system diseases,1.0,0.026126,1.0082,8e-06,0.005002,1
methadone,heroin dependence,1.0,0.026107,1.008,8e-06,0.005002,1
methadone,acquired immunodeficiency syndrome,1.0,0.029197,1.0209,4.7e-05,0.005006,1
methadone,substance-related disorders,1.0,0.026519,1.0112,1.8e-05,0.005002,1
methadone,hiv infections,1.0,0.044396,1.1259,0.000245,0.005019,1
methadone,opioid-related disorders,1.0,0.029352,1.0116,2e-05,0.005003,1
fluocinolone acetonide,neoplasms,1.0,0.142438,1.0374,1.2e-05,0.005004,1
zinc acetate,epilepsy,1.0,0.1244,1.0638,4.5e-05,0.005008,1
zinc acetate,dystonia,1.0,0.10087,1.0028,1e-06,0.005,1
hydroxymethylglutaryl-coa reductase inhibitors,"arthritis, rheumatoid",1.0,0.039128,1.0864,0.000129,0.005012,1
hydroxymethylglutaryl-coa reductase inhibitors,hypercholesterolemia,1.0,0.031288,1.0238,2.5e-05,0.005003,1
hydroxymethylglutaryl-coa reductase inhibitors,"diabetes mellitus, type 1",1.0,0.033234,1.0351,4.9e-05,0.005005,1
hydroxymethylglutaryl-coa reductase inhibitors,"nephritis, hereditary",1.0,0.031198,1.0079,7e-06,0.005001,1
hydroxymethylglutaryl-coa reductase inhibitors,sleep apnea syndromes,1.0,0.030833,1.0143,1.7e-05,0.005002,1
potassium iodide,cough,1.0,0.210821,1.0032,2e-06,0.005001,1
aspirin,communication disorders,1.0,0.006289,1.0435,0.00012,0.005006,1
aspirin,colonic neoplasms,1.0,0.005102,1.0444,5.4e-05,0.005006,1
aspirin,myocardial infarction,1.0,0.005708,1.045,9.8e-05,0.005008,1
aspirin,esophageal neoplasms,1.0,0.005493,1.0492,0.00013,0.005006,1
aspirin,cerebral infarction,1.0,0.006028,1.0391,4.3e-05,0.005007,1
aspirin,cerebrovascular disorders,1.0,0.005147,1.038,2.2e-05,0.005005,1
aspirin,diabetes mellitus,1.0,0.01245,1.1192,0.000782,0.005032,1
aspirin,"dementia, vascular",1.0,0.005696,1.047,8.7e-05,0.005008,1
aspirin,inflammation,1.0,0.006086,1.0478,0.00013,0.005009,1
aspirin,cataract,1.0,0.005314,1.042,6.5e-05,0.005005,1
aspirin,thrombosis,1.0,0.007113,1.0428,0.000109,0.005008,1
aspirin,stroke,1.0,0.009931,1.0631,0.000304,0.005016,1
aspirin,obesity,1.0,0.011391,1.1611,0.001152,0.005034,1
aspirin,"lupus erythematosus, systemic",1.0,0.005822,1.0517,0.000163,0.005008,1
aspirin,premature birth,1.0,0.006193,1.0381,4.3e-05,0.005004,1
aspirin,hypertension,1.0,0.01403,1.1373,0.001076,0.005036,1
aspirin,acute coronary syndrome,1.0,0.005984,1.042,6.5e-05,0.005008,1
aspirin,venous thrombosis,1.0,0.0073,1.0401,6.5e-05,0.005006,1
aspirin,coronary artery disease,1.0,0.007938,1.0568,0.000217,0.005014,1
aspirin,intracranial arteriosclerosis,1.0,0.00661,1.0403,6.5e-05,0.005008,1
aspirin,wounds and injuries,1.0,0.005488,1.0372,2.2e-05,0.005005,1
aspirin,"diabetes mellitus, type 2",1.0,0.011708,1.1095,0.000772,0.005032,1
aspirin,ischemic stroke,1.0,0.006639,1.0391,5.4e-05,0.005006,1
aspirin,mucocutaneous lymph node syndrome,1.0,0.004995,1.0388,3.3e-05,0.005004,1
aspirin,precancerous conditions,1.0,0.005491,1.0493,0.000109,0.005006,1
aspirin,pre-eclampsia,1.0,0.006892,1.0546,0.000228,0.00501,1
aspirin,"ischemic attack, transient",1.0,0.005365,1.0375,2.2e-05,0.005005,1
aspirin,fetal growth retardation,1.0,0.004752,1.0368,1.1e-05,0.005004,1
aspirin,cardiovascular diseases,1.0,0.010227,1.1007,0.000641,0.005028,1
aspirin,fibrosis,1.0,0.007881,1.0473,0.000152,0.005008,1
aspirin,warts,1.0,0.005036,1.0384,3.3e-05,0.005004,1
aspirin,peripheral arterial disease,1.0,0.006822,1.0406,5.4e-05,0.005007,1
cetuximab,skin diseases,1.0,0.030068,1.0043,3e-06,0.005001,1
cetuximab,carcinoma,1.0,0.038823,1.0375,5.4e-05,0.005007,1
cetuximab,colorectal neoplasms,1.0,0.035883,1.0223,3.4e-05,0.005004,1
cetuximab,squamous cell carcinoma of head and neck,1.0,0.037081,1.0111,1.9e-05,0.005004,1
cetuximab,"carcinoma, squamous cell",1.0,0.034061,1.0098,1.5e-05,0.005003,1
mifepristone,psychophysiologic disorders,1.0,0.046974,1.0683,0.000181,0.005014,1
mifepristone,folliculitis,1.0,0.031057,1.0108,8e-06,0.005002,1
mifepristone,endocrine system diseases,1.0,0.029802,1.0101,6e-06,0.005001,1
mifepristone,cushing syndrome,1.0,0.028724,1.008,2e-06,0.005001,1
mifepristone,alzheimer disease,1.0,0.045934,1.1344,0.000232,0.005018,1
mifepristone,pituitary acth hypersecretion,1.0,0.029436,1.0096,4e-06,0.005001,1
galantamine,communication disorders,1.0,0.015609,1.0211,4.5e-05,0.005005,1
galantamine,psychophysiologic disorders,1.0,0.030308,1.0743,0.000363,0.005028,1
galantamine,nervous system diseases,1.0,0.012856,1.0161,8e-06,0.005002,1
galantamine,"dementia, vascular",1.0,0.01384,1.0246,3.3e-05,0.005004,1
galantamine,dementia,1.0,0.032751,1.0967,0.000416,0.005032,1
galantamine,lewy body disease,1.0,0.012651,1.0139,4e-06,0.005002,1
galantamine,cocaine-related disorders,1.0,0.015652,1.0179,2.9e-05,0.005004,1
galantamine,aids dementia complex,1.0,0.013802,1.018,2e-05,0.005002,1
galantamine,rectal diseases,1.0,0.015139,1.0233,4.5e-05,0.005006,1
galantamine,tobacco use disorder,1.0,0.016545,1.0179,2.9e-05,0.005003,1
galantamine,brain diseases,1.0,0.014404,1.0207,3.3e-05,0.005003,1
galantamine,alzheimer disease,1.0,0.025522,1.1408,0.000465,0.005024,1
histamine antagonists,"arthritis, rheumatoid",1.0,0.033405,1.0876,0.000155,0.005012,1
histamine antagonists,"leukemia, hairy cell",1.0,0.029838,1.0136,1.8e-05,0.005003,1
histamine antagonists,lung neoplasms,1.0,0.029108,1.0351,4.9e-05,0.005008,1
histamine antagonists,chronic urticaria,1.0,0.031801,1.0088,8e-06,0.005002,1
histamine antagonists,small cell lung carcinoma,1.0,0.028933,1.0156,1.8e-05,0.005004,1
histamine antagonists,carcinoma,1.0,0.030524,1.0409,6.5e-05,0.005009,1
naloxone,frontotemporal dementia,1.0,0.015414,1.0245,3.1e-05,0.005003,1
naloxone,pain,1.0,0.018413,1.0531,0.000188,0.005013,1
naloxone,substance withdrawal syndrome,1.0,0.012311,1.0217,1e-05,0.005003,1
naloxone,obesity,1.0,0.019447,1.1441,0.00054,0.005024,1
naloxone,heroin dependence,1.0,0.013317,1.0228,2e-05,0.005003,1
naloxone,"aphasia, primary progressive",1.0,0.010558,1.0211,5e-06,0.005002,1
naloxone,frontotemporal lobar degeneration,1.0,0.013568,1.0222,1.5e-05,0.005003,1
naloxone,respiratory insufficiency,1.0,0.011704,1.0243,2.5e-05,0.005003,1
naloxone,morphine dependence,1.0,0.012311,1.0217,1e-05,0.005003,1
naloxone,weight loss,1.0,0.011175,1.0239,2e-05,0.005003,1
naloxone,epilepsy,1.0,0.016773,1.0825,0.000336,0.005016,1
naloxone,alzheimer disease,1.0,0.020406,1.1486,0.000581,0.005024,1
naloxone,chronic pain,1.0,0.016121,1.0282,5.6e-05,0.005006,1
naloxone,hiv infections,1.0,0.021329,1.1424,0.000611,0.005023,1
naloxone,opioid-related disorders,1.0,0.015386,1.0265,5.1e-05,0.005006,1
idarubicin,"leukemia, promyelocytic, acute",1.0,0.040428,1.0067,3e-06,0.005001,1
idarubicin,"leukemia, myeloid, acute",1.0,0.048124,1.0361,3.4e-05,0.005007,1
idarubicin,lymphoma,1.0,0.046786,1.0628,6.8e-05,0.005011,1
idarubicin,leukemia,1.0,0.044488,1.0448,4.6e-05,0.005009,1
vinblastine,skin neoplasms,1.0,0.019547,1.0152,1.4e-05,0.005003,1
vinblastine,urethral neoplasms,1.0,0.018669,1.0163,1.6e-05,0.005003,1
vinblastine,lymphoma,1.0,0.026966,1.0665,0.000136,0.005014,1
vinblastine,melanoma,1.0,0.022184,1.0206,3.3e-05,0.005004,1
vinblastine,precancerous conditions,1.0,0.020543,1.023,2.7e-05,0.005004,1
vinblastine,hiv infections,1.0,0.029335,1.1304,0.000326,0.00502,1
vinblastine,hodgkin disease,1.0,0.023485,1.0247,4.1e-05,0.005006,1
vinblastine,urinary bladder neoplasms,1.0,0.020143,1.0195,3e-05,0.005004,1
levetiracetam,canavan disease,1.0,0.010041,1.0207,1.1e-05,0.005002,1
levetiracetam,psychophysiologic disorders,1.0,0.028077,1.0794,0.000484,0.005035,1
levetiracetam,parkinson disease,1.0,0.014283,1.0305,9.2e-05,0.005006,1
levetiracetam,"malaria, cerebral",1.0,0.009913,1.0189,5e-06,0.005002,1
levetiracetam,dementia,1.0,0.029421,1.1019,0.000554,0.005037,1
levetiracetam,"epilepsy, post-traumatic",1.0,0.012207,1.0298,7.1e-05,0.005008,1
levetiracetam,glioma,1.0,0.012137,1.0312,8.2e-05,0.005007,1
levetiracetam,seizures,1.0,0.015748,1.0359,0.00013,0.005014,1
levetiracetam,"epilepsies, partial",1.0,0.0136,1.0263,6e-05,0.005008,1
levetiracetam,brain neoplasms,1.0,0.011655,1.029,6.5e-05,0.005005,1
levetiracetam,status epilepticus,1.0,0.012675,1.0254,5.4e-05,0.005008,1
levetiracetam,epilepsy,1.0,0.021911,1.0802,0.000359,0.005025,1
levetiracetam,intracranial aneurysm,1.0,0.010093,1.0203,1.1e-05,0.005002,1
levetiracetam,alzheimer disease,1.0,0.020131,1.1462,0.000619,0.005026,1
levetiracetam,"epilepsy, rolandic",1.0,0.01068,1.0195,1.1e-05,0.005003,1
levetiracetam,"epilepsy, generalized",1.0,0.009913,1.0189,5e-06,0.005002,1
mitomycin,carcinoma,1.0,0.068483,1.0364,3.3e-05,0.005005,1
mitomycin,liver neoplasms,1.0,0.069789,1.0102,7e-06,0.005002,1
mitomycin,pseudomyxoma peritonei,1.0,0.059824,1.0028,1e-06,0.005,1
17 alpha-hydroxyprogesterone caproate,premature birth,1.0,0.165607,1.003,1e-06,0.005001,1
diflunisal,hiv infections,1.0,0.170416,1.1233,4.1e-05,0.005015,1
cyclosporins,dry eye syndromes,1.0,0.083367,1.0047,5e-06,0.005001,1
cyclosporins,sjogren's syndrome,1.0,0.080939,1.0144,9e-06,0.005002,1
anidulafungin,candidiasis,1.0,0.230851,1.0011,1e-06,0.005,1
butyric acid,"arthritis, rheumatoid",1.0,0.165332,1.0829,2.6e-05,0.00501,1
mometasone furoate,otitis,1.0,0.040218,1.004,1e-06,0.005001,1
mometasone furoate,"anemia, sickle cell",1.0,0.043846,1.022,2.3e-05,0.005003,1
mometasone furoate,asthma,1.0,0.059675,1.0533,6.9e-05,0.005009,1
mometasone furoate,"pulmonary disease, chronic obstructive",1.0,0.053388,1.0212,3.3e-05,0.005006,1
ibuprofen,"arthritis, rheumatoid",1.0,0.021469,1.1029,0.000284,0.005018,1
ibuprofen,osteoarthritis,1.0,0.017145,1.0435,9.7e-05,0.005009,1
ibuprofen,complex regional pain syndromes,1.0,0.013797,1.0233,7e-06,0.005002,1
ibuprofen,pain,1.0,0.019613,1.0539,0.000138,0.005013,1
ibuprofen,obesity,1.0,0.023775,1.145,0.000396,0.005028,1
ibuprofen,hypertension,1.0,0.024875,1.1215,0.00037,0.005025,1
ibuprofen,peptic ulcer,1.0,0.015514,1.0228,1.1e-05,0.005002,1
ibuprofen,pre-eclampsia,1.0,0.018303,1.04,7.8e-05,0.005008,1
ibuprofen,gallbladder diseases,1.0,0.013489,1.0221,4e-06,0.005001,1
ibuprofen,epilepsy,1.0,0.020278,1.0834,0.000247,0.005016,1
ibuprofen,alzheimer disease,1.0,0.02385,1.1495,0.000426,0.005027,1
fenoterol,asthma,1.0,0.094196,1.0516,3.5e-05,0.005008,1
fenoterol,lung diseases,1.0,0.078617,1.0132,1.1e-05,0.005004,1
iloprost,"heart defects, congenital",1.0,0.053689,1.0022,4e-06,0.005001,1
iloprost,persistent fetal circulation syndrome,1.0,0.047674,1.0016,1e-06,0.005001,1
iloprost,respiratory distress syndrome,1.0,0.050312,1.0028,4e-06,0.005001,1
iloprost,"hypertension, pulmonary",1.0,0.056426,1.0084,1.5e-05,0.005002,1
s-adenosylmethionine,hepatitis,1.0,0.16969,1.0037,1e-06,0.005001,1
dextrins,obesity,1.0,0.093293,1.1269,7.2e-05,0.005016,1
dextrins,overweight,1.0,0.075623,1.0255,1.4e-05,0.005005,1
fluvoxamine,psychophysiologic disorders,1.0,0.114008,1.0651,6e-05,0.005022,1
fluvoxamine,dementia,1.0,0.117642,1.0873,6.9e-05,0.005024,1
calcitriol,chronic kidney disease-mineral and bone disorder,1.0,0.053391,1.004,2e-06,0.005001,1
calcitriol,"kidney failure, chronic",1.0,0.056957,1.0118,8e-06,0.005002,1
calcitriol,breast neoplasms,1.0,0.063296,1.0654,5.8e-05,0.005008,1
epoprostenol,"diabetes mellitus, type 2",1.0,0.160196,1.0744,2.4e-05,0.005009,1
triethylenephosphoramide,alzheimer disease,1.0,0.169679,1.1302,3.9e-05,0.005014,1
glucagon,diabetes mellitus,1.0,0.062506,1.0861,7.3e-05,0.005012,1
glucagon,hypoglycemia,1.0,0.046953,1.0116,6e-06,0.005002,1
glucagon,"diabetes mellitus, type 1",1.0,0.054545,1.034,3e-05,0.005006,1
sevoflurane,abdominal neoplasms,1.0,0.019452,1.0119,1.5e-05,0.005005,1
sevoflurane,headache,1.0,0.020546,1.0162,2.8e-05,0.005005,1
sevoflurane,neoplasms,1.0,0.022654,1.0447,0.000107,0.00501,1
sevoflurane,vomiting,1.0,0.022846,1.022,5.5e-05,0.005007,1
sevoflurane,neurofibromatoses,1.0,0.019452,1.0119,1.5e-05,0.005005,1
sevoflurane,hydrocephalus,1.0,0.019866,1.0125,1.8e-05,0.005005,1
sevoflurane,epilepsy,1.0,0.026403,1.0702,0.000202,0.005013,1
sevoflurane,postoperative nausea and vomiting,1.0,0.022618,1.0206,5.2e-05,0.005007,1
sevoflurane,breast neoplasms,1.0,0.021949,1.0714,0.000174,0.005011,1
oxytocin,hypotension,1.0,0.044768,1.0141,2e-05,0.005003,1
oxytocin,myocardial ischemia,1.0,0.04137,1.0088,1.1e-05,0.005002,1
oxytocin,prader-willi syndrome,1.0,0.049207,1.0044,5e-06,0.005001,1
oxytocin,craniopharyngioma,1.0,0.039513,1.0043,4e-06,0.005001,1
ascorbic acid,sepsis,1.0,0.08919,1.004,4e-06,0.005001,1
ascorbic acid,covid-19,1.0,0.084568,1.017,1.5e-05,0.005003,1
papillomavirus vaccines,uterine cervical dysplasia,1.0,0.456929,1.0004,0.0,0.005,1
ursodeoxycholic acid,"diabetes mellitus, type 2",1.0,0.092526,1.075,4.8e-05,0.00501,1
ursodeoxycholic acid,"diabetes, gestational",1.0,0.076151,1.0121,5e-06,0.005002,1
barbital,chronic traumatic encephalopathy,1.0,0.006393,1.0176,8e-06,0.005003,1
barbital,amyotrophic lateral sclerosis,1.0,0.007468,1.019,2.3e-05,0.005003,1
barbital,sleep initiation and maintenance disorders,1.0,0.007794,1.0241,7.8e-05,0.005005,1
barbital,parkinson disease,1.0,0.010394,1.0294,0.000133,0.005006,1
barbital,"colitis, ulcerative",1.0,0.006878,1.023,3.9e-05,0.005004,1
barbital,fibromyalgia,1.0,0.008058,1.0227,5.5e-05,0.005005,1
barbital,crohn disease,1.0,0.007403,1.0251,6.2e-05,0.005004,1
barbital,"epilepsy, post-traumatic",1.0,0.007975,1.0287,0.000102,0.005007,1
barbital,neoplasms,1.0,0.009121,1.0533,0.000273,0.005011,1
barbital,seizures,1.0,0.009061,1.0347,0.000187,0.00501,1
barbital,multiple sclerosis,1.0,0.0086,1.0255,9.4e-05,0.005005,1
barbital,tourette syndrome,1.0,0.007322,1.018,1.6e-05,0.005003,1
barbital,"anemia, sickle cell",1.0,0.007391,1.0354,0.000133,0.005005,1
barbital,acquired immunodeficiency syndrome,1.0,0.008932,1.0326,0.00018,0.005008,1
barbital,covid-19,1.0,0.00965,1.0332,0.000172,0.005008,1
barbital,hepatitis c,1.0,0.008306,1.0263,0.000109,0.005006,1
barbital,glaucoma,1.0,0.009208,1.0303,0.000172,0.005006,1
barbital,coronavirus infections,1.0,0.007297,1.0224,4.7e-05,0.005005,1
barbital,epilepsy,1.0,0.012776,1.0791,0.000516,0.005018,1
barbital,chronic pain,1.0,0.00897,1.0249,8.6e-05,0.005006,1
barbital,"brain injuries, traumatic",1.0,0.008952,1.023,6.2e-05,0.005005,1
barbital,inflammatory bowel diseases,1.0,0.007462,1.0216,4.7e-05,0.005004,1
barbital,opioid-related disorders,1.0,0.008154,1.0232,7.8e-05,0.005005,1
eszopiclone,psychophysiologic disorders,1.0,0.038449,1.0698,0.000242,0.005024,1
eszopiclone,sleep initiation and maintenance disorders,1.0,0.021675,1.0161,2.7e-05,0.005004,1
eszopiclone,dementia,1.0,0.040037,1.0921,0.000277,0.005026,1
eszopiclone,insulin resistance,1.0,0.020295,1.0312,6e-05,0.005004,1
eszopiclone,"sleep apnea, obstructive",1.0,0.022294,1.0159,2.7e-05,0.005003,1
eszopiclone,sleep wake disorders,1.0,0.020681,1.0112,1.1e-05,0.005002,1
eszopiclone,arthritis,1.0,0.020916,1.0396,9.5e-05,0.005006,1
eszopiclone,sleep apnea syndromes,1.0,0.01981,1.0176,2.7e-05,0.005003,1
cisplatin,esophageal neoplasms,1.0,0.007626,1.0363,0.000118,0.005014,1
cisplatin,medulloblastoma,1.0,0.006454,1.034,7.9e-05,0.00501,1
cisplatin,cholangiocarcinoma,1.0,0.005895,1.0256,3e-05,0.005006,1
cisplatin,teratoma,1.0,0.006201,1.0301,5.9e-05,0.005009,1
cisplatin,skin neoplasms,1.0,0.006288,1.0285,4.9e-05,0.005007,1
cisplatin,urethral neoplasms,1.0,0.006661,1.0296,5.9e-05,0.005009,1
cisplatin,gallbladder neoplasms,1.0,0.005963,1.0277,3e-05,0.005008,1
cisplatin,lung neoplasms,1.0,0.00924,1.0514,0.000236,0.005019,1
cisplatin,gastrointestinal neoplasms,1.0,0.006724,1.0301,6.9e-05,0.005009,1
cisplatin,triple negative breast neoplasms,1.0,0.008771,1.0415,0.000167,0.005017,1
cisplatin,lymphoma,1.0,0.011539,1.0804,0.000492,0.005024,1
cisplatin,neoplasms,1.0,0.009833,1.0593,0.000345,0.005021,1
cisplatin,melanoma,1.0,0.007887,1.034,0.000118,0.005009,1
cisplatin,biliary tract neoplasms,1.0,0.007609,1.0301,8.9e-05,0.005011,1
cisplatin,carcinoma,1.0,0.011135,1.0572,0.000315,0.005022,1
cisplatin,"carcinoma, neuroendocrine",1.0,0.005412,1.0255,2e-05,0.005005,1
cisplatin,central nervous system neoplasms,1.0,0.007695,1.0426,0.000167,0.005015,1
cisplatin,non-muscle invasive bladder neoplasms,1.0,0.005786,1.0247,2e-05,0.005006,1
cisplatin,colorectal neoplasms,1.0,0.010024,1.0418,0.000197,0.005016,1
cisplatin,"carcinoma, non-small-cell lung",1.0,0.010057,1.0437,0.000197,0.005019,1
cisplatin,pharyngeal neoplasms,1.0,0.005639,1.0245,2e-05,0.005005,1
cisplatin,multiple myeloma,1.0,0.007762,1.05,0.000227,0.005012,1
cisplatin,nasopharyngeal carcinoma,1.0,0.006683,1.0273,4.9e-05,0.005009,1
cisplatin,uterine cervical neoplasms,1.0,0.007385,1.0313,7.9e-05,0.005011,1
cisplatin,"mesothelioma, malignant",1.0,0.006326,1.0261,4.9e-05,0.005006,1
cisplatin,laryngeal neoplasms,1.0,0.00631,1.0248,3e-05,0.005005,1
cisplatin,head and neck neoplasms,1.0,0.008165,1.0384,0.000128,0.005014,1
cisplatin,urinary bladder neoplasms,1.0,0.00788,1.0329,0.000108,0.005012,1
cisplatin,nasopharyngeal neoplasms,1.0,0.005786,1.0247,2e-05,0.005006,1
alpha 1-antitrypsin,emphysema,1.0,0.073125,1.0027,2e-06,0.005001,1
alpha 1-antitrypsin,"diabetes mellitus, type 1",1.0,0.078135,1.0314,3e-05,0.005004,1
alpha 1-antitrypsin,alpha 1-antitrypsin deficiency,1.0,0.068436,1.0024,1e-06,0.005,1
"fatty acids, omega-3",kidney diseases,1.0,0.028001,1.02,1.4e-05,0.005002,1
"fatty acids, omega-3",obesity,1.0,0.038011,1.1328,0.00018,0.005019,1
"fatty acids, omega-3",hypertension,1.0,0.038853,1.1096,0.000168,0.005018,1
"fatty acids, omega-3",asthma,1.0,0.036195,1.0601,8.7e-05,0.005009,1
"fatty acids, omega-3",sjogren's syndrome,1.0,0.030357,1.0236,2.2e-05,0.005003,1
mesalamine,lymphocytosis,1.0,0.037343,1.0057,1e-05,0.005003,1
mesalamine,colitis,1.0,0.037343,1.0057,1e-05,0.005003,1
mesalamine,"colitis, collagenous",1.0,0.032295,1.0023,3e-06,0.005001,1
mesalamine,hermanski-pudlak syndrome,1.0,0.037343,1.0057,1e-05,0.005003,1
mesalamine,inflammatory bowel diseases,1.0,0.034349,1.0063,1e-05,0.005001,1
opipramol,psychophysiologic disorders,1.0,0.087628,1.0655,9.1e-05,0.005022,1
opipramol,dementia,1.0,0.090536,1.0877,0.000104,0.005024,1
opipramol,tourette syndrome,1.0,0.049888,1.006,2e-06,0.005001,1
methylphenidate,diabetes mellitus,1.0,0.021418,1.0987,0.00022,0.005014,1
methylphenidate,dementia,1.0,0.030393,1.1001,0.000312,0.005023,1
methylphenidate,"epilepsy, post-traumatic",1.0,0.017441,1.0282,4e-05,0.005005,1
methylphenidate,cocaine-related disorders,1.0,0.018395,1.021,2.1e-05,0.005003,1
methylphenidate,fatigue,1.0,0.018775,1.0217,1.8e-05,0.005002,1
methylphenidate,epilepsy,1.0,0.023521,1.0785,0.000202,0.005016,1
methylphenidate,alzheimer disease,1.0,0.027091,1.1443,0.000348,0.005024,1
methylphenidate,"brain injuries, traumatic",1.0,0.020469,1.0225,2.4e-05,0.005003,1
methylphenidate,breast neoplasms,1.0,0.020209,1.0797,0.000174,0.005011,1
milrinone,"hypertension, pulmonary",1.0,0.154539,1.0073,4e-06,0.005001,1
thyroxine,hypothyroidism,1.0,0.086454,1.0016,2e-06,0.005001,1
thyroxine,hyperlipidemias,1.0,0.089713,1.0086,6e-06,0.005001,1
thyroxine,hypopituitarism,1.0,0.086454,1.0016,2e-06,0.005001,1
interleukin-2,dermatomyositis,1.0,0.00707,1.0315,1.7e-05,0.005004,1
interleukin-2,"arthritis, rheumatoid",1.0,0.014933,1.1123,0.000645,0.005024,1
interleukin-2,graft vs host disease,1.0,0.007692,1.0452,0.000102,0.005009,1
interleukin-2,"colitis, ulcerative",1.0,0.007119,1.0359,4.2e-05,0.005005,1
interleukin-2,"hepatitis c, chronic",1.0,0.008452,1.0337,4.2e-05,0.005004,1
interleukin-2,diabetes mellitus,1.0,0.01149,1.1131,0.000611,0.00502,1
interleukin-2,crohn disease,1.0,0.008143,1.0381,6.8e-05,0.005007,1
interleukin-2,granulomatosis with polyangiitis,1.0,0.007067,1.0325,2.5e-05,0.005004,1
interleukin-2,"carcinoma, renal cell",1.0,0.007821,1.0364,6.8e-05,0.005005,1
interleukin-2,hypoglycemia,1.0,0.007538,1.0368,5.1e-05,0.005006,1
interleukin-2,myelodysplastic syndromes,1.0,0.009472,1.0621,0.000246,0.005013,1
interleukin-2,"lupus erythematosus, systemic",1.0,0.008606,1.046,0.000127,0.005009,1
interleukin-2,takayasu arteritis,1.0,0.00759,1.0313,1.7e-05,0.005003,1
interleukin-2,lymphoma,1.0,0.010671,1.088,0.000424,0.00502,1
interleukin-2,kidney neoplasms,1.0,0.00773,1.0493,0.00011,0.005008,1
interleukin-2,"purpura, thrombocytopenic, idiopathic",1.0,0.006602,1.031,8e-06,0.005003,1
interleukin-2,"cholangitis, sclerosing",1.0,0.006602,1.031,8e-06,0.005003,1
interleukin-2,behcet syndrome,1.0,0.006602,1.031,8e-06,0.005003,1
interleukin-2,"spondylitis, ankylosing",1.0,0.007493,1.0321,2.5e-05,0.005004,1
interleukin-2,"scleroderma, systemic",1.0,0.007,1.0327,2.5e-05,0.005004,1
interleukin-2,psoriasis,1.0,0.008807,1.035,5.9e-05,0.005006,1
interleukin-2,"hepatitis, autoimmune",1.0,0.006602,1.031,8e-06,0.005003,1
interleukin-2,alzheimer disease,1.0,0.013642,1.1594,0.000968,0.005027,1
interleukin-2,hiv infections,1.0,0.014815,1.1532,0.001019,0.005029,1
interleukin-2,autoimmune diseases,1.0,0.008572,1.052,0.000153,0.005011,1
inositol,insulin resistance,1.0,0.065064,1.0276,2.2e-05,0.005005,1
inositol,obesity,1.0,0.078541,1.1276,0.000108,0.005015,1
inositol,yin deficiency,1.0,0.057156,1.0059,1e-06,0.005,1
letrozole,infertility,1.0,0.023707,1.0178,1.4e-05,0.005003,1
letrozole,obesity,1.0,0.032126,1.1328,0.000252,0.005018,1
letrozole,triple negative breast neoplasms,1.0,0.023614,1.0288,4e-05,0.005006,1
letrozole,neoplasms,1.0,0.025559,1.0463,8.3e-05,0.005009,1
letrozole,polycystic ovary syndrome,1.0,0.022641,1.021,2.1e-05,0.005003,1
letrozole,"breast neoplasms, male",1.0,0.021827,1.012,7e-06,0.005002,1
letrozole,breast neoplasms,1.0,0.029737,1.073,0.000135,0.005013,1
droperidol,psychophysiologic disorders,1.0,0.078323,1.0658,9.1e-05,0.005022,1
droperidol,dementia,1.0,0.081213,1.088,0.000104,0.005024,1
droperidol,postoperative nausea and vomiting,1.0,0.051593,1.0172,1.7e-05,0.005003,1
natalizumab,"arthritis, rheumatoid",1.0,0.045311,1.0867,0.000103,0.005011,1
natalizumab,seizures,1.0,0.040308,1.0236,3.3e-05,0.005006,1
natalizumab,autoimmune diseases of the nervous system,1.0,0.035169,1.0138,1e-05,0.005001,1
natalizumab,epilepsy,1.0,0.048217,1.0675,9e-05,0.005012,1
ranolazine,"ventricular dysfunction, right",1.0,0.01975,1.0046,3e-06,0.005001,1
ranolazine,coronary artery disease,1.0,0.024146,1.0251,5.4e-05,0.005004,1
ranolazine,"angina, stable",1.0,0.020585,1.0085,1.1e-05,0.005002,1
ranolazine,heart failure,1.0,0.026593,1.0194,4.9e-05,0.005004,1
ranolazine,arteriosclerosis,1.0,0.021543,1.0062,8e-06,0.005001,1
ranolazine,myocardial ischemia,1.0,0.022134,1.0114,2.2e-05,0.005002,1
ranolazine,"hypertension, pulmonary",1.0,0.025049,1.0112,3e-05,0.005003,1
ranolazine,pulmonary arterial hypertension,1.0,0.024063,1.0108,2.7e-05,0.005003,1
dactinomycin,rhabdomyosarcoma,1.0,0.151473,1.0154,4e-06,0.005002,1
trimeprazine,trigeminal nerve diseases,1.0,0.259256,1.001,1e-06,0.005,1
butylscopolammonium bromide,endometrial neoplasms,1.0,0.073379,1.0115,6e-06,0.005002,1
butylscopolammonium bromide,ovarian neoplasms,1.0,0.077291,1.0192,1e-05,0.005002,1
"budesonide, formoterol fumarate drug combination",asthma,1.0,0.1652,1.051,1.7e-05,0.005006,1
delavirdine,hiv infections,1.0,0.170416,1.1233,4.1e-05,0.005015,1
losartan,diabetic nephropathies,1.0,0.01285,1.0356,7.6e-05,0.005009,1
losartan,cerebral small vessel diseases,1.0,0.010771,1.0271,2.2e-05,0.005004,1
losartan,hypertrophy,1.0,0.010522,1.0282,2.7e-05,0.005005,1
losartan,diabetes mellitus,1.0,0.018927,1.106,0.000391,0.005028,1
losartan,metabolic syndrome,1.0,0.015301,1.0593,0.000174,0.005018,1
losartan,retinal diseases,1.0,0.009956,1.0252,1.1e-05,0.005003,1
losartan,insulin resistance,1.0,0.013817,1.0457,0.00012,0.005012,1
losartan,obesity,1.0,0.02085,1.1474,0.000576,0.005033,1
losartan,hypertension,1.0,0.025021,1.1239,0.000538,0.005035,1
losartan,proteinuria,1.0,0.011909,1.0278,3.8e-05,0.005005,1
losartan,"diabetes mellitus, type 2",1.0,0.019574,1.0964,0.000386,0.00503,1
losartan,marfan syndrome,1.0,0.010084,1.0249,1.1e-05,0.005003,1
losartan,aortic coarctation,1.0,0.009754,1.0276,1.6e-05,0.005004,1
losartan,cardiovascular diseases,1.0,0.016849,1.0878,0.000321,0.005025,1
losartan,essential hypertension,1.0,0.013936,1.0378,8.2e-05,0.005011,1
losartan,hyperglycemia,1.0,0.010109,1.0328,3.8e-05,0.005005,1
bimatoprost,ocular hypertension,1.0,0.084496,1.0059,1.3e-05,0.005004,1
bimatoprost,"glaucoma, open-angle",1.0,0.095469,1.0075,1.6e-05,0.005005,1
bimatoprost,glaucoma,1.0,0.081948,1.0142,2.2e-05,0.005005,1
axitinib,"carcinoma, renal cell",1.0,0.072897,1.0078,5e-06,0.005001,1
axitinib,colorectal neoplasms,1.0,0.078703,1.0201,1.4e-05,0.005003,1
nonoxynol,hiv infections,1.0,0.170416,1.1233,4.1e-05,0.005015,1
betahistine,obesity,1.0,0.099429,1.1261,7.2e-05,0.005014,1
betahistine,weight gain,1.0,0.084941,1.0058,2e-06,0.005001,1
metoclopramide,vomiting,1.0,0.087334,1.0146,1.2e-05,0.005004,1
metoclopramide,postoperative nausea and vomiting,1.0,0.086492,1.0132,1.2e-05,0.005004,1
hydroxyethyl starch derivatives,hemorrhage,1.0,0.170722,1.0025,1e-06,0.005001,1
nifedipine,diabetic nephropathies,1.0,0.028337,1.0199,2.9e-05,0.005004,1
nifedipine,hypertension,1.0,0.045558,1.1069,0.000202,0.005017,1
nifedipine,hypertensive crisis,1.0,0.027757,1.0086,4e-06,0.005001,1
nifedipine,proteinuria,1.0,0.031844,1.0122,1.4e-05,0.005003,1
nifedipine,pre-eclampsia,1.0,0.036213,1.0264,4.3e-05,0.005005,1
nifedipine,epilepsy,1.0,0.031799,1.0693,0.000134,0.00501,1
antitubercular agents,pneumonia,1.0,0.045527,1.0088,1.9e-05,0.005003,1
antitubercular agents,tuberculosis,1.0,0.045579,1.0197,2.7e-05,0.005004,1
antitubercular agents,acquired immunodeficiency syndrome,1.0,0.041367,1.0177,3.1e-05,0.005004,1
antitubercular agents,cytomegalovirus infections,1.0,0.043091,1.0073,1.2e-05,0.005002,1
allopurinol,"lymphoma, non-hodgkin",1.0,0.007682,1.0619,0.000207,0.005016,1
allopurinol,"lymphoma, follicular",1.0,0.007322,1.0486,0.000108,0.005013,1
allopurinol,"lymphoma, b-cell",1.0,0.00646,1.0478,8.9e-05,0.005011,1
allopurinol,hypotension,1.0,0.007168,1.0458,0.000148,0.005008,1
allopurinol,hematologic diseases,1.0,0.005772,1.0389,3e-05,0.005008,1
allopurinol,kidney diseases,1.0,0.006599,1.0431,7.9e-05,0.00501,1
allopurinol,"leukemia, prolymphocytic",1.0,0.006038,1.0406,3.9e-05,0.005009,1
allopurinol,waldenstrom macroglobulinemia,1.0,0.006038,1.0406,3.9e-05,0.005009,1
allopurinol,precursor cell lymphoblastic leukemia-lymphoma,1.0,0.008498,1.0647,0.000227,0.00502,1
allopurinol,"leukemia, plasma cell",1.0,0.006038,1.0406,3.9e-05,0.005009,1
allopurinol,burkitt lymphoma,1.0,0.00728,1.0559,0.000148,0.005016,1
allopurinol,myelodysplastic syndromes,1.0,0.00952,1.0655,0.000286,0.00502,1
allopurinol,obesity,1.0,0.01283,1.1585,0.001044,0.005031,1
allopurinol,hypertension,1.0,0.013837,1.1348,0.000975,0.005029,1
allopurinol,prehypertension,1.0,0.006866,1.0397,7.9e-05,0.005007,1
allopurinol,"leukemia, myeloid, acute",1.0,0.009117,1.064,0.000246,0.00502,1
allopurinol,"leukemia, lymphocytic, chronic, b-cell",1.0,0.008114,1.0523,0.000167,0.005015,1
allopurinol,argininosuccinic aciduria,1.0,0.005225,1.0345,1e-05,0.005004,1
allopurinol,"hypertrophy, left ventricular",1.0,0.006079,1.0381,3e-05,0.005005,1
allopurinol,"angina, stable",1.0,0.00563,1.0374,3.9e-05,0.005005,1
allopurinol,heart diseases,1.0,0.0071,1.0478,0.000177,0.00501,1
allopurinol,hyperuricemia,1.0,0.005801,1.0351,2e-05,0.005004,1
allopurinol,"leukemia, myelogenous, chronic, bcr-abl positive",1.0,0.006916,1.0445,8.9e-05,0.005011,1
allopurinol,multiple myeloma,1.0,0.008487,1.0607,0.000227,0.005017,1
allopurinol,overweight,1.0,0.007648,1.0543,0.000197,0.005011,1
allopurinol,syndrome,1.0,0.005225,1.0345,1e-05,0.005004,1
allopurinol,cardiovascular diseases,1.0,0.009855,1.0983,0.000581,0.005022,1
allopurinol,essential hypertension,1.0,0.006701,1.0478,0.000148,0.00501,1
allopurinol,"lymphoma, mantle-cell",1.0,0.006505,1.041,4.9e-05,0.00501,1
aminophylline,synesthesia,1.0,0.157802,1.0198,1e-05,0.005004,1
heparin,metabolic syndrome,1.0,0.032298,1.039,5.4e-05,0.005005,1
heparin,thrombosis,1.0,0.032024,1.0107,1.7e-05,0.005002,1
heparin,covid-19,1.0,0.034045,1.0195,3.7e-05,0.005004,1
heparin,"hypertension, portal",1.0,0.033448,1.0066,1e-05,0.005002,1
heparin,liver cirrhosis,1.0,0.034992,1.0094,1.7e-05,0.005002,1
nitrogen,heart arrest,1.0,0.167527,1.0038,2e-06,0.005001,1
capsaicin,pain,1.0,0.058075,1.0372,3.8e-05,0.005006,1
capsaicin,peripheral nervous system diseases,1.0,0.048944,1.0076,4e-06,0.005001,1
capsaicin,hiv infections,1.0,0.067647,1.1251,0.000122,0.005016,1
denosumab,dermatomyositis,1.0,0.018758,1.0094,5e-06,0.005001,1
denosumab,"arthritis, rheumatoid",1.0,0.031886,1.0885,0.000206,0.005016,1
denosumab,"lupus erythematosus, systemic",1.0,0.021432,1.0236,4.1e-05,0.005005,1
denosumab,"arthritis, juvenile",1.0,0.022305,1.0175,3.3e-05,0.005005,1
denosumab,vasculitis,1.0,0.019132,1.0087,5e-06,0.005002,1
denosumab,osteoporosis,1.0,0.022037,1.0161,3.3e-05,0.005003,1
denosumab,"diabetes mellitus, type 1",1.0,0.024094,1.0371,7.9e-05,0.005008,1
denosumab,arthritis,1.0,0.02569,1.0383,9.5e-05,0.00501,1
donepezil,communication disorders,1.0,0.0149,1.0214,4.5e-05,0.005005,1
donepezil,psychophysiologic disorders,1.0,0.027291,1.0745,0.000363,0.005028,1
donepezil,amblyopia,1.0,0.012374,1.0146,8e-06,0.005002,1
donepezil,parkinson disease,1.0,0.017297,1.0259,6.9e-05,0.005006,1
donepezil,dementia,1.0,0.029378,1.0969,0.000416,0.00503,1
donepezil,cocaine-related disorders,1.0,0.014725,1.0181,2.9e-05,0.005004,1
donepezil,multiple sclerosis,1.0,0.015033,1.022,4.9e-05,0.005004,1
donepezil,osteoporosis,1.0,0.014211,1.0219,4.9e-05,0.005004,1
donepezil,ischemic stroke,1.0,0.014412,1.0171,2e-05,0.005002,1
donepezil,delirium,1.0,0.013902,1.0241,4.9e-05,0.005005,1
donepezil,alzheimer disease,1.0,0.025553,1.1411,0.000465,0.005025,1
donepezil,sleep apnea syndromes,1.0,0.01361,1.0221,4.1e-05,0.005003,1
labetalol,hypertension,1.0,0.062656,1.1037,0.000134,0.005015,1
labetalol,hypertensive crisis,1.0,0.041082,1.0057,3e-06,0.005001,1
labetalol,proteinuria,1.0,0.04658,1.0093,1e-05,0.005003,1
labetalol,pre-eclampsia,1.0,0.053143,1.0234,2.9e-05,0.005005,1
afatinib,esophageal squamous cell carcinoma,1.0,0.05218,1.003,2e-06,0.005001,1
afatinib,carcinoma,1.0,0.06207,1.0361,3.3e-05,0.005005,1
afatinib,squamous cell carcinoma of head and neck,1.0,0.060941,1.0097,1.1e-05,0.005003,1
nortriptyline,psychophysiologic disorders,1.0,0.070238,1.0658,0.000121,0.005022,1
nortriptyline,dementia,1.0,0.074001,1.088,0.000139,0.005024,1
nortriptyline,sciatica,1.0,0.040218,1.0077,4e-06,0.005001,1
nortriptyline,radiculopathy,1.0,0.039534,1.0065,3e-06,0.005001,1
histamine,myelodysplastic syndromes,1.0,0.146158,1.0329,1e-05,0.005004,1
sofosbuvir,hepatitis a,1.0,0.027411,1.0064,6e-06,0.005002,1
sofosbuvir,"hepatitis b, chronic",1.0,0.033583,1.0111,2e-05,0.005004,1
sofosbuvir,hepatitis b,1.0,0.029487,1.0098,1.6e-05,0.005003,1
sofosbuvir,substance-related disorders,1.0,0.027594,1.011,1.8e-05,0.005003,1
sofosbuvir,hepatitis c,1.0,0.031372,1.0145,2.9e-05,0.005005,1
sofosbuvir,hiv infections,1.0,0.04871,1.1257,0.000245,0.005019,1
clofazimine,cryptosporidiosis,1.0,0.278695,1.0011,1e-06,0.005,1
prazosin,heat stress disorders,1.0,0.026889,1.0102,6e-06,0.005001,1
prazosin,gastrointestinal hemorrhage,1.0,0.034409,1.0102,8e-06,0.005002,1
prazosin,dementia,1.0,0.039797,1.0916,0.000208,0.005017,1
prazosin,"hypertension, portal",1.0,0.03358,1.0117,1.2e-05,0.005002,1
prazosin,alzheimer disease,1.0,0.037632,1.1355,0.000232,0.005018,1
prazosin,fibrosis,1.0,0.037975,1.0201,2.9e-05,0.005003,1
biphasic insulins,diabetes mellitus,1.0,0.158897,1.0842,2.4e-05,0.005009,1
sulfasalazine,"arthritis, rheumatoid",1.0,0.061706,1.0852,7.7e-05,0.005013,1
sulfasalazine,glioblastoma,1.0,0.047784,1.0249,2.2e-05,0.005004,1
sulfasalazine,arthritis,1.0,0.052447,1.0352,3.6e-05,0.005007,1
dalteparin,lung neoplasms,1.0,0.023288,1.0357,6.5e-05,0.005007,1
dalteparin,thrombosis,1.0,0.023535,1.0147,2.7e-05,0.005003,1
dalteparin,prostatic neoplasms,1.0,0.027168,1.0353,7.3e-05,0.005007,1
dalteparin,thrombophilia,1.0,0.019857,1.0078,3e-06,0.005001,1
dalteparin,pregnancy complications,1.0,0.020746,1.0113,8e-06,0.005002,1
dalteparin,colorectal neoplasms,1.0,0.024545,1.0262,5.4e-05,0.005006,1
dalteparin,embolism,1.0,0.021119,1.0084,5e-06,0.005001,1
dalteparin,breast neoplasms,1.0,0.028809,1.0701,0.000155,0.005012,1
carnitine,keratoconjunctivitis sicca,1.0,0.028843,1.0104,5e-06,0.005002,1
carnitine,"arthritis, rheumatoid",1.0,0.040019,1.0881,0.000129,0.005012,1
carnitine,sjogren's syndrome,1.0,0.032496,1.0208,2.2e-05,0.005004,1
carnitine,cytomegalovirus infections,1.0,0.035747,1.0125,1.5e-05,0.005002,1
carnitine,hiv infections,1.0,0.045751,1.128,0.000204,0.005018,1
bumetanide,alzheimer disease,1.0,0.169679,1.1302,3.9e-05,0.005014,1
vindesine,"lymphoma, large-cell, immunoblastic",1.0,0.031316,1.0227,2e-05,0.005006,1
vindesine,precursor cell lymphoblastic leukemia-lymphoma,1.0,0.033435,1.036,3.9e-05,0.005008,1
vindesine,burkitt lymphoma,1.0,0.031842,1.0275,2.5e-05,0.005007,1
vindesine,mediastinal neoplasms,1.0,0.031316,1.0227,2e-05,0.005006,1
vindesine,"lymphoma, t-cell, peripheral",1.0,0.029883,1.0134,1e-05,0.005002,1
brentuximab vedotin,"lymphoma, t-cell",1.0,0.104374,1.0016,1e-06,0.005,1
brentuximab vedotin,hodgkin disease,1.0,0.121202,1.0165,1e-05,0.005002,1
anticoagulants,glioma,1.0,0.049476,1.016,1.5e-05,0.005003,1
anticoagulants,epilepsy,1.0,0.063839,1.0643,6.7e-05,0.00501,1
anticoagulants,drug resistant epilepsy,1.0,0.055585,1.0076,7e-06,0.005002,1
bupivacaine,hypotension,1.0,0.014314,1.0234,8.2e-05,0.005005,1
bupivacaine,"osteoarthritis, knee",1.0,0.014916,1.0238,7.6e-05,0.005007,1
bupivacaine,osteoarthritis,1.0,0.015536,1.0332,0.000141,0.005009,1
bupivacaine,pain,1.0,0.018963,1.0436,0.000201,0.005012,1
bupivacaine,vomiting,1.0,0.01718,1.0244,9.8e-05,0.005009,1
bupivacaine,kidney neoplasms,1.0,0.01227,1.0301,7.1e-05,0.005004,1
bupivacaine,hip injuries,1.0,0.011329,1.0114,5e-06,0.005002,1
bupivacaine,synesthesia,1.0,0.018646,1.0302,0.000158,0.005011,1
bupivacaine,meningeal neoplasms,1.0,0.011329,1.0114,5e-06,0.005002,1
bupivacaine,kidney calculi,1.0,0.011329,1.0114,5e-06,0.005002,1
bupivacaine,rectal diseases,1.0,0.012925,1.021,6e-05,0.005005,1
bupivacaine,ureteral neoplasms,1.0,0.011329,1.0114,5e-06,0.005002,1
bupivacaine,narcotic-related disorders,1.0,0.011994,1.0119,1.1e-05,0.005002,1
bupivacaine,cleft palate,1.0,0.011774,1.0141,1.6e-05,0.005003,1
bupivacaine,postoperative nausea and vomiting,1.0,0.016977,1.023,9.2e-05,0.005009,1
bupivacaine,musculoskeletal pain,1.0,0.011329,1.0114,5e-06,0.005002,1
amitriptyline,psychophysiologic disorders,1.0,0.114008,1.0651,6e-05,0.005022,1
amitriptyline,dementia,1.0,0.117642,1.0873,6.9e-05,0.005024,1
bryostatins,colorectal neoplasms,1.0,0.052377,1.0242,2e-05,0.005003,1
bryostatins,alzheimer disease,1.0,0.061163,1.1319,0.000116,0.005015,1
bryostatins,uterine cervical neoplasms,1.0,0.047408,1.0139,8e-06,0.005002,1
promethazine,psychophysiologic disorders,1.0,0.114008,1.0651,6e-05,0.005022,1
promethazine,dementia,1.0,0.117642,1.0873,6.9e-05,0.005024,1
basiliximab,infections,1.0,0.081176,1.0127,1.2e-05,0.005003,1
basiliximab,liver cirrhosis,1.0,0.081267,1.0069,7e-06,0.005002,1
cholecalciferol,glucose intolerance,1.0,0.014186,1.0364,7.1e-05,0.005008,1
cholecalciferol,vitamin d deficiency,1.0,0.012992,1.0213,1e-05,0.005002,1
cholecalciferol,insulin resistance,1.0,0.014269,1.0423,0.000105,0.00501,1
cholecalciferol,obesity,1.0,0.024654,1.1437,0.000504,0.00503,1
cholecalciferol,hypertension,1.0,0.02082,1.1203,0.000471,0.005025,1
cholecalciferol,"hyperparathyroidism, secondary",1.0,0.012992,1.0213,1e-05,0.005002,1
cholecalciferol,heart failure,1.0,0.014872,1.0352,8.6e-05,0.005007,1
cholecalciferol,"diabetes mellitus, type 2",1.0,0.018762,1.0928,0.000338,0.005021,1
cholecalciferol,asthma,1.0,0.018847,1.0703,0.000242,0.005013,1
cholecalciferol,hemophilia b,1.0,0.011007,1.0208,5e-06,0.005002,1
cholecalciferol,epilepsy,1.0,0.018224,1.0822,0.000314,0.005015,1
cholecalciferol,erectile dysfunction,1.0,0.011409,1.0216,1e-05,0.005002,1
cholecalciferol,opioid-related disorders,1.0,0.013161,1.0262,4.8e-05,0.005004,1
cholecalciferol,drug resistant epilepsy,1.0,0.014167,1.0246,3.3e-05,0.005004,1
phenobarbital,psychophysiologic disorders,1.0,0.067286,1.0677,0.000121,0.005026,1
phenobarbital,dementia,1.0,0.069698,1.09,0.000139,0.005028,1
phenobarbital,status epilepticus,1.0,0.037853,1.0144,1.4e-05,0.005005,1
phenobarbital,epilepsy,1.0,0.05026,1.0686,9e-05,0.005016,1
nateglinide,diabetes mellitus,1.0,0.087026,1.087,4.9e-05,0.005013,1
nateglinide,"diabetes mellitus, type 2",1.0,0.08757,1.0776,4.8e-05,0.005013,1
ethosuximide,"epilepsy, absence",1.0,0.057702,1.0061,4e-06,0.005001,1
ethosuximide,seizures,1.0,0.058757,1.0207,2.4e-05,0.005006,1
ethosuximide,epilepsy,1.0,0.069636,1.0644,6.7e-05,0.005012,1
"botulinum toxins, type a",temporomandibular joint disorders,1.0,0.08189,1.0078,5e-06,0.005001,1
"botulinum toxins, type a",shoulder pain,1.0,0.068654,1.0035,2e-06,0.005001,1
"botulinum toxins, type a",trigeminal nerve diseases,1.0,0.10553,1.0024,2e-06,0.005001,1
citrulline,asthma,1.0,0.085294,1.0519,3.5e-05,0.005007,1
citrulline,pre-eclampsia,1.0,0.080461,1.021,1.4e-05,0.005003,1
flucytosine,meningitis,1.0,0.079214,1.0074,3e-06,0.005001,1
flucytosine,hiv infections,1.0,0.103444,1.1237,8.2e-05,0.005016,1
leukotriene antagonists,chronic urticaria,1.0,0.176038,1.0022,1e-06,0.005001,1
melphalan,"lymphoma, non-hodgkin",1.0,0.007721,1.0558,0.000235,0.005022,1
melphalan,spinocerebellar degenerations,1.0,0.005896,1.0341,5.6e-05,0.005012,1
melphalan,"polyradiculoneuropathy, chronic inflammatory demyelinating",1.0,0.005896,1.0341,5.6e-05,0.005012,1
melphalan,congenital bone marrow failure syndromes,1.0,0.005718,1.0306,4.5e-05,0.005008,1
melphalan,immunologic deficiency syndromes,1.0,0.006288,1.033,6.7e-05,0.005011,1
melphalan,neuromyelitis optica,1.0,0.006952,1.0435,0.000134,0.005016,1
melphalan,lambert-eaton myasthenic syndrome,1.0,0.005896,1.0341,5.6e-05,0.005012,1
melphalan,precursor cell lymphoblastic leukemia-lymphoma,1.0,0.008721,1.0585,0.000258,0.005027,1
melphalan,"vasculitis, central nervous system",1.0,0.005896,1.0341,5.6e-05,0.005012,1
melphalan,myelodysplastic syndromes,1.0,0.010731,1.0593,0.000325,0.005029,1
melphalan,"angioedemas, hereditary",1.0,0.005718,1.0306,4.5e-05,0.005008,1
melphalan,"leukemia, myeloid, acute",1.0,0.009835,1.0579,0.00028,0.005026,1
melphalan,"histiocytosis, langerhans-cell",1.0,0.007426,1.0385,0.000123,0.005016,1
melphalan,lymphoma,1.0,0.012665,1.0851,0.00056,0.005036,1
melphalan,"leukemia, lymphocytic, chronic, b-cell",1.0,0.007452,1.0462,0.000191,0.005017,1
melphalan,chediak-higashi syndrome,1.0,0.006288,1.033,6.7e-05,0.005011,1
melphalan,leukemia,1.0,0.012028,1.0667,0.000381,0.005035,1
melphalan,"brain diseases, metabolic, inborn",1.0,0.005718,1.0306,4.5e-05,0.005008,1
melphalan,neuroblastoma,1.0,0.007049,1.0374,0.000112,0.005014,1
melphalan,"anemia, sickle cell",1.0,0.007071,1.0458,0.000191,0.005016,1
melphalan,"anemia, refractory",1.0,0.005668,1.0324,5.6e-05,0.00501,1
melphalan,myasthenia gravis,1.0,0.006733,1.0356,7.8e-05,0.005012,1
melphalan,autoimmune diseases of the nervous system,1.0,0.00633,1.035,7.8e-05,0.005012,1
melphalan,"lymphohistiocytosis, hemophagocytic",1.0,0.006288,1.033,6.7e-05,0.005011,1
melphalan,"arthritis, juvenile",1.0,0.006758,1.0371,0.000134,0.00501,1
melphalan,stiff-person syndrome,1.0,0.005896,1.0341,5.6e-05,0.005012,1
melphalan,"neoplasms, plasma cell",1.0,0.005135,1.0317,4.5e-05,0.005006,1
melphalan,opsoclonus-myoclonus syndrome,1.0,0.005896,1.0341,5.6e-05,0.005012,1
melphalan,multiple myeloma,1.0,0.008593,1.0546,0.000258,0.005022,1
melphalan,anemia,1.0,0.008046,1.0421,0.000168,0.005016,1
melphalan,lymphoproliferative disorders,1.0,0.007304,1.0391,0.000112,0.005017,1
melphalan,"anemia, refractory, with excess of blasts",1.0,0.005668,1.0324,5.6e-05,0.00501,1
melphalan,autoimmune diseases,1.0,0.007802,1.0492,0.000202,0.005019,1
praziquantel,neurocysticercosis,1.0,0.086366,1.0035,2e-06,0.005001,1
praziquantel,epilepsy,1.0,0.1056,1.0642,6.7e-05,0.005009,1
praziquantel,schistosomiasis mansoni,1.0,0.070188,1.0032,1e-06,0.005,1
rilpivirine,hiv infections,1.0,0.170416,1.1233,4.1e-05,0.005015,1
"anti-inflammatory agents, non-steroidal","arthritis, rheumatoid",1.0,0.047801,1.0885,0.000103,0.005012,1
"anti-inflammatory agents, non-steroidal",osteoarthritis,1.0,0.039365,1.0299,3.5e-05,0.005005,1
"anti-inflammatory agents, non-steroidal",hypertension,1.0,0.04721,1.1069,0.000134,0.005015,1
"anti-inflammatory agents, non-steroidal",ulcer,1.0,0.044771,1.0101,7e-06,0.005001,1
linezolid,pneumonia,1.0,0.08666,1.0077,1e-05,0.005002,1
linezolid,tuberculosis,1.0,0.085968,1.0186,1.4e-05,0.005003,1
tranexamic acid,thrombosis,1.0,0.03303,1.0125,2.4e-05,0.005002,1
tranexamic acid,melanoma,1.0,0.034125,1.0164,2.9e-05,0.005002,1
tranexamic acid,postoperative hemorrhage,1.0,0.029652,1.0056,2e-06,0.005001,1
tranexamic acid,"aortic aneurysm, abdominal",1.0,0.029652,1.0056,2e-06,0.005001,1
tranexamic acid,burns,1.0,0.029652,1.0056,2e-06,0.005001,1
tranexamic acid,postpartum hemorrhage,1.0,0.030085,1.0071,5e-06,0.005001,1
tranexamic acid,breast neoplasms,1.0,0.038359,1.0679,0.000135,0.005008,1
pyrithioxin,psychophysiologic disorders,1.0,0.114008,1.0651,6e-05,0.005022,1
pyrithioxin,dementia,1.0,0.117642,1.0873,6.9e-05,0.005024,1
vitamin k 1,cardiovascular diseases,1.0,0.147768,1.0658,2e-05,0.005007,1
acitretin,alzheimer disease,1.0,0.169679,1.1302,3.9e-05,0.005014,1
minocycline,"arthritis, rheumatoid",1.0,0.038977,1.095,0.000129,0.005015,1
minocycline,hypertension,1.0,0.038221,1.1135,0.000168,0.005018,1
minocycline,alzheimer disease,1.0,0.040603,1.1413,0.000194,0.005022,1
minocycline,hiv infections,1.0,0.040414,1.1351,0.000204,0.00502,1
minocycline,inflammatory bowel diseases,1.0,0.029313,1.0183,1e-05,0.005002,1
docosahexaenoic acids,alzheimer disease,1.0,0.169679,1.1302,3.9e-05,0.005014,1
flupenthixol,psychophysiologic disorders,1.0,0.114008,1.0651,6e-05,0.005022,1
flupenthixol,dementia,1.0,0.117642,1.0873,6.9e-05,0.005024,1
calcium carbonate,"arthritis, juvenile",1.0,0.144645,1.0103,4e-06,0.005002,1
angiotensin-converting enzyme inhibitors,diabetic nephropathies,1.0,0.018267,1.0264,4.3e-05,0.005006,1
angiotensin-converting enzyme inhibitors,diabetes mellitus,1.0,0.02877,1.0962,0.00022,0.005024,1
angiotensin-converting enzyme inhibitors,hypertension,1.0,0.030714,1.114,0.000303,0.005026,1
angiotensin-converting enzyme inhibitors,intracranial arteriosclerosis,1.0,0.016918,1.0189,1.8e-05,0.005003,1
angiotensin-converting enzyme inhibitors,atherosclerosis,1.0,0.020241,1.0403,6.4e-05,0.005011,1
angiotensin-converting enzyme inhibitors,"diabetes mellitus, type 1",1.0,0.019347,1.0437,8.9e-05,0.005008,1
angiotensin-converting enzyme inhibitors,heart diseases,1.0,0.020178,1.0286,5.5e-05,0.005008,1
angiotensin-converting enzyme inhibitors,coronary disease,1.0,0.019542,1.0326,5.2e-05,0.005011,1
angiotensin-converting enzyme inhibitors,cardiovascular diseases,1.0,0.026644,1.0781,0.00018,0.005022,1
benzalkonium compounds,"glaucoma, open-angle",1.0,0.199886,1.0067,5e-06,0.005002,1
paromomycin,"leishmaniasis, visceral",1.0,0.456929,1.0004,0.0,0.005,1
ropivacaine,"osteoarthritis, knee",1.0,0.036198,1.0163,2.4e-05,0.005005,1
ropivacaine,joint diseases,1.0,0.034093,1.0091,1.5e-05,0.005003,1
ropivacaine,osteoarthritis,1.0,0.036906,1.0256,4.4e-05,0.005007,1
ropivacaine,pain,1.0,0.041276,1.0359,6.3e-05,0.005008,1
ropivacaine,ankle fractures,1.0,0.029804,1.0053,5e-06,0.005002,1
ergocalciferols,vitamin d deficiency,1.0,0.032555,1.0089,3e-06,0.005001,1
ergocalciferols,obesity,1.0,0.045562,1.1298,0.00018,0.005016,1
ergocalciferols,"hyperparathyroidism, secondary",1.0,0.032555,1.0089,3e-06,0.005001,1
ergocalciferols,"diabetes mellitus, type 1",1.0,0.036238,1.0368,4.9e-05,0.005006,1
ergocalciferols,asthma,1.0,0.043529,1.0573,8.7e-05,0.005009,1
fluticasone-salmeterol drug combination,asthma,1.0,0.095229,1.0518,3.5e-05,0.005009,1
fluticasone-salmeterol drug combination,"pulmonary disease, chronic obstructive",1.0,0.085255,1.0196,1.6e-05,0.005005,1
nitric oxide,"mycobacterium infections, nontuberculous",1.0,0.012407,1.007,5e-06,0.005002,1
nitric oxide,leg ulcer,1.0,0.012407,1.007,5e-06,0.005002,1
nitric oxide,postoperative complications,1.0,0.012811,1.0093,1.5e-05,0.005002,1
nitric oxide,cystic fibrosis,1.0,0.013327,1.009,1.5e-05,0.005002,1
nitric oxide,premature birth,1.0,0.015831,1.0095,2e-05,0.005002,1
nitric oxide,bronchiolitis,1.0,0.013886,1.0087,2e-05,0.005003,1
nitric oxide,pressure ulcer,1.0,0.012407,1.007,5e-06,0.005002,1
nitric oxide,"heart defects, congenital",1.0,0.014992,1.0075,1.5e-05,0.005002,1
nitric oxide,chest pain,1.0,0.014104,1.0081,1.5e-05,0.005002,1
nitric oxide,hypoxia,1.0,0.014049,1.0083,1.5e-05,0.005002,1
nitric oxide,"anemia, sickle cell",1.0,0.014912,1.0251,8.7e-05,0.005004,1
nitric oxide,covid-19,1.0,0.017522,1.0229,0.000112,0.005005,1
nitric oxide,neuralgia,1.0,0.013905,1.0108,3.1e-05,0.005003,1
nitric oxide,dyspnea,1.0,0.013295,1.0076,1e-05,0.005002,1
nitric oxide,heart arrest,1.0,0.016357,1.0103,3.1e-05,0.005003,1
triiodothyronine,hypothyroidism,1.0,0.069158,1.002,3e-06,0.005001,1
triiodothyronine,hyperlipidemias,1.0,0.071786,1.009,8e-06,0.005001,1
triiodothyronine,hypopituitarism,1.0,0.069158,1.002,3e-06,0.005001,1
triiodothyronine,thyroid neoplasms,1.0,0.051443,1.0037,4e-06,0.005001,1
clozapine,psychophysiologic disorders,1.0,0.114008,1.0651,6e-05,0.005022,1
clozapine,dementia,1.0,0.117642,1.0873,6.9e-05,0.005024,1
carbamazepine,psychophysiologic disorders,1.0,0.041267,1.0714,0.000242,0.005029,1
carbamazepine,dementia,1.0,0.042959,1.0937,0.000277,0.005031,1
carbamazepine,seizures,1.0,0.025581,1.0282,6.5e-05,0.005011,1
carbamazepine,"epilepsies, partial",1.0,0.022364,1.0187,3e-05,0.005007,1
carbamazepine,spasm,1.0,0.021634,1.0143,1.9e-05,0.005003,1
carbamazepine,asthma,1.0,0.024734,1.0604,0.000139,0.005009,1
carbamazepine,epilepsy,1.0,0.033975,1.0722,0.000179,0.005021,1
carbamazepine,"epilepsy, rolandic",1.0,0.018257,1.012,5e-06,0.005002,1
ophthalmic solutions,ocular hypertension,1.0,0.084496,1.0059,1.3e-05,0.005004,1
ophthalmic solutions,"glaucoma, open-angle",1.0,0.095469,1.0075,1.6e-05,0.005005,1
ophthalmic solutions,glaucoma,1.0,0.081948,1.0142,2.2e-05,0.005005,1
bendroflumethiazide,hypertension,1.0,0.164149,1.102,3.4e-05,0.005012,1
angiotensin ii,acute kidney injury,1.0,0.063011,1.0039,5e-06,0.005001,1
angiotensin ii,end stage liver disease,1.0,0.056458,1.0029,3e-06,0.005001,1
angiotensin ii,fibrosis,1.0,0.0681,1.0126,1.4e-05,0.005002,1
micafungin,"obesity, morbid",1.0,0.180561,1.01,4e-06,0.005002,1
tenecteplase,stroke,1.0,0.088911,1.0283,1.9e-05,0.005004,1
tenecteplase,ischemic stroke,1.0,0.08016,1.005,3e-06,0.005001,1
fosinopril,hypertension,1.0,0.066096,1.1055,0.000101,0.005018,1
fosinopril,heart diseases,1.0,0.052369,1.0208,1.8e-05,0.005006,1
fosinopril,cardiovascular diseases,1.0,0.059056,1.0699,6e-05,0.005013,1
lutein,glaucoma,1.0,0.172028,1.0136,7e-06,0.005003,1
indigo carmine,alzheimer disease,1.0,0.169679,1.1302,3.9e-05,0.005014,1
ganciclovir,lymphoma,1.0,0.055292,1.0627,5.1e-05,0.005009,1
ganciclovir,cytomegalovirus retinitis,1.0,0.059621,1.0074,4e-06,0.005001,1
ganciclovir,hiv infections,1.0,0.076831,1.1263,0.000122,0.005018,1
sodium-glucose transporter 2 inhibitors,glomerulonephritis,1.0,0.037593,1.0099,7e-06,0.005002,1
sodium-glucose transporter 2 inhibitors,"diabetes mellitus, type 2",1.0,0.04861,1.0778,9.6e-05,0.005012,1
sodium-glucose transporter 2 inhibitors,cardiovascular diseases,1.0,0.044401,1.0694,8e-05,0.005011,1
sodium-glucose transporter 2 inhibitors,"glomerulonephritis, iga",1.0,0.038848,1.0086,7e-06,0.005001,1
tocopherols,non-alcoholic fatty liver disease,1.0,0.08078,1.015,1e-05,0.005002,1
tocopherols,glaucoma,1.0,0.089707,1.0144,1.5e-05,0.005003,1
sulpiride,psychophysiologic disorders,1.0,0.114008,1.0651,6e-05,0.005022,1
sulpiride,dementia,1.0,0.117642,1.0873,6.9e-05,0.005024,1
dopamine,parkinson disease,1.0,0.171893,1.0128,6e-06,0.005002,1
zinc,"hepatitis, alcoholic",1.0,0.173359,1.0038,1e-06,0.005,1
prostaglandin h2,neoplasm metastasis,1.0,0.110437,1.0126,7e-06,0.005002,1
prostaglandin h2,"neoplasm recurrence, local",1.0,0.105482,1.0014,1e-06,0.005,1
flutamide,prostatic neoplasms,1.0,0.163965,1.0289,9e-06,0.005003,1
risperidone,psychophysiologic disorders,1.0,0.036399,1.0743,0.000272,0.005028,1
risperidone,folliculitis,1.0,0.017029,1.0165,1.2e-05,0.005003,1
risperidone,"dementia, vascular",1.0,0.016634,1.0246,2.4e-05,0.005004,1
risperidone,dementia,1.0,0.037613,1.0966,0.000312,0.005031,1
risperidone,metabolic syndrome,1.0,0.019368,1.049,9.8e-05,0.005008,1
risperidone,"epilepsy, post-traumatic",1.0,0.017639,1.025,4e-05,0.005005,1
risperidone,rectal diseases,1.0,0.017659,1.0233,3.4e-05,0.005005,1
risperidone,alzheimer disease,1.0,0.030504,1.1407,0.000348,0.005025,1
risperidone,hyperglycemia,1.0,0.016513,1.0228,2.1e-05,0.005003,1
gefitinib,"carcinoma, non-small-cell lung",1.0,0.077317,1.0222,1.4e-05,0.005003,1
gefitinib,urinary bladder neoplasms,1.0,0.072291,1.0116,7e-06,0.005002,1
albumins,ascites,1.0,0.456929,1.0004,0.0,0.005,1
simvastatin,diabetic nephropathies,1.0,0.010678,1.0394,8.1e-05,0.005009,1
simvastatin,dyslipidemias,1.0,0.010619,1.0464,8.7e-05,0.005012,1
simvastatin,diabetes mellitus,1.0,0.018111,1.1101,0.000416,0.005034,1
simvastatin,metabolic syndrome,1.0,0.012272,1.0633,0.000185,0.005018,1
simvastatin,stroke,1.0,0.013163,1.0545,0.000162,0.005014,1
simvastatin,hypertension,1.0,0.020792,1.1281,0.000572,0.005037,1
simvastatin,esophageal and gastric varices,1.0,0.009565,1.0306,1.7e-05,0.005003,1
simvastatin,atherosclerosis,1.0,0.011993,1.0535,0.000121,0.005017,1
simvastatin,hypercholesterolemia,1.0,0.011167,1.0454,8.7e-05,0.005014,1
simvastatin,diabetic neuropathies,1.0,0.010599,1.0388,7.5e-05,0.005007,1
simvastatin,"diabetes mellitus, type 2",1.0,0.016901,1.1005,0.00041,0.005031,1
simvastatin,"multiple sclerosis, chronic progressive",1.0,0.008426,1.0324,2.3e-05,0.005003,1
simvastatin,coronary disease,1.0,0.011513,1.0457,9.8e-05,0.005014,1
simvastatin,"hypertension, portal",1.0,0.010453,1.0301,3.5e-05,0.005003,1
simvastatin,cardiovascular diseases,1.0,0.015941,1.0918,0.000341,0.005029,1
simvastatin,alzheimer disease,1.0,0.018632,1.1563,0.000658,0.005031,1
simvastatin,liver cirrhosis,1.0,0.010858,1.033,5.8e-05,0.005004,1
desvenlafaxine succinate,dystonic disorders,1.0,0.456929,1.0004,0.0,0.005,1
theophylline,pseudohypoparathyroidism,1.0,0.057492,1.003,1e-06,0.005,1
theophylline,asthma,1.0,0.083626,1.0524,5.2e-05,0.005009,1
theophylline,"pulmonary disease, chronic obstructive",1.0,0.074867,1.0202,2.4e-05,0.005005,1
ancitabine,cytomegalovirus infections,1.0,0.083079,1.0086,6e-06,0.005002,1
ancitabine,hiv infections,1.0,0.097516,1.1238,8.2e-05,0.005016,1
simendan,heart failure,1.0,0.087388,1.0162,1.2e-05,0.005002,1
simendan,"heart failure, diastolic",1.0,0.073886,1.0063,3e-06,0.005001,1
ranitidine,coronary artery disease,1.0,0.148718,1.0218,7e-06,0.005003,1
acamprosate,psychophysiologic disorders,1.0,0.08123,1.0657,9.1e-05,0.005023,1
acamprosate,dementia,1.0,0.08378,1.0879,0.000104,0.005024,1
acamprosate,alcoholism,1.0,0.052968,1.0131,1e-05,0.005002,1
corn oil,myocardial infarction,1.0,0.048255,1.0131,9e-06,0.005002,1
corn oil,heart diseases,1.0,0.053248,1.0182,1.8e-05,0.005004,1
corn oil,cardiovascular diseases,1.0,0.060191,1.0672,6e-05,0.00501,1
darbepoetin alfa,lung neoplasms,1.0,0.025432,1.0354,5.7e-05,0.005008,1
darbepoetin alfa,multiple organ failure,1.0,0.021134,1.0076,2e-06,0.005001,1
darbepoetin alfa,neoplasms,1.0,0.026032,1.0432,8.3e-05,0.005008,1
darbepoetin alfa,colorectal neoplasms,1.0,0.026403,1.026,4.8e-05,0.005006,1
darbepoetin alfa,"carcinoma, non-small-cell lung",1.0,0.026318,1.0278,4.8e-05,0.005007,1
darbepoetin alfa,"renal insufficiency, chronic",1.0,0.026088,1.0305,6.2e-05,0.005004,1
darbepoetin alfa,anemia,1.0,0.025666,1.0219,3.6e-05,0.005003,1
calcium,"arthritis, rheumatoid",1.0,0.048746,1.087,0.000103,0.005013,1
calcium,osteoporosis,1.0,0.039013,1.0147,1.6e-05,0.005003,1
calcium,epilepsy,1.0,0.044431,1.0678,9e-05,0.00501,1
calcium,arthritis,1.0,0.040843,1.0369,4.8e-05,0.005008,1
dipyridamole,"arthritis, rheumatoid",1.0,0.046134,1.0877,0.000103,0.005012,1
dipyridamole,hypertension,1.0,0.051248,1.1061,0.000134,0.005015,1
dipyridamole,venous thrombosis,1.0,0.041389,1.0115,8e-06,0.005002,1
dipyridamole,fibrosis,1.0,0.045229,1.0185,1.9e-05,0.005003,1
"isophane insulin, human",obesity,1.0,0.086945,1.1288,7.2e-05,0.005017,1
"isophane insulin, human","diabetes mellitus, type 2",1.0,0.08451,1.0785,4.8e-05,0.005013,1
pemetrexed,esophageal neoplasms,1.0,0.013422,1.0258,5.7e-05,0.005009,1
pemetrexed,uterine neoplasms,1.0,0.011263,1.0155,1.4e-05,0.005004,1
pemetrexed,neoplasms by site,1.0,0.01114,1.0141,1e-05,0.005003,1
pemetrexed,neoplasm metastasis,1.0,0.013519,1.0238,5.2e-05,0.005008,1
pemetrexed,lung neoplasms,1.0,0.015347,1.0407,0.000114,0.005014,1
pemetrexed,urogenital neoplasms,1.0,0.01114,1.0141,1e-05,0.005003,1
pemetrexed,sarcoma,1.0,0.01404,1.0315,8.1e-05,0.005009,1
pemetrexed,endometrial neoplasms,1.0,0.012859,1.0224,4.3e-05,0.005006,1
pemetrexed,neoplasms,1.0,0.01561,1.0486,0.000166,0.005014,1
pemetrexed,carcinoma,1.0,0.016739,1.0465,0.000152,0.005015,1
pemetrexed,"carcinoma, non-small-cell lung",1.0,0.016104,1.0331,9.5e-05,0.005013,1
pemetrexed,endometriosis,1.0,0.010804,1.0161,1e-05,0.005003,1
pemetrexed,"mesothelioma, malignant",1.0,0.011853,1.0157,2.4e-05,0.005004,1
pemetrexed,breast neoplasms,1.0,0.019033,1.0754,0.000271,0.005018,1
aprepitant,gastroparesis,1.0,0.062574,1.0018,1e-06,0.005,1
aprepitant,vomiting,1.0,0.076428,1.0149,1.8e-05,0.005003,1
aprepitant,nausea,1.0,0.066134,1.0055,4e-06,0.005001,1
acetylcarnitine,hypertension,1.0,0.060973,1.1092,0.000101,0.005018,1
acetylcarnitine,"diabetes mellitus, type 2",1.0,0.058118,1.082,7.2e-05,0.005014,1
acetylcarnitine,alzheimer disease,1.0,0.062455,1.1368,0.000116,0.005019,1
chlormethiazole,psychophysiologic disorders,1.0,0.114008,1.0651,6e-05,0.005022,1
chlormethiazole,dementia,1.0,0.117642,1.0873,6.9e-05,0.005024,1
chlorprothixene,psychophysiologic disorders,1.0,0.114008,1.0651,6e-05,0.005022,1
chlorprothixene,dementia,1.0,0.117642,1.0873,6.9e-05,0.005024,1
niclosamide,"arthritis, rheumatoid",1.0,0.165332,1.0829,2.6e-05,0.00501,1
carubicin,small cell lung carcinoma,1.0,0.147879,1.0092,3e-06,0.005001,1
dexmethylphenidate hydrochloride,idiopathic hypersomnia,1.0,0.456929,1.0004,0.0,0.005,1
colesevelam hydrochloride,fecal incontinence,1.0,0.055614,1.0049,3e-06,0.005001,1
colesevelam hydrochloride,"diabetes mellitus, type 2",1.0,0.063472,1.0753,7.2e-05,0.00501,1
colesevelam hydrochloride,"obesity, morbid",1.0,0.06711,1.013,1.2e-05,0.005002,1
lovastatin,"arthritis, rheumatoid",1.0,0.085154,1.0871,5.2e-05,0.005012,1
lovastatin,alzheimer disease,1.0,0.088571,1.1331,7.7e-05,0.005016,1
sodium potassium chloride symporter inhibitors,heart failure,1.0,0.125748,1.0162,1.2e-05,0.005003,1
sodium potassium chloride symporter inhibitors,"liver failure, acute",1.0,0.107706,1.0015,1e-06,0.005001,1
pilocarpine,dry eye syndromes,1.0,0.045649,1.007,1e-05,0.005002,1
pilocarpine,ocular hypertension,1.0,0.063821,1.0082,1.8e-05,0.005004,1
pilocarpine,"glaucoma, open-angle",1.0,0.072111,1.0098,2.2e-05,0.005004,1
pilocarpine,breast neoplasms,1.0,0.043936,1.0658,7.7e-05,0.005008,1
ezetimibe,dyslipidemias,1.0,0.016517,1.0358,5.1e-05,0.00501,1
ezetimibe,diabetes mellitus,1.0,0.026038,1.0989,0.000245,0.005027,1
ezetimibe,metabolic syndrome,1.0,0.017715,1.0526,0.000109,0.005013,1
ezetimibe,stroke,1.0,0.019574,1.0439,9.5e-05,0.005011,1
ezetimibe,hypertension,1.0,0.027604,1.1167,0.000336,0.005028,1
ezetimibe,atherosclerosis,1.0,0.018273,1.0429,7.1e-05,0.005013,1
ezetimibe,hypercholesterolemia,1.0,0.017164,1.0349,5.1e-05,0.00501,1
ezetimibe,diabetic neuropathies,1.0,0.016859,1.0283,4.4e-05,0.005006,1
ezetimibe,"diabetes mellitus, type 2",1.0,0.024428,1.0894,0.000241,0.005024,1
ezetimibe,coronary disease,1.0,0.017691,1.0351,5.8e-05,0.005011,1
travoprost,dry eye syndromes,1.0,0.046833,1.0051,1e-05,0.005002,1
travoprost,ocular hypertension,1.0,0.06919,1.0062,1.8e-05,0.005005,1
travoprost,"glaucoma, open-angle",1.0,0.078177,1.0078,2.2e-05,0.005005,1
travoprost,glaucoma,1.0,0.065975,1.0145,3e-05,0.005005,1
betamethasone,cough,1.0,0.030797,1.0066,1.5e-05,0.005002,1
betamethasone,vestibular diseases,1.0,0.019325,1.0051,6e-06,0.005002,1
betamethasone,premature birth,1.0,0.023344,1.0063,1.2e-05,0.005002,1
betamethasone,rhinitis,1.0,0.023596,1.0076,2.1e-05,0.005002,1
betamethasone,pregnancy complications,1.0,0.019332,1.0075,9e-06,0.005001,1
betamethasone,pharyngitis,1.0,0.020852,1.0041,6e-06,0.005001,1
betamethasone,glaucoma,1.0,0.025782,1.0168,6.7e-05,0.005004,1
betamethasone,postoperative nausea and vomiting,1.0,0.02239,1.0156,5.2e-05,0.005003,1
betamethasone,vestibular neuronitis,1.0,0.019325,1.0051,6e-06,0.005002,1
carvedilol,"carcinoma, hepatocellular",1.0,0.017419,1.0215,2.4e-05,0.005002,1
carvedilol,hypertension,1.0,0.02571,1.1169,0.000336,0.005022,1
carvedilol,"parkinson disease, secondary",1.0,0.015872,1.0176,3e-06,0.005001,1
carvedilol,esophageal and gastric varices,1.0,0.018155,1.0204,1e-05,0.005002,1
carvedilol,asthma,1.0,0.025009,1.0671,0.000173,0.005012,1
carvedilol,epilepsy,1.0,0.02242,1.0789,0.000224,0.005013,1
carvedilol,cardiovascular diseases,1.0,0.021266,1.081,0.0002,0.005014,1
carvedilol,alzheimer disease,1.0,0.026725,1.1448,0.000387,0.005023,1
carvedilol,rem sleep behavior disorder,1.0,0.015872,1.0176,3e-06,0.005001,1
carvedilol,lung diseases,1.0,0.019803,1.0281,5.4e-05,0.005005,1
zidovudine,hiv-associated lipodystrophy syndrome,1.0,0.015318,1.0264,8.2e-05,0.00501,1
zidovudine,pneumonia,1.0,0.01425,1.0212,7.6e-05,0.005006,1
zidovudine,"paraparesis, tropical spastic",1.0,0.010012,1.0161,1.1e-05,0.005003,1
zidovudine,lipodystrophy,1.0,0.010744,1.0167,1.6e-05,0.005004,1
zidovudine,lymphoma,1.0,0.013805,1.0718,0.000272,0.005013,1
zidovudine,castleman disease,1.0,0.009565,1.0166,1.1e-05,0.005002,1
zidovudine,malaria,1.0,0.013752,1.0215,6e-05,0.005007,1
zidovudine,hepatitis b,1.0,0.012219,1.0191,4.3e-05,0.005006,1
zidovudine,aids dementia complex,1.0,0.011449,1.0193,2.7e-05,0.005004,1
zidovudine,acquired immunodeficiency syndrome,1.0,0.016843,1.0302,0.000125,0.005012,1
zidovudine,brain diseases,1.0,0.011569,1.0219,4.3e-05,0.005004,1
zidovudine,aids-related complex,1.0,0.010629,1.0157,1.1e-05,0.005003,1
zidovudine,hemophilia a,1.0,0.013119,1.0182,3.3e-05,0.005006,1
zidovudine,infections,1.0,0.014316,1.0264,9.8e-05,0.005009,1
zidovudine,cardiovascular diseases,1.0,0.01722,1.0785,0.000321,0.005016,1
zidovudine,hiv infections,1.0,0.032846,1.136,0.000652,0.005031,1
vitamin b 12,glucose intolerance,1.0,0.039381,1.026,2e-05,0.005004,1
vitamin b 12,obesity,1.0,0.053127,1.1322,0.000144,0.00502,1
vitamin b 12,overweight,1.0,0.03927,1.0303,2.7e-05,0.005006,1
vitamin b 12,alzheimer disease,1.0,0.04949,1.1367,0.000155,0.005019,1
colestipol,breast neoplasms,1.0,0.156874,1.0645,1.9e-05,0.005007,1
glipizide,atherosclerosis,1.0,0.142473,1.0272,7e-06,0.005003,1
sevelamer,"renal insufficiency, chronic",1.0,0.111606,1.0246,1.8e-05,0.005004,1
sevelamer,hyperphosphatemia,1.0,0.095526,1.0018,1e-06,0.005001,1
fenofibrate,"arthritis, rheumatoid",1.0,0.01497,1.1053,0.000413,0.005017,1
fenofibrate,gangliosidoses,1.0,0.009076,1.0244,5e-06,0.005002,1
fenofibrate,dyslipidemias,1.0,0.010842,1.0425,8.2e-05,0.005009,1
fenofibrate,cystic fibrosis,1.0,0.009877,1.0255,1.6e-05,0.005002,1
fenofibrate,metabolic syndrome,1.0,0.013328,1.0594,0.000174,0.005015,1
fenofibrate,insulin resistance,1.0,0.01212,1.0457,0.00012,0.005011,1
fenofibrate,obesity,1.0,0.020753,1.1475,0.000576,0.005032,1
fenofibrate,hypertriglyceridemia,1.0,0.009687,1.029,2.2e-05,0.005004,1
fenofibrate,brain neoplasms,1.0,0.01031,1.0343,6.5e-05,0.005004,1
fenofibrate,"diabetes mellitus, type 2",1.0,0.017958,1.0964,0.000386,0.005024,1
fenofibrate,overweight,1.0,0.012203,1.0442,0.000109,0.005011,1
fenofibrate,"depression, postpartum",1.0,0.009672,1.0263,1.6e-05,0.005002,1
fenofibrate,cardiovascular diseases,1.0,0.014623,1.0878,0.000321,0.00502,1
fenofibrate,breast neoplasms,1.0,0.013912,1.087,0.00031,0.005014,1
fenofibrate,sleep apnea syndromes,1.0,0.010908,1.0319,5.4e-05,0.005005,1
fenofibrate,"obesity, morbid",1.0,0.013402,1.0329,6.5e-05,0.005005,1
ethiodized oil,infertility,1.0,0.117713,1.0087,4e-06,0.005001,1
ethiodized oil,"infertility, female",1.0,0.110899,1.0013,1e-06,0.005,1
prebiotics,respiratory sounds,1.0,0.045802,1.0098,7e-06,0.005001,1
prebiotics,obesity,1.0,0.050367,1.129,0.000144,0.005016,1
prebiotics,respiratory tract diseases,1.0,0.041162,1.0075,3e-06,0.005001,1
prebiotics,epilepsy,1.0,0.04851,1.0682,9e-05,0.005011,1
nitrogenase,hypoxia,1.0,0.05193,1.0028,3e-06,0.005001,1
nitrogenase,respiratory insufficiency,1.0,0.052394,1.0053,5e-06,0.005001,1
nitrogenase,covid-19,1.0,0.061831,1.0173,2.2e-05,0.005003,1
cabergoline,glucose intolerance,1.0,0.093166,1.0175,1e-05,0.005002,1
cabergoline,body weight,1.0,0.081333,1.0045,1e-06,0.005001,1
modafinil,sleep initiation and maintenance disorders,1.0,0.019292,1.0199,3.1e-05,0.005003,1
modafinil,amphetamine-related disorders,1.0,0.019447,1.0153,1.2e-05,0.005002,1
modafinil,obesity,1.0,0.028713,1.1358,0.000324,0.005021,1
modafinil,neoplasms,1.0,0.020353,1.049,0.000107,0.005007,1
modafinil,disorders of excessive somnolence,1.0,0.016705,1.0135,3e-06,0.005001,1
modafinil,fatigue,1.0,0.020349,1.018,1.8e-05,0.005002,1
modafinil,overweight,1.0,0.020709,1.0335,6.1e-05,0.005007,1
modafinil,alzheimer disease,1.0,0.02853,1.1402,0.000348,0.00502,1
modafinil,post-acute covid-19 syndrome,1.0,0.018123,1.0183,2.1e-05,0.005002,1
gabapentin,marijuana abuse,1.0,0.006369,1.0318,1.7e-05,0.005003,1
gabapentin,hot flashes,1.0,0.0067,1.0312,1.7e-05,0.005004,1
gabapentin,psychophysiologic disorders,1.0,0.018345,1.0915,0.000756,0.005035,1
gabapentin,acute kidney injury,1.0,0.007712,1.0323,4.2e-05,0.005004,1
gabapentin,complex regional pain syndromes,1.0,0.006437,1.0318,1.7e-05,0.005004,1
gabapentin,pain,1.0,0.011623,1.0627,0.000314,0.005016,1
gabapentin,postoperative complications,1.0,0.006465,1.0321,2.5e-05,0.005004,1
gabapentin,carpal tunnel syndrome,1.0,0.006129,1.0307,8e-06,0.005003,1
gabapentin,dementia,1.0,0.019732,1.1142,0.000866,0.005039,1
gabapentin,prostatic neoplasms,1.0,0.008609,1.058,0.000229,0.005008,1
gabapentin,peripheral nervous system diseases,1.0,0.007258,1.0324,3.4e-05,0.005005,1
gabapentin,"epilepsy, complex partial",1.0,0.006599,1.0315,1.7e-05,0.005005,1
gabapentin,obesity,1.0,0.013979,1.1545,0.0009,0.005027,1
gabapentin,seizures,1.0,0.009931,1.0475,0.000204,0.005016,1
gabapentin,alcoholism,1.0,0.008107,1.0377,8.5e-05,0.005007,1
gabapentin,"epilepsies, partial",1.0,0.008422,1.0379,9.3e-05,0.00501,1
gabapentin,diabetic neuropathies,1.0,0.009277,1.0413,0.00011,0.005008,1
gabapentin,"pain, postoperative",1.0,0.008429,1.0398,9.3e-05,0.005008,1
gabapentin,"neuralgia, postherpetic",1.0,0.007823,1.0332,4.2e-05,0.005006,1
gabapentin,restless legs syndrome,1.0,0.007035,1.0317,2.5e-05,0.005004,1
gabapentin,epilepsy,1.0,0.01388,1.0924,0.00056,0.005027,1
gabapentin,glioblastoma,1.0,0.00737,1.0502,0.000187,0.005008,1
gabapentin,chronic pain,1.0,0.00912,1.0375,9.3e-05,0.005008,1
gabapentin,hiv infections,1.0,0.013845,1.1528,0.001019,0.005026,1
gabapentin,"kidney failure, chronic",1.0,0.007056,1.0386,6.8e-05,0.005005,1
steroids,infections,1.0,0.043723,1.0135,2.4e-05,0.005003,1
steroids,cytomegalovirus infections,1.0,0.044547,1.0068,1.2e-05,0.005002,1
steroids,liver cirrhosis,1.0,0.043492,1.0076,1.4e-05,0.005002,1
steroids,heart arrest,1.0,0.044626,1.0052,8e-06,0.005001,1
alemtuzumab,hematologic neoplasms,1.0,0.008288,1.0179,2.6e-05,0.005003,1
alemtuzumab,graft vs host disease,1.0,0.010021,1.0296,7.7e-05,0.005008,1
alemtuzumab,congenital bone marrow failure syndromes,1.0,0.009334,1.018,2.6e-05,0.005006,1
alemtuzumab,immunologic deficiency syndromes,1.0,0.009873,1.0203,3.9e-05,0.005008,1
alemtuzumab,"angioedemas, hereditary",1.0,0.009334,1.018,2.6e-05,0.005006,1
alemtuzumab,"leukemia, lymphoid",1.0,0.007918,1.0166,1.3e-05,0.005003,1
alemtuzumab,"histiocytosis, langerhans-cell",1.0,0.010647,1.0258,7.1e-05,0.00501,1
alemtuzumab,lymphoma,1.0,0.015122,1.0718,0.000323,0.00502,1
alemtuzumab,chediak-higashi syndrome,1.0,0.009873,1.0203,3.9e-05,0.005008,1
alemtuzumab,leukemia,1.0,0.014155,1.0536,0.000219,0.005018,1
alemtuzumab,"brain diseases, metabolic, inborn",1.0,0.009334,1.018,2.6e-05,0.005006,1
alemtuzumab,neuroblastoma,1.0,0.01097,1.0246,6.5e-05,0.005009,1
alemtuzumab,"anemia, sickle cell",1.0,0.011166,1.0329,0.00011,0.00501,1
alemtuzumab,"lymphohistiocytosis, hemophagocytic",1.0,0.009873,1.0203,3.9e-05,0.005008,1
alemtuzumab,"arthritis, juvenile",1.0,0.010849,1.0243,7.7e-05,0.005008,1
alemtuzumab,"diabetes mellitus, type 1",1.0,0.010771,1.044,0.000187,0.005009,1
alemtuzumab,thalassemia,1.0,0.008893,1.0223,3.9e-05,0.005005,1
alemtuzumab,anemia,1.0,0.012009,1.0293,9.7e-05,0.005011,1
alemtuzumab,lymphoproliferative disorders,1.0,0.011058,1.0263,6.5e-05,0.005011,1
insulin,diabetes mellitus,1.0,0.025824,1.0974,0.000269,0.005021,1
insulin,glucose metabolism disorders,1.0,0.014159,1.0241,2.6e-05,0.005004,1
insulin,multiple sclerosis,1.0,0.015917,1.0238,4.5e-05,0.005004,1
insulin,heart failure,1.0,0.017452,1.0305,6.7e-05,0.005006,1
insulin,"diabetes mellitus, type 2",1.0,0.024395,1.0878,0.000265,0.005021,1
insulin,"diabetes mellitus, type 1",1.0,0.017606,1.0448,0.000108,0.00501,1
insulin,"diabetes, gestational",1.0,0.017119,1.0241,3e-05,0.005005,1
insulin,pregnancy in diabetics,1.0,0.014618,1.0195,1.1e-05,0.005003,1
insulin,delirium,1.0,0.014564,1.0258,4.5e-05,0.005004,1
insulin,alzheimer disease,1.0,0.024695,1.143,0.000426,0.005024,1
insulin,hyperglycemia,1.0,0.014002,1.0248,2.6e-05,0.005005,1
raloxifene hydrochloride,osteoporosis,1.0,0.075638,1.0126,8e-06,0.005002,1
raloxifene hydrochloride,alzheimer disease,1.0,0.092992,1.1307,7.7e-05,0.005015,1
epirubicin,multiple myeloma,1.0,0.07319,1.0303,1.6e-05,0.005004,1
epirubicin,breast neoplasms,1.0,0.081734,1.0659,3.9e-05,0.005008,1
lysine,"rhinitis, allergic, seasonal",1.0,0.177743,1.0019,1e-06,0.005001,1
zeaxanthins,glaucoma,1.0,0.172028,1.0136,7e-06,0.005003,1
trapidil,"cerebral hemorrhage, traumatic",1.0,0.456929,1.0004,0.0,0.005,1
hydrocortisone,rheumatic diseases,1.0,0.059822,1.003,3e-06,0.005001,1
hydrocortisone,"dermatitis, atopic",1.0,0.063012,1.0043,5e-06,0.005001,1
hydrocortisone,jet lag syndrome,1.0,0.059453,1.0023,2e-06,0.005001,1
glycerylphosphorylcholine,stroke,1.0,0.080361,1.0319,1.9e-05,0.005005,1
glycerylphosphorylcholine,alzheimer disease,1.0,0.0905,1.1315,7.7e-05,0.005015,1
rilmenidine,hypertension,1.0,0.091259,1.103,6.7e-05,0.005014,1
rilmenidine,"renal insufficiency, chronic",1.0,0.079837,1.0275,1.8e-05,0.005005,1
lactose,asthma,1.0,0.1652,1.051,1.7e-05,0.005006,1
ephedrine,hypotension,1.0,0.034869,1.0177,2.5e-05,0.005004,1
ephedrine,hemorrhage,1.0,0.035904,1.0076,7e-06,0.005002,1
ephedrine,synesthesia,1.0,0.039241,1.0245,4.9e-05,0.005006,1
ephedrine,"diabetes mellitus, type 2",1.0,0.038468,1.0773,0.000121,0.005011,1
ephedrine,pre-eclampsia,1.0,0.036775,1.024,3.6e-05,0.005004,1
glucans,foot ulcer,1.0,0.456929,1.0004,0.0,0.005,1
glatiramer acetate,"multiple sclerosis, relapsing-remitting",1.0,0.087263,1.0074,5e-06,0.005002,1
glatiramer acetate,multiple sclerosis,1.0,0.084976,1.0094,8e-06,0.005002,1
bromocriptine,obesity,1.0,0.064987,1.1312,0.000108,0.005019,1
bromocriptine,overweight,1.0,0.051063,1.0294,2e-05,0.005006,1
bromocriptine,alzheimer disease,1.0,0.063253,1.1357,0.000116,0.005018,1
diuretics,hypertension,1.0,0.164149,1.102,3.4e-05,0.005012,1
chlorthalidone,hypertension,1.0,0.042442,1.1081,0.000202,0.005022,1
chlorthalidone,renal insufficiency,1.0,0.02682,1.0183,2e-05,0.005003,1
chlorthalidone,heart diseases,1.0,0.02766,1.0232,3.7e-05,0.005006,1
chlorthalidone,"renal insufficiency, chronic",1.0,0.028838,1.0323,5.3e-05,0.005006,1
chlorthalidone,cardiovascular diseases,1.0,0.033471,1.0725,0.00012,0.005015,1
chlorthalidone,essential hypertension,1.0,0.025982,1.0233,3.1e-05,0.005006,1
fondaparinux,pulmonary embolism,1.0,0.153445,1.0021,1e-06,0.005,1
fondaparinux,venous thrombosis,1.0,0.109173,1.0058,4e-06,0.005001,1
bevacizumab,diabetic retinopathy,1.0,0.005417,1.0327,4.5e-05,0.005006,1
bevacizumab,uterine neoplasms,1.0,0.005022,1.0317,3.4e-05,0.005008,1
bevacizumab,macular degeneration,1.0,0.005293,1.0303,3.4e-05,0.005005,1
bevacizumab,macular edema,1.0,0.006072,1.0336,6.7e-05,0.005007,1
bevacizumab,gliosarcoma,1.0,0.007844,1.043,0.000191,0.005016,1
bevacizumab,neoplasm metastasis,1.0,0.00643,1.0402,0.000123,0.005013,1
bevacizumab,diabetes mellitus,1.0,0.008051,1.1117,0.000807,0.005017,1
bevacizumab,optic nerve glioma,1.0,0.005974,1.034,6.7e-05,0.005011,1
bevacizumab,lung neoplasms,1.0,0.008368,1.0573,0.000269,0.005022,1
bevacizumab,cataract,1.0,0.005231,1.035,6.7e-05,0.005006,1
bevacizumab,"carcinoma, renal cell",1.0,0.006126,1.0351,9e-05,0.00501,1
bevacizumab,"carcinoma, hepatocellular",1.0,0.005564,1.0332,7.8e-05,0.005007,1
bevacizumab,glioma,1.0,0.006949,1.0418,0.000168,0.005014,1
bevacizumab,rhabdomyosarcoma,1.0,0.006431,1.0435,0.000146,0.00501,1
bevacizumab,triple negative breast neoplasms,1.0,0.007125,1.0474,0.000191,0.005018,1
bevacizumab,myeloproliferative disorders,1.0,0.005333,1.0355,6.7e-05,0.005009,1
bevacizumab,"carcinoma, ovarian epithelial",1.0,0.004961,1.0321,3.4e-05,0.005008,1
bevacizumab,endometrial neoplasms,1.0,0.005873,1.0387,0.000101,0.00501,1
bevacizumab,neoplasms,1.0,0.008104,1.0653,0.000392,0.00502,1
bevacizumab,astrocytoma,1.0,0.007348,1.04,0.000146,0.005015,1
bevacizumab,biliary tract neoplasms,1.0,0.00591,1.036,0.000101,0.00501,1
bevacizumab,colorectal neoplasms,1.0,0.00811,1.0477,0.000224,0.005016,1
bevacizumab,brain neoplasms,1.0,0.005998,1.0396,0.000134,0.005011,1
bevacizumab,fallopian tube neoplasms,1.0,0.005236,1.0359,5.6e-05,0.00501,1
bevacizumab,mesothelioma,1.0,0.004854,1.034,3.4e-05,0.005008,1
bevacizumab,"carcinoma, non-small-cell lung",1.0,0.008563,1.0496,0.000224,0.005021,1
bevacizumab,squamous cell carcinoma of head and neck,1.0,0.00708,1.0361,0.000123,0.005011,1
bevacizumab,diffuse intrinsic pontine glioma,1.0,0.006354,1.0343,7.8e-05,0.005011,1
bevacizumab,glaucoma,1.0,0.008324,1.042,0.000247,0.005009,1
bevacizumab,glioblastoma,1.0,0.007943,1.0491,0.000247,0.005018,1
bevacizumab,pancreatic neoplasms,1.0,0.006962,1.0491,0.000179,0.005014,1
bevacizumab,hodgkin disease,1.0,0.006528,1.0439,0.000168,0.00501,1
bevacizumab,breast neoplasms,1.0,0.01094,1.0925,0.000639,0.005028,1
prospidium,obesity,1.0,0.094705,1.1275,7.2e-05,0.005013,1
prospidium,"urinary bladder, overactive",1.0,0.091514,1.0085,2e-06,0.005001,1
topotecan,medulloblastoma,1.0,0.013923,1.0233,3e-05,0.005005,1
topotecan,gliosarcoma,1.0,0.016508,1.0264,6.4e-05,0.005008,1
topotecan,lung neoplasms,1.0,0.017381,1.0405,9e-05,0.005011,1
topotecan,prostatic neoplasms,1.0,0.018521,1.0401,0.000101,0.005008,1
topotecan,glioma,1.0,0.015673,1.0252,5.6e-05,0.005007,1
topotecan,small cell lung carcinoma,1.0,0.015757,1.0208,3.4e-05,0.005005,1
topotecan,carcinoma,1.0,0.01879,1.0463,0.00012,0.005012,1
topotecan,leukoencephalopathies,1.0,0.015694,1.0131,7e-06,0.005002,1
topotecan,glioblastoma,1.0,0.016997,1.0324,8.2e-05,0.00501,1
topotecan,uterine cervical neoplasms,1.0,0.014582,1.0207,3e-05,0.005004,1
topotecan,hiv infections,1.0,0.025255,1.1333,0.000448,0.00502,1
nelfinavir,hiv-associated lipodystrophy syndrome,1.0,0.02827,1.0205,3.1e-05,0.005006,1
nelfinavir,hepatitis c,1.0,0.026965,1.0179,2.9e-05,0.005004,1
nelfinavir,multiple myeloma,1.0,0.026268,1.0356,4.7e-05,0.005005,1
nelfinavir,cytomegalovirus retinitis,1.0,0.030646,1.0102,8e-06,0.005001,1
nelfinavir,cardiovascular diseases,1.0,0.030665,1.0723,0.00012,0.005011,1
nelfinavir,hiv infections,1.0,0.048465,1.1295,0.000245,0.005022,1
phenytoin,craniocerebral trauma,1.0,0.011304,1.0197,9e-06,0.005003,1
phenytoin,psychophysiologic disorders,1.0,0.025846,1.079,0.000393,0.005029,1
phenytoin,dementia,1.0,0.027,1.1015,0.00045,0.005031,1
phenytoin,"epilepsy, post-traumatic",1.0,0.013138,1.0295,5.7e-05,0.005007,1
phenytoin,lymphoma,1.0,0.015688,1.0752,0.000221,0.005014,1
phenytoin,leukemia,1.0,0.014414,1.057,0.00015,0.005012,1
phenytoin,neuroblastoma,1.0,0.013231,1.0279,4.4e-05,0.005006,1
phenytoin,asthma,1.0,0.015751,1.068,0.000225,0.005011,1
phenytoin,nodding syndrome,1.0,0.01199,1.02,1.3e-05,0.005003,1
phenytoin,status epilepticus,1.0,0.013423,1.0251,4.4e-05,0.005006,1
phenytoin,anemia,1.0,0.014256,1.0326,6.6e-05,0.005007,1
phenytoin,epilepsy,1.0,0.020537,1.0798,0.000291,0.005019,1
phenytoin,lymphoproliferative disorders,1.0,0.01235,1.0296,4.4e-05,0.005006,1
indocyanine green,cholecystitis,1.0,0.032718,1.0066,2e-06,0.005001,1
indocyanine green,"carcinoma, hepatocellular",1.0,0.035461,1.0109,1.2e-05,0.005002,1
indocyanine green,obesity,1.0,0.043558,1.1284,0.00018,0.005014,1
indocyanine green,ulcer,1.0,0.043198,1.0087,8e-06,0.005001,1
indocyanine green,stomach neoplasms,1.0,0.037452,1.0176,2e-05,0.005003,1
hydrocodone,pain,1.0,0.036593,1.0411,6.3e-05,0.005008,1
hydrocodone,dementia,1.0,0.046063,1.0916,0.000173,0.005018,1
hydrocodone,low back pain,1.0,0.030449,1.0106,7e-06,0.005001,1
hydrocodone,alzheimer disease,1.0,0.04165,1.1355,0.000194,0.005019,1
hydrocodone,chronic pain,1.0,0.035059,1.0165,1.9e-05,0.005003,1
ipilimumab,colonic neoplasms,1.0,0.018294,1.0149,1.4e-05,0.005003,1
ipilimumab,prostatic neoplasms,1.0,0.024354,1.034,7.3e-05,0.005006,1
ipilimumab,sarcoma,1.0,0.021512,1.0251,4.6e-05,0.005005,1
ipilimumab,melanoma,1.0,0.02155,1.0173,3.3e-05,0.005004,1
ipilimumab,biliary tract neoplasms,1.0,0.020454,1.0135,2.4e-05,0.005005,1
ipilimumab,colorectal neoplasms,1.0,0.023792,1.0249,5.4e-05,0.005007,1
ipilimumab,"mesothelioma, malignant",1.0,0.019155,1.0095,1.4e-05,0.005003,1
ipilimumab,pancreatic neoplasms,1.0,0.022843,1.0263,4.3e-05,0.005006,1
paliperidone palmitate,psychophysiologic disorders,1.0,0.114008,1.0651,6e-05,0.005022,1
paliperidone palmitate,dementia,1.0,0.117642,1.0873,6.9e-05,0.005024,1
vigabatrin,obesity,1.0,0.035014,1.1288,0.000216,0.005016,1
vigabatrin,seizures,1.0,0.029394,1.0242,4.9e-05,0.005005,1
vigabatrin,tuberous sclerosis,1.0,0.02488,1.0096,8e-06,0.005001,1
vigabatrin,non-alcoholic fatty liver disease,1.0,0.029192,1.0204,2.9e-05,0.005003,1
vigabatrin,spasm,1.0,0.029437,1.0103,1.4e-05,0.005002,1
vigabatrin,"spasms, infantile",1.0,0.028381,1.0096,1e-05,0.005002,1
atovaquone,pneumonia,1.0,0.060871,1.0106,1.4e-05,0.005004,1
atovaquone,malaria,1.0,0.057119,1.0109,1.1e-05,0.005003,1
atovaquone,hiv infections,1.0,0.082084,1.1243,0.000122,0.005017,1
imipramine,psychophysiologic disorders,1.0,0.114008,1.0651,6e-05,0.005022,1
imipramine,dementia,1.0,0.117642,1.0873,6.9e-05,0.005024,1
thymidine monophosphate,sexually transmitted diseases,1.0,0.079958,1.0035,3e-06,0.005001,1
thymidine monophosphate,malaria,1.0,0.085466,1.0076,7e-06,0.005002,1
lapatinib,gastrointestinal neoplasms,1.0,0.024625,1.0138,1.4e-05,0.005003,1
lapatinib,neoplasms,1.0,0.028812,1.0425,7.1e-05,0.005009,1
lapatinib,central nervous system neoplasms,1.0,0.025473,1.0261,3.5e-05,0.005005,1
lapatinib,colorectal neoplasms,1.0,0.029374,1.0253,4.1e-05,0.005006,1
lapatinib,"carcinoma, squamous cell",1.0,0.025987,1.0127,1.8e-05,0.005003,1
lapatinib,breast neoplasms,1.0,0.032947,1.0692,0.000116,0.005012,1
chlorpromazine,delirium,1.0,0.071091,1.0132,8e-06,0.005002,1
chlorpromazine,breast neoplasms,1.0,0.083045,1.0652,3.9e-05,0.005007,1
dasatinib,neurofibrosarcoma,1.0,0.014653,1.0156,4e-06,0.005002,1
dasatinib,rhabdomyosarcoma,1.0,0.018216,1.0297,5.7e-05,0.005005,1
dasatinib,sarcoma,1.0,0.017386,1.0341,7.5e-05,0.005006,1
dasatinib,hemangiopericytoma,1.0,0.014653,1.0156,4e-06,0.005002,1
dasatinib,"leukemia, lymphocytic, chronic, b-cell",1.0,0.017288,1.0338,7.5e-05,0.005006,1
dasatinib,chondrosarcoma,1.0,0.014653,1.0156,4e-06,0.005002,1
dasatinib,leukemia,1.0,0.0186,1.0541,0.00015,0.005009,1
dasatinib,chordoma,1.0,0.014653,1.0156,4e-06,0.005002,1
dasatinib,gastrointestinal stromal tumors,1.0,0.015145,1.0162,9e-06,0.005002,1
dasatinib,"leukemia, myelogenous, chronic, bcr-abl positive",1.0,0.016139,1.0261,4e-05,0.005004,1
dasatinib,alzheimer disease,1.0,0.022229,1.1426,0.000503,0.005018,1
dasatinib,breast neoplasms,1.0,0.021051,1.0781,0.000252,0.005012,1
dasatinib,giant cell tumor of bone,1.0,0.014653,1.0156,4e-06,0.005002,1
thioridazine,psychophysiologic disorders,1.0,0.114008,1.0651,6e-05,0.005022,1
thioridazine,dementia,1.0,0.117642,1.0873,6.9e-05,0.005024,1
minoxidil,ovarian neoplasms,1.0,0.146125,1.0186,5e-06,0.005002,1
oxaliplatin,colonic neoplasms,1.0,0.0083,1.0248,3.2e-05,0.005005,1
oxaliplatin,esophageal neoplasms,1.0,0.009851,1.0295,7.7e-05,0.00501,1
oxaliplatin,neoplasm metastasis,1.0,0.010236,1.0276,7.1e-05,0.005009,1
oxaliplatin,pain,1.0,0.010754,1.0488,0.000239,0.005009,1
oxaliplatin,rectal neoplasms,1.0,0.01036,1.0227,3.9e-05,0.005006,1
oxaliplatin,gastrointestinal neoplasms,1.0,0.009707,1.0234,4.5e-05,0.005008,1
oxaliplatin,neoplasms,1.0,0.012063,1.0524,0.000226,0.005015,1
oxaliplatin,astrocytoma,1.0,0.009445,1.0274,8.4e-05,0.005007,1
oxaliplatin,leukemia,1.0,0.009861,1.0553,0.000219,0.005009,1
oxaliplatin,biliary tract neoplasms,1.0,0.010463,1.0234,5.8e-05,0.005009,1
oxaliplatin,"carcinoma, pancreatic ductal",1.0,0.009388,1.0206,3.9e-05,0.005007,1
oxaliplatin,carcinoma,1.0,0.013227,1.0503,0.000206,0.005016,1
oxaliplatin,colorectal neoplasms,1.0,0.012912,1.035,0.000129,0.005013,1
oxaliplatin,"neuroectodermal tumors, primitive, peripheral",1.0,0.008025,1.0171,1.3e-05,0.005003,1
oxaliplatin,"carcinoma, non-small-cell lung",1.0,0.011632,1.0369,0.000129,0.005013,1
oxaliplatin,neuralgia,1.0,0.008677,1.02,3.9e-05,0.005004,1
oxaliplatin,stomach neoplasms,1.0,0.010975,1.0275,7.7e-05,0.00501,1
oxaliplatin,pancreatic neoplasms,1.0,0.011284,1.0364,0.000103,0.005011,1
oxaliplatin,polyneuropathies,1.0,0.008044,1.0201,2.6e-05,0.005003,1
dehydroepiandrosterone,lacrimal apparatus diseases,1.0,0.038921,1.0065,2e-06,0.005001,1
dehydroepiandrosterone,salivary gland diseases,1.0,0.038921,1.0065,2e-06,0.005001,1
dehydroepiandrosterone,sjogren's syndrome,1.0,0.044834,1.0195,2.2e-05,0.005003,1
dehydroepiandrosterone,xerostomia,1.0,0.044466,1.009,7e-06,0.005001,1
dehydroepiandrosterone,alzheimer disease,1.0,0.053835,1.1327,0.000194,0.005015,1
milnacipran,"arthritis, rheumatoid",1.0,0.047777,1.0846,0.000103,0.00501,1
milnacipran,"osteoarthritis, knee",1.0,0.042159,1.0168,1.9e-05,0.005003,1
milnacipran,chronic pain,1.0,0.045912,1.012,1.5e-05,0.005002,1
milnacipran,intervertebral disc degeneration,1.0,0.037915,1.0058,4e-06,0.005001,1
sulfamethoxazole,pneumonia,1.0,0.083945,1.0101,1e-05,0.005003,1
sulfamethoxazole,hiv infections,1.0,0.105103,1.1238,8.2e-05,0.005016,1
biguanides,diabetes mellitus,1.0,0.087026,1.087,4.9e-05,0.005013,1
biguanides,"diabetes mellitus, type 2",1.0,0.08757,1.0776,4.8e-05,0.005013,1
lamotrigine,psychophysiologic disorders,1.0,0.043582,1.0711,0.000212,0.005029,1
lamotrigine,dementia,1.0,0.045354,1.0934,0.000242,0.005031,1
lamotrigine,"epilepsy, absence",1.0,0.025374,1.0133,1e-05,0.005002,1
lamotrigine,seizures,1.0,0.028753,1.028,5.7e-05,0.005011,1
lamotrigine,"epilepsies, partial",1.0,0.024129,1.0185,2.6e-05,0.005006,1
lamotrigine,asthma,1.0,0.02719,1.0602,0.000121,0.005009,1
lamotrigine,epilepsy,1.0,0.036417,1.072,0.000157,0.00502,1
didanosine,hiv-associated lipodystrophy syndrome,1.0,0.025033,1.0206,4.1e-05,0.005007,1
didanosine,aids dementia complex,1.0,0.020475,1.0135,1.4e-05,0.005003,1
didanosine,acquired immunodeficiency syndrome,1.0,0.025834,1.0243,6.2e-05,0.005008,1
didanosine,brain diseases,1.0,0.020868,1.0161,2.2e-05,0.005003,1
didanosine,aids-related complex,1.0,0.019307,1.01,5e-06,0.005002,1
didanosine,hemophilia a,1.0,0.022761,1.0124,1.6e-05,0.005004,1
didanosine,cardiovascular diseases,1.0,0.027545,1.0724,0.00016,0.005013,1
didanosine,hiv infections,1.0,0.041164,1.1296,0.000326,0.005023,1
inotuzumab ozogamicin,lymphoma,1.0,0.146996,1.059,1.7e-05,0.005006,1
ferrosoferric oxide,iron deficiencies,1.0,0.044865,1.004,1e-06,0.005001,1
ferrosoferric oxide,anemia,1.0,0.053106,1.0184,2e-05,0.005002,1
ferrosoferric oxide,epilepsy,1.0,0.056863,1.065,9e-05,0.005009,1
ferrosoferric oxide,menorrhagia,1.0,0.045302,1.0062,3e-06,0.005001,1
"emtricitabine, tenofovir disoproxil fumarate drug combination",infections,1.0,0.07745,1.0155,1.2e-05,0.005004,1
"emtricitabine, tenofovir disoproxil fumarate drug combination",hiv infections,1.0,0.096796,1.124,8.2e-05,0.005017,1
amphotericin b,candidiasis,1.0,0.055259,1.006,3e-06,0.005001,1
amphotericin b,"meningitis, cryptococcal",1.0,0.044873,1.0064,5e-06,0.005002,1
amphotericin b,meningitis,1.0,0.048787,1.009,8e-06,0.005002,1
amphotericin b,meningoencephalitis,1.0,0.044873,1.0064,5e-06,0.005002,1
amphotericin b,hiv infections,1.0,0.061655,1.1255,0.000204,0.005016,1
dantrolene,ataxia,1.0,0.063214,1.0042,1e-06,0.005,1
dantrolene,diabetes mellitus,1.0,0.079399,1.0851,7.3e-05,0.005009,1
dantrolene,wolfram syndrome,1.0,0.065074,1.0063,3e-06,0.005001,1
probucol,hypercholesterolemia,1.0,0.071536,1.0228,1e-05,0.005003,1
probucol,alzheimer disease,1.0,0.092231,1.1313,7.7e-05,0.005015,1
human growth hormone,fatigue,1.0,0.030667,1.0107,1.2e-05,0.005002,1
human growth hormone,covid-19,1.0,0.031594,1.0216,4.5e-05,0.005004,1
human growth hormone,"dwarfism, pituitary",1.0,0.026167,1.0066,4e-06,0.005001,1
human growth hormone,prader-willi syndrome,1.0,0.033174,1.0081,8e-06,0.005001,1
human growth hormone,hiv infections,1.0,0.039776,1.126,0.000245,0.005017,1
human growth hormone,"brain injuries, traumatic",1.0,0.033059,1.0115,1.6e-05,0.005002,1
diazoxide,diabetes mellitus,1.0,0.04999,1.0894,9.8e-05,0.005013,1
diazoxide,glucose metabolism disorders,1.0,0.037855,1.0167,1e-05,0.005002,1
diazoxide,obesity,1.0,0.050732,1.1302,0.000144,0.005017,1
diazoxide,hyperinsulinism,1.0,0.036177,1.013,4e-06,0.005001,1
pyridostigmine bromide,"hypotension, orthostatic",1.0,0.249518,1.001,1e-06,0.005,1
fluorodeoxyglucose f18,frontotemporal dementia,1.0,0.054353,1.01,6e-06,0.005001,1
fluorodeoxyglucose f18,asthma,1.0,0.060261,1.0555,5.2e-05,0.005008,1
fluorodeoxyglucose f18,alzheimer disease,1.0,0.06541,1.1324,0.000116,0.005016,1
nadolol,gastrointestinal hemorrhage,1.0,0.049363,1.0045,5e-06,0.005001,1
nadolol,asthma,1.0,0.047914,1.0525,6.9e-05,0.005007,1
nadolol,"hypertension, portal",1.0,0.048113,1.006,8e-06,0.005002,1
nadolol,fibrosis,1.0,0.054268,1.0144,1.9e-05,0.005003,1
"contraceptives, oral",insulin resistance,1.0,0.050765,1.0258,2.2e-05,0.005004,1
"contraceptives, oral",polycystic ovary syndrome,1.0,0.047678,1.0145,9e-06,0.005002,1
"contraceptives, oral",epilepsy,1.0,0.057367,1.065,6.7e-05,0.005009,1
oseltamivir,obesity,1.0,0.160715,1.1258,3.6e-05,0.005013,1
canagliflozin,diabetes mellitus,1.0,0.039232,1.0959,0.000122,0.00502,1
canagliflozin,obesity,1.0,0.043668,1.1369,0.00018,0.005026,1
canagliflozin,hypertension,1.0,0.040923,1.1136,0.000168,0.005023,1
canagliflozin,"diabetes mellitus, type 2",1.0,0.040684,1.0863,0.000121,0.005022,1
canagliflozin,overweight,1.0,0.031713,1.0346,3.4e-05,0.005008,1
etoposide,"lymphoma, non-hodgkin",1.0,0.00743,1.0721,0.000292,0.005033,1
etoposide,"lymphoma, b-cell",1.0,0.004988,1.0578,0.000125,0.005018,1
etoposide,thrombocytopenia,1.0,0.00499,1.0535,9.7e-05,0.005016,1
etoposide,spinocerebellar degenerations,1.0,0.00499,1.0501,7e-05,0.005015,1
etoposide,medulloblastoma,1.0,0.004776,1.0546,0.000111,0.005016,1
etoposide,"polyradiculoneuropathy, chronic inflammatory demyelinating",1.0,0.00499,1.0501,7e-05,0.005015,1
etoposide,"lymphoma, large-cell, immunoblastic",1.0,0.005972,1.0611,0.000167,0.005024,1
etoposide,teratoma,1.0,0.004643,1.0506,8.4e-05,0.005013,1
etoposide,neuromyelitis optica,1.0,0.006022,1.0597,0.000167,0.005021,1
etoposide,lambert-eaton myasthenic syndrome,1.0,0.00499,1.0501,7e-05,0.005015,1
etoposide,"leukemia, eosinophilic, acute",1.0,0.004932,1.0484,7e-05,0.005011,1
etoposide,lung neoplasms,1.0,0.00577,1.0723,0.000334,0.005019,1
etoposide,precursor cell lymphoblastic leukemia-lymphoma,1.0,0.008065,1.0749,0.00032,0.005036,1
etoposide,"vasculitis, central nervous system",1.0,0.00499,1.0501,7e-05,0.005015,1
etoposide,rhabdomyosarcoma,1.0,0.005882,1.0582,0.000181,0.005017,1
etoposide,burkitt lymphoma,1.0,0.006306,1.0661,0.000209,0.005027,1
etoposide,myelodysplastic syndromes,1.0,0.00842,1.0757,0.000404,0.00503,1
etoposide,sarcoma,1.0,0.006314,1.0627,0.000237,0.005022,1
etoposide,osteosarcoma,1.0,0.003943,1.0458,2.8e-05,0.005007,1
etoposide,"leukemia, myeloid, acute",1.0,0.00771,1.0742,0.000348,0.005027,1
etoposide,lymphoma,1.0,0.01192,1.1019,0.000696,0.00505,1
etoposide,neoplasms,1.0,0.006397,1.0803,0.000487,0.005022,1
etoposide,leukemia,1.0,0.009382,1.0833,0.000473,0.005039,1
etoposide,kidney neoplasms,1.0,0.005236,1.0628,0.000181,0.005018,1
etoposide,carcinoma,1.0,0.006854,1.0782,0.000446,0.005023,1
etoposide,"carcinoma, neuroendocrine",1.0,0.003755,1.0459,2.8e-05,0.005006,1
etoposide,mediastinal neoplasms,1.0,0.005972,1.0611,0.000167,0.005024,1
etoposide,central nervous system neoplasms,1.0,0.006702,1.0633,0.000237,0.005025,1
etoposide,ovarian neoplasms,1.0,0.005809,1.0613,0.000195,0.005019,1
etoposide,"leukemia, basophilic, acute",1.0,0.004932,1.0484,7e-05,0.005011,1
etoposide,myasthenia gravis,1.0,0.005742,1.0516,9.7e-05,0.005015,1
etoposide,autoimmune diseases of the nervous system,1.0,0.005323,1.0511,9.7e-05,0.005015,1
etoposide,stiff-person syndrome,1.0,0.00499,1.0501,7e-05,0.005015,1
etoposide,"lymphoma, large b-cell, diffuse",1.0,0.005367,1.0586,0.000139,0.005021,1
etoposide,opsoclonus-myoclonus syndrome,1.0,0.00499,1.0501,7e-05,0.005015,1
etoposide,"leukemia, monocytic, acute",1.0,0.004647,1.0477,5.6e-05,0.00501,1
etoposide,precancerous conditions,1.0,0.005073,1.057,0.000139,0.005016,1
etoposide,multiple myeloma,1.0,0.00725,1.0709,0.00032,0.005027,1
etoposide,hiv infections,1.0,0.010766,1.168,0.001671,0.005038,1
etoposide,autoimmune diseases,1.0,0.006284,1.0655,0.000251,0.005022,1
etoposide,head and neck neoplasms,1.0,0.005504,1.059,0.000181,0.005017,1
dexrazoxane,rhabdomyosarcoma,1.0,0.151473,1.0154,4e-06,0.005002,1
floxuridine,stomach neoplasms,1.0,0.145868,1.012,4e-06,0.005002,1
anastrozole,metabolic syndrome,1.0,0.02541,1.0469,7.6e-05,0.005007,1
anastrozole,obesity,1.0,0.032958,1.1339,0.000252,0.005019,1
anastrozole,triple negative breast neoplasms,1.0,0.025512,1.0298,4e-05,0.005006,1
anastrozole,neoplasms,1.0,0.027219,1.0473,8.3e-05,0.005009,1
anastrozole,"breast neoplasms, male",1.0,0.023616,1.013,7e-06,0.005002,1
anastrozole,oligospermia,1.0,0.021671,1.0118,2e-06,0.005001,1
anastrozole,breast neoplasms,1.0,0.032158,1.0741,0.000135,0.005013,1
cromolyn sodium,rosacea,1.0,0.203974,1.0022,1e-06,0.005,1
carmustine,"lymphoma, non-hodgkin",1.0,0.011537,1.0447,0.000128,0.005015,1
carmustine,spinocerebellar degenerations,1.0,0.009788,1.0232,3.1e-05,0.005009,1
carmustine,"polyradiculoneuropathy, chronic inflammatory demyelinating",1.0,0.009788,1.0232,3.1e-05,0.005009,1
carmustine,gliosarcoma,1.0,0.010188,1.0307,0.000104,0.005008,1
carmustine,neuromyelitis optica,1.0,0.011113,1.0326,7.3e-05,0.005012,1
carmustine,lambert-eaton myasthenic syndrome,1.0,0.009788,1.0232,3.1e-05,0.005009,1
carmustine,"vasculitis, central nervous system",1.0,0.009788,1.0232,3.1e-05,0.005009,1
carmustine,sarcoma,1.0,0.010642,1.0355,0.000104,0.005011,1
carmustine,lymphoma,1.0,0.015919,1.0737,0.000306,0.005024,1
carmustine,leukemia,1.0,0.013649,1.0556,0.000208,0.005019,1
carmustine,central nervous system neoplasms,1.0,0.010932,1.0361,0.000104,0.005012,1
carmustine,myasthenia gravis,1.0,0.01115,1.0247,4.3e-05,0.00501,1
carmustine,autoimmune diseases of the nervous system,1.0,0.010355,1.0242,4.3e-05,0.005009,1
carmustine,stiff-person syndrome,1.0,0.009788,1.0232,3.1e-05,0.005009,1
carmustine,opsoclonus-myoclonus syndrome,1.0,0.009788,1.0232,3.1e-05,0.005009,1
carmustine,glioblastoma,1.0,0.010592,1.0367,0.000134,0.005009,1
carmustine,autoimmune diseases,1.0,0.011324,1.0382,0.00011,0.005013,1
carmustine,head and neck neoplasms,1.0,0.009937,1.0319,7.9e-05,0.005008,1
daunorubicin,"leukemia, eosinophilic, acute",1.0,0.018022,1.0157,1.5e-05,0.005005,1
daunorubicin,precursor cell lymphoblastic leukemia-lymphoma,1.0,0.021155,1.0413,7e-05,0.005013,1
daunorubicin,myelodysplastic syndromes,1.0,0.024678,1.0421,8.9e-05,0.005015,1
daunorubicin,"leukemia, myeloid, acute",1.0,0.023353,1.0407,7.6e-05,0.005013,1
daunorubicin,lymphoma,1.0,0.02537,1.0675,0.000153,0.005017,1
daunorubicin,leukemia,1.0,0.024269,1.0495,0.000104,0.005016,1
daunorubicin,"leukemia, basophilic, acute",1.0,0.018022,1.0157,1.5e-05,0.005005,1
daunorubicin,"leukemia, monocytic, acute",1.0,0.017206,1.015,1.2e-05,0.005004,1
daunorubicin,"leukemia, myelogenous, chronic, bcr-abl positive",1.0,0.018164,1.0216,2.8e-05,0.005006,1
tapentadol,visceral pain,1.0,0.054155,1.0026,2e-06,0.005001,1
tapentadol,pain,1.0,0.069082,1.0342,3.8e-05,0.005006,1
tapentadol,opioid-related disorders,1.0,0.061319,1.0081,1e-05,0.005002,1
"aspirin, dipyridamole drug combination",stroke,1.0,0.157942,1.028,1e-05,0.005004,1
emtricitabine,"bone diseases, metabolic",1.0,0.02109,1.0096,1.4e-05,0.005004,1
emtricitabine,aids-related opportunistic infections,1.0,0.020438,1.0097,1.4e-05,0.005003,1
emtricitabine,"hepatitis b, chronic",1.0,0.024437,1.0121,2.7e-05,0.005005,1
emtricitabine,hepatitis c,1.0,0.024162,1.0155,3.8e-05,0.005006,1
emtricitabine,infections,1.0,0.025863,1.018,4.9e-05,0.005007,1
emtricitabine,hiv infections,1.0,0.040036,1.1267,0.000326,0.005021,1
emtricitabine,post-acute covid-19 syndrome,1.0,0.020837,1.0117,1.9e-05,0.005004,1
emtricitabine,warts,1.0,0.018591,1.0091,8e-06,0.005002,1
gentian violet,hiv infections,1.0,0.170416,1.1233,4.1e-05,0.005015,1
lisdexamfetamine dimesylate,glucose intolerance,1.0,0.076763,1.021,1e-05,0.005003,1
lisdexamfetamine dimesylate,obesity,1.0,0.089131,1.1267,7.2e-05,0.005015,1
prednisolone,"arthritis, rheumatoid",1.0,0.011928,1.1166,0.000697,0.005024,1
prednisolone,rheumatic fever,1.0,0.007068,1.0413,8.3e-05,0.005007,1
prednisolone,cough,1.0,0.010401,1.0368,4.6e-05,0.005004,1
prednisolone,"lymphoma, large-cell, immunoblastic",1.0,0.007214,1.0516,0.00011,0.005013,1
prednisolone,"aspergillosis, allergic bronchopulmonary",1.0,0.007261,1.0362,3.7e-05,0.005004,1
prednisolone,diabetes mellitus,1.0,0.009297,1.1174,0.00066,0.005017,1
prednisolone,respiratory sounds,1.0,0.007182,1.0368,4.6e-05,0.005005,1
prednisolone,tuberculosis,1.0,0.008021,1.0517,0.000183,0.00501,1
prednisolone,precursor cell lymphoblastic leukemia-lymphoma,1.0,0.008037,1.0653,0.000211,0.005016,1
prednisolone,vestibular diseases,1.0,0.006517,1.0352,1.8e-05,0.005004,1
prednisolone,burkitt lymphoma,1.0,0.007413,1.0566,0.000138,0.005014,1
prednisolone,ocular hypertension,1.0,0.010536,1.0387,0.000119,0.005006,1
prednisolone,"glaucoma, open-angle",1.0,0.01192,1.0403,0.000147,0.005007,1
prednisolone,lymphoma,1.0,0.009554,1.0921,0.000458,0.005022,1
prednisolone,anti-neutrophil cytoplasmic antibody-associated vasculitis,1.0,0.006623,1.0377,3.7e-05,0.005005,1
prednisolone,mediastinal neoplasms,1.0,0.007214,1.0516,0.00011,0.005013,1
prednisolone,polymyalgia rheumatica,1.0,0.005697,1.0349,9e-06,0.005003,1
prednisolone,"lymphoma, large b-cell, diffuse",1.0,0.006748,1.0492,9.2e-05,0.00501,1
prednisolone,respiratory insufficiency,1.0,0.006435,1.0379,4.6e-05,0.005004,1
prednisolone,mucocutaneous lymph node syndrome,1.0,0.005976,1.0371,2.8e-05,0.005004,1
prednisolone,asthma,1.0,0.011076,1.0848,0.000468,0.005016,1
prednisolone,disease progression,1.0,0.005697,1.0349,9e-06,0.005003,1
prednisolone,"spasms, infantile",1.0,0.006856,1.0368,4.6e-05,0.005004,1
prednisolone,hiv infections,1.0,0.013481,1.1576,0.0011,0.00503,1
prednisolone,"pulmonary disease, chronic obstructive",1.0,0.008913,1.0517,0.00022,0.005011,1
prednisolone,arthritis,1.0,0.008766,1.0651,0.000321,0.005014,1
prednisolone,vestibular neuronitis,1.0,0.006517,1.0352,1.8e-05,0.005004,1
terbutaline,asthma,1.0,0.1652,1.051,1.7e-05,0.005006,1
latanoprost,dry eye syndromes,1.0,0.046833,1.0051,1e-05,0.005002,1
latanoprost,ocular hypertension,1.0,0.06919,1.0062,1.8e-05,0.005005,1
latanoprost,"glaucoma, open-angle",1.0,0.078177,1.0078,2.2e-05,0.005005,1
latanoprost,glaucoma,1.0,0.065975,1.0145,3e-05,0.005005,1
telmisartan,diabetic nephropathies,1.0,0.020016,1.0293,3.8e-05,0.005006,1
telmisartan,stroke,1.0,0.022955,1.0442,7.6e-05,0.005009,1
telmisartan,obesity,1.0,0.027839,1.1405,0.000288,0.005025,1
telmisartan,hypertension,1.0,0.031586,1.1171,0.000269,0.005027,1
telmisartan,"hypertension, renal",1.0,0.017891,1.0241,1.6e-05,0.005003,1
telmisartan,hypercholesterolemia,1.0,0.020028,1.0352,4.1e-05,0.005008,1
telmisartan,cardiovascular diseases,1.0,0.025201,1.0812,0.00016,0.005019,1
telmisartan,alzheimer disease,1.0,0.029972,1.145,0.00031,0.005025,1
thioguanine,"leukemia, myeloid, acute",1.0,0.144793,1.0315,8e-06,0.005003,1
misoprostol,"arthritis, rheumatoid",1.0,0.067016,1.0843,7.7e-05,0.005011,1
misoprostol,osteoarthritis,1.0,0.055207,1.0259,2.6e-05,0.005005,1
misoprostol,"spondylitis, ankylosing",1.0,0.0492,1.0061,3e-06,0.005001,1
everolimus,"carcinoma, renal cell",1.0,0.012582,1.0191,4.3e-05,0.005005,1
everolimus,"carcinoma, hepatocellular",1.0,0.012371,1.0173,3.8e-05,0.005004,1
everolimus,triple negative breast neoplasms,1.0,0.012799,1.0313,9.2e-05,0.005007,1
everolimus,astrocytoma,1.0,0.012496,1.0239,7.1e-05,0.005005,1
everolimus,"neoplasms, germ cell and embryonal",1.0,0.010536,1.0131,5e-06,0.005002,1
everolimus,tuberous sclerosis,1.0,0.011888,1.0156,2.2e-05,0.005003,1
everolimus,focal cortical dysplasia,1.0,0.010536,1.0131,5e-06,0.005002,1
everolimus,sturge-weber syndrome,1.0,0.01134,1.0134,1.1e-05,0.005002,1
everolimus,testicular neoplasms,1.0,0.010536,1.0131,5e-06,0.005002,1
everolimus,"renal insufficiency, chronic",1.0,0.013369,1.0361,0.000141,0.005006,1
everolimus,gastrointestinal stromal tumors,1.0,0.011028,1.0138,1.1e-05,0.005002,1
everolimus,epilepsy,1.0,0.015172,1.0744,0.000359,0.005011,1
everolimus,cytomegalovirus infections,1.0,0.013841,1.0177,4.9e-05,0.005003,1
everolimus,"mesothelioma, malignant",1.0,0.011558,1.016,2.7e-05,0.005003,1
everolimus,breast neoplasms,1.0,0.016935,1.0756,0.00031,0.005013,1
everolimus,urinary bladder neoplasms,1.0,0.012673,1.0227,6e-05,0.005005,1
raltegravir potassium,"bone diseases, metabolic",1.0,0.012967,1.0149,2.2e-05,0.005004,1
raltegravir potassium,metabolic syndrome,1.0,0.013879,1.0473,0.000141,0.005007,1
raltegravir potassium,tuberculosis,1.0,0.015601,1.0291,8.8e-05,0.005007,1
raltegravir potassium,"multiple sclerosis, relapsing-remitting",1.0,0.014262,1.018,3.5e-05,0.005003,1
raltegravir potassium,"liver cirrhosis, biliary",1.0,0.01176,1.0135,1.3e-05,0.005003,1
raltegravir potassium,acquired immunodeficiency syndrome,1.0,0.01577,1.0272,0.000102,0.005009,1
raltegravir potassium,fatty liver,1.0,0.012317,1.0192,3.1e-05,0.005004,1
raltegravir potassium,osteoporosis,1.0,0.013207,1.0199,5.3e-05,0.005003,1
raltegravir potassium,"renal insufficiency, chronic",1.0,0.014548,1.035,0.000115,0.005006,1
raltegravir potassium,hepatitis c,1.0,0.014476,1.0209,6.2e-05,0.005006,1
raltegravir potassium,infections,1.0,0.016131,1.0234,7.9e-05,0.005008,1
raltegravir potassium,hiv seropositivity,1.0,0.011501,1.0128,9e-06,0.005002,1
raltegravir potassium,hiv infections,1.0,0.026792,1.1327,0.00053,0.005025,1
darunavir,acquired immunodeficiency syndrome,1.0,0.054044,1.02,2.3e-05,0.005006,1
darunavir,infections,1.0,0.053812,1.0162,1.8e-05,0.005005,1
darunavir,hiv infections,1.0,0.072865,1.1248,0.000122,0.005019,1
serine,alzheimer disease,1.0,0.169679,1.1302,3.9e-05,0.005014,1
cephalexin,neuroinflammatory diseases,1.0,0.052824,1.006,5e-06,0.005002,1
cephalexin,"renal insufficiency, chronic",1.0,0.061039,1.0257,2.6e-05,0.005004,1
cephalexin,autoimmune diseases,1.0,0.055228,1.0241,1.8e-05,0.005003,1
temazepam,psychophysiologic disorders,1.0,0.064435,1.0692,0.000121,0.005024,1
temazepam,sleep initiation and maintenance disorders,1.0,0.037401,1.0155,1.4e-05,0.005003,1
temazepam,dementia,1.0,0.066769,1.0914,0.000139,0.005026,1
temazepam,hiv infections,1.0,0.048892,1.1292,0.000163,0.005018,1
liraglutide,"ventricular dysfunction, left",1.0,0.007091,1.0395,4.1e-05,0.005006,1
liraglutide,infertility,1.0,0.007841,1.0394,4.9e-05,0.005006,1
liraglutide,paraproteinemias,1.0,0.006264,1.0329,8e-06,0.005003,1
liraglutide,diabetes mellitus,1.0,0.014492,1.1151,0.000587,0.005031,1
liraglutide,metabolic syndrome,1.0,0.009801,1.068,0.000261,0.005018,1
liraglutide,prediabetic state,1.0,0.009059,1.0454,9e-05,0.00501,1
liraglutide,obesity,1.0,0.01763,1.1568,0.000864,0.005037,1
liraglutide,"sleep apnea, obstructive",1.0,0.008077,1.0387,8.2e-05,0.005005,1
liraglutide,polycystic ovary syndrome,1.0,0.008239,1.0427,7.3e-05,0.005009,1
liraglutide,"angina, stable",1.0,0.006912,1.0359,3.3e-05,0.005005,1
liraglutide,nutrition disorders,1.0,0.006589,1.0341,1.6e-05,0.005004,1
liraglutide,non-alcoholic fatty liver disease,1.0,0.009477,1.0458,0.000114,0.00501,1
liraglutide,fatty liver,1.0,0.007673,1.0394,5.7e-05,0.005008,1
liraglutide,"diabetes mellitus, type 2",1.0,0.01613,1.1054,0.000579,0.005033,1
liraglutide,"diabetes mellitus, type 1",1.0,0.009465,1.0616,0.000236,0.005014,1
liraglutide,coronary disease,1.0,0.008443,1.0503,0.000139,0.005012,1
liraglutide,myocardial ischemia,1.0,0.008055,1.0388,6.5e-05,0.005006,1
liraglutide,overweight,1.0,0.00937,1.0527,0.000163,0.005014,1
liraglutide,prader-willi syndrome,1.0,0.008888,1.0343,3.3e-05,0.005004,1
liraglutide,cardiovascular diseases,1.0,0.012189,1.0967,0.000481,0.005026,1
liraglutide,hiv infections,1.0,0.012799,1.1552,0.000978,0.005024,1
liraglutide,isolated systolic hypertension,1.0,0.006264,1.0329,8e-06,0.005003,1
liraglutide,lung diseases,1.0,0.007877,1.043,0.00013,0.005006,1
liraglutide,"obesity, morbid",1.0,0.009558,1.0413,9.8e-05,0.005006,1
resveratrol,metabolic syndrome,1.0,0.039106,1.0461,4.3e-05,0.005009,1
resveratrol,insulin resistance,1.0,0.038729,1.0326,3e-05,0.005007,1
resveratrol,obesity,1.0,0.049726,1.1331,0.000144,0.005021,1
resveratrol,alzheimer disease,1.0,0.049507,1.1376,0.000155,0.00502,1
enalapril,"lymphoma, non-hodgkin",1.0,0.016362,1.0438,6.4e-05,0.005005,1
enalapril,"arthritis, rheumatoid",1.0,0.022343,1.0968,0.000232,0.005015,1
enalapril,hypertension,1.0,0.028635,1.1154,0.000303,0.005023,1
enalapril,heart failure,1.0,0.020254,1.0307,5.5e-05,0.005005,1
enalapril,heart diseases,1.0,0.019961,1.0299,5.5e-05,0.005008,1
enalapril,coronary disease,1.0,0.018547,1.0339,5.2e-05,0.005008,1
enalapril,myocardial ischemia,1.0,0.01717,1.0225,2.4e-05,0.005004,1
enalapril,cardiovascular diseases,1.0,0.024522,1.0795,0.00018,0.005018,1
enalapril,breast neoplasms,1.0,0.020568,1.0786,0.000174,0.005012,1
cilostazol,"arthritis, rheumatoid",1.0,0.014532,1.1072,0.00049,0.005019,1
cilostazol,cerebral small vessel diseases,1.0,0.00926,1.029,2.6e-05,0.005003,1
cilostazol,cerebral infarction,1.0,0.009776,1.0287,2.6e-05,0.005005,1
cilostazol,cerebrovascular disorders,1.0,0.008926,1.0276,1.3e-05,0.005004,1
cilostazol,diabetes mellitus,1.0,0.018627,1.108,0.000465,0.005029,1
cilostazol,"dementia, vascular",1.0,0.009645,1.0365,5.2e-05,0.005006,1
cilostazol,stroke,1.0,0.014494,1.0525,0.000181,0.005014,1
cilostazol,peripheral vascular diseases,1.0,0.008532,1.0262,6e-06,0.005002,1
cilostazol,raynaud disease,1.0,0.008532,1.0262,6e-06,0.005002,1
cilostazol,acute coronary syndrome,1.0,0.010208,1.0316,3.9e-05,0.005006,1
cilostazol,coronary artery disease,1.0,0.012724,1.0463,0.000129,0.005012,1
cilostazol,atherosclerosis,1.0,0.012109,1.0515,0.000135,0.005014,1
cilostazol,hypercholesterolemia,1.0,0.010937,1.0434,9.7e-05,0.005011,1
cilostazol,"diabetes mellitus, type 2",1.0,0.017615,1.0983,0.000458,0.005027,1
cilostazol,cardiovascular diseases,1.0,0.015372,1.0897,0.000381,0.005023,1
cilostazol,alzheimer disease,1.0,0.018434,1.154,0.000736,0.005029,1
cilostazol,intermittent claudication,1.0,0.008532,1.0262,6e-06,0.005002,1
cilostazol,diabetes complications,1.0,0.008774,1.0279,1.3e-05,0.005003,1
cilostazol,peripheral arterial disease,1.0,0.011014,1.0302,3.2e-05,0.005005,1
midodrine,spinal cord injuries,1.0,0.210158,1.0019,1e-06,0.005,1
nucleosides,"hepatitis b, chronic",1.0,0.155086,1.0063,3e-06,0.005001,1
loratadine,"rhinitis, allergic",1.0,0.076095,1.0048,7e-06,0.005002,1
loratadine,rhinitis,1.0,0.06682,1.0047,7e-06,0.005002,1
loratadine,"rhinitis, allergic, seasonal",1.0,0.06759,1.0024,4e-06,0.005001,1
angiotensin receptor antagonists,"arthritis, rheumatoid",1.0,0.085413,1.0864,5.2e-05,0.005011,1
angiotensin receptor antagonists,hypertension,1.0,0.085653,1.1048,6.7e-05,0.005014,1
sulfadoxine,pneumonia,1.0,0.060871,1.0106,1.4e-05,0.005004,1
sulfadoxine,malaria,1.0,0.057119,1.0109,1.1e-05,0.005003,1
sulfadoxine,hiv infections,1.0,0.082084,1.1243,0.000122,0.005017,1
zonisamide,obesity,1.0,0.034148,1.1307,0.000216,0.005018,1
zonisamide,"sleep apnea, obstructive",1.0,0.027454,1.0152,2e-05,0.005002,1
zonisamide,seizures,1.0,0.029825,1.0259,4.9e-05,0.005008,1
zonisamide,"epilepsies, partial",1.0,0.026973,1.0165,2.2e-05,0.005004,1
zonisamide,epilepsy,1.0,0.036626,1.0699,0.000134,0.005015,1
zonisamide,sleep apnea syndromes,1.0,0.02557,1.0168,2e-05,0.005003,1
amifampridine,myasthenia gravis,1.0,0.147851,1.0089,2e-06,0.005001,1
cefadroxil,neuroinflammatory diseases,1.0,0.052824,1.006,5e-06,0.005002,1
cefadroxil,"renal insufficiency, chronic",1.0,0.061039,1.0257,2.6e-05,0.005004,1
cefadroxil,autoimmune diseases,1.0,0.055228,1.0241,1.8e-05,0.005003,1
flumazenil,hepatic encephalopathy,1.0,0.080232,1.0023,2e-06,0.005001,1
flumazenil,liver cirrhosis,1.0,0.08959,1.0065,7e-06,0.005001,1
penicillin g benzathine,syphilis,1.0,0.211764,1.0017,1e-06,0.005,1
leuprolide,prostatic neoplasms,1.0,0.055722,1.0369,2.8e-05,0.005005,1
leuprolide,obesity,1.0,0.058174,1.1315,0.000108,0.005017,1
leuprolide,alzheimer disease,1.0,0.062118,1.1359,0.000116,0.005018,1
cholinesterase inhibitors,dementia,1.0,0.095615,1.0893,6.9e-05,0.005016,1
cholinesterase inhibitors,alzheimer disease,1.0,0.090703,1.1331,7.7e-05,0.005018,1
clopidogrel,cerebral infarction,1.0,0.014154,1.0162,1.5e-05,0.005004,1
clopidogrel,diabetes mellitus,1.0,0.024226,1.0945,0.000269,0.005021,1
clopidogrel,inflammation,1.0,0.014555,1.0247,4.5e-05,0.005005,1
clopidogrel,stroke,1.0,0.019819,1.0397,0.000105,0.00501,1
clopidogrel,acute coronary syndrome,1.0,0.014374,1.019,2.2e-05,0.005005,1
clopidogrel,coronary artery disease,1.0,0.017161,1.0335,7.5e-05,0.005008,1
clopidogrel,renal insufficiency,1.0,0.015389,1.022,3.7e-05,0.005004,1
clopidogrel,intracranial arteriosclerosis,1.0,0.014974,1.0173,2.2e-05,0.005004,1
clopidogrel,atherosclerosis,1.0,0.017062,1.0387,7.8e-05,0.00501,1
clopidogrel,overweight,1.0,0.015681,1.0333,7.5e-05,0.005006,1
clopidogrel,cardiovascular diseases,1.0,0.021216,1.0764,0.00022,0.005017,1
antilymphocyte serum,kidney diseases,1.0,0.00947,1.0289,4.6e-05,0.005006,1
antilymphocyte serum,immunologic deficiency syndromes,1.0,0.010328,1.0249,3.5e-05,0.005008,1
antilymphocyte serum,diabetes mellitus,1.0,0.013555,1.1015,0.000416,0.005016,1
antilymphocyte serum,hypoglycemia,1.0,0.009248,1.026,3.5e-05,0.005005,1
antilymphocyte serum,myelodysplastic syndromes,1.0,0.014126,1.051,0.000167,0.005019,1
antilymphocyte serum,"leukemia, myeloid, acute",1.0,0.013547,1.0496,0.000144,0.005017,1
antilymphocyte serum,"histiocytosis, langerhans-cell",1.0,0.011157,1.0304,6.4e-05,0.00501,1
antilymphocyte serum,lymphoma,1.0,0.015563,1.0766,0.000289,0.005023,1
antilymphocyte serum,"leukemia, lymphocytic, chronic, b-cell",1.0,0.011483,1.038,9.8e-05,0.005012,1
antilymphocyte serum,chediak-higashi syndrome,1.0,0.010328,1.0249,3.5e-05,0.005008,1
antilymphocyte serum,leukemia,1.0,0.014492,1.0584,0.000196,0.005021,1
antilymphocyte serum,neuroblastoma,1.0,0.011014,1.0293,5.8e-05,0.005009,1
antilymphocyte serum,"lymphohistiocytosis, hemophagocytic",1.0,0.010328,1.0249,3.5e-05,0.005008,1
antilymphocyte serum,"diabetes mellitus, type 1",1.0,0.011718,1.0488,0.000167,0.00501,1
antilymphocyte serum,anemia,1.0,0.011989,1.034,8.7e-05,0.00501,1
antilymphocyte serum,lymphoproliferative disorders,1.0,0.011247,1.0309,5.8e-05,0.005012,1
antilymphocyte serum,autoimmune diseases,1.0,0.011249,1.041,0.000104,0.005011,1
rabeprazole,osteoarthritis,1.0,0.041857,1.0261,3.5e-05,0.005005,1
rabeprazole,dyspepsia,1.0,0.036776,1.0055,3e-06,0.005001,1
rabeprazole,asthma,1.0,0.048924,1.0536,6.9e-05,0.005008,1
rabeprazole,arthritis,1.0,0.043418,1.0345,4.8e-05,0.005006,1
oxyquinoline,osteoarthritis,1.0,0.04289,1.0243,3.5e-05,0.005004,1
oxyquinoline,low back pain,1.0,0.040078,1.0042,5e-06,0.005001,1
oxyquinoline,diabetic neuropathies,1.0,0.046364,1.0137,1.8e-05,0.005003,1
oxyquinoline,"neuralgia, postherpetic",1.0,0.039682,1.0058,7e-06,0.005002,1
nasal sprays,"rhinitis, allergic",1.0,0.192532,1.0042,2e-06,0.005001,1
pseudoephedrine,common cold,1.0,0.043429,1.0032,3e-06,0.005001,1
pseudoephedrine,headache,1.0,0.046568,1.009,1.2e-05,0.005002,1
pseudoephedrine,respiratory tract infections,1.0,0.052548,1.0052,8e-06,0.005001,1
pseudoephedrine,pharyngitis,1.0,0.044697,1.0018,3e-06,0.005001,1
febuxostat,gout,1.0,0.078945,1.007,1e-06,0.005001,1
febuxostat,hypertension,1.0,0.102472,1.1024,6.7e-05,0.005013,1
quinacrine,prostatic neoplasms,1.0,0.163965,1.0289,9e-06,0.005003,1
crystalloid solutions,"shock, septic",1.0,0.088227,1.0069,3e-06,0.005001,1
crystalloid solutions,hypertension,1.0,0.09751,1.1024,6.7e-05,0.005013,1
felodipine,hypertension,1.0,0.096637,1.1024,6.7e-05,0.005013,1
felodipine,"hypertrophy, left ventricular",1.0,0.074192,1.0085,2e-06,0.005001,1
filgrastim,"lymphoma, non-hodgkin",1.0,0.011258,1.0509,0.00015,0.005016,1
filgrastim,"lymphoma, b-cell",1.0,0.00868,1.0369,6.4e-05,0.00501,1
filgrastim,thrombocytopenia,1.0,0.008745,1.0326,5e-05,0.005008,1
filgrastim,graft vs host disease,1.0,0.00949,1.0376,8.6e-05,0.00501,1
filgrastim,medulloblastoma,1.0,0.008513,1.0337,5.7e-05,0.005008,1
filgrastim,purpura,1.0,0.007616,1.0263,1.4e-05,0.005005,1
filgrastim,x-linked combined immunodeficiency diseases,1.0,0.008483,1.0248,2.1e-05,0.005004,1
filgrastim,neutropenia,1.0,0.008379,1.0287,3.6e-05,0.005006,1
filgrastim,felty syndrome,1.0,0.007616,1.0263,1.4e-05,0.005005,1
filgrastim,lymphoma,1.0,0.014625,1.0801,0.000357,0.005025,1
filgrastim,"anemia, sickle cell",1.0,0.010146,1.0409,0.000121,0.005011,1
filgrastim,central nervous system neoplasms,1.0,0.009912,1.0422,0.000121,0.005012,1
filgrastim,chemotherapy-induced febrile neutropenia,1.0,0.007349,1.0233,7e-06,0.005003,1
filgrastim,thalassemia,1.0,0.008619,1.0302,4.3e-05,0.005007,1
filgrastim,multiple myeloma,1.0,0.01109,1.0497,0.000164,0.005015,1
filgrastim,anemia,1.0,0.010838,1.0373,0.000107,0.005011,1
filgrastim,hiv infections,1.0,0.016721,1.1448,0.000856,0.005026,1
filgrastim,cytopenia,1.0,0.007349,1.0233,7e-06,0.005003,1
filgrastim,autoimmune diseases,1.0,0.009597,1.0444,0.000128,0.005011,1
filgrastim,hodgkin disease,1.0,0.01045,1.0377,0.000107,0.00501,1
filgrastim,breast neoplasms,1.0,0.012446,1.086,0.000406,0.005017,1
"anesthetics, local","pain, postoperative",1.0,0.147583,1.0107,4e-06,0.005001,1
propranolol,retinopathy of prematurity,1.0,0.034118,1.0052,5e-06,0.005001,1
propranolol,"carcinoma, hepatocellular",1.0,0.023921,1.009,1.9e-05,0.005002,1
propranolol,hyperalgesia,1.0,0.023204,1.0076,1.1e-05,0.005001,1
propranolol,idiopathic noncirrhotic portal hypertension,1.0,0.021793,1.0046,3e-06,0.005001,1
propranolol,peptic ulcer,1.0,0.025185,1.0061,8e-06,0.005001,1
propranolol,brain injuries,1.0,0.023221,1.0101,1.6e-05,0.005002,1
propranolol,pancreatic neoplasms,1.0,0.025957,1.0245,4.3e-05,0.005003,1
propranolol,liver cirrhosis,1.0,0.02881,1.0103,2.7e-05,0.005002,1
testosterone,hypogonadism,1.0,0.028365,1.0198,1e-05,0.005002,1
testosterone,metabolic syndrome,1.0,0.032061,1.0479,5.4e-05,0.005009,1
testosterone,"diabetes mellitus, type 2",1.0,0.03847,1.0845,0.000121,0.005015,1
testosterone,alzheimer disease,1.0,0.041517,1.1395,0.000194,0.005021,1
testosterone,hiv infections,1.0,0.039362,1.1334,0.000204,0.005019,1
glyburide,diabetes mellitus,1.0,0.068932,1.0852,7.3e-05,0.00501,1
glyburide,"diabetes, gestational",1.0,0.056921,1.0127,8e-06,0.005002,1
glyburide,pregnancy in diabetics,1.0,0.050659,1.0082,3e-06,0.005001,1
"anesthetics, intravenous",synesthesia,1.0,0.087469,1.0203,2e-05,0.005004,1
"anesthetics, intravenous","obesity, morbid",1.0,0.093826,1.0107,8e-06,0.005002,1
dicloxacillin,parkinson disease,1.0,0.087182,1.0167,1.2e-05,0.005003,1
dicloxacillin,alzheimer disease,1.0,0.093123,1.1308,7.7e-05,0.005015,1
desflurane,obesity,1.0,0.040496,1.1295,0.00018,0.005018,1
desflurane,vomiting,1.0,0.036976,1.0206,3.1e-05,0.005006,1
desflurane,synesthesia,1.0,0.037514,1.0263,4.9e-05,0.005008,1
desflurane,postoperative nausea and vomiting,1.0,0.036608,1.0192,2.9e-05,0.005006,1
desflurane,arthritis,1.0,0.032104,1.0378,5.9e-05,0.005006,1
pentamidine,pneumonia,1.0,0.083945,1.0101,1e-05,0.005003,1
pentamidine,hiv infections,1.0,0.105103,1.1238,8.2e-05,0.005016,1
ketamine,psychophysiologic disorders,1.0,0.019738,1.08,0.000544,0.005023,1
ketamine,pain,1.0,0.013179,1.0515,0.000226,0.005014,1
ketamine,inflammation,1.0,0.009286,1.0309,7.3e-05,0.005006,1
ketamine,"epilepsy, post-traumatic",1.0,0.010164,1.0305,7.9e-05,0.005008,1
ketamine,obesity,1.0,0.017106,1.1424,0.000648,0.005025,1
ketamine,sepsis,1.0,0.011124,1.0217,3.7e-05,0.005003,1
ketamine,neoplasms,1.0,0.010789,1.0551,0.000214,0.005011,1
ketamine,seizures,1.0,0.012511,1.0365,0.000147,0.005013,1
ketamine,alcoholism,1.0,0.010601,1.0268,6.1e-05,0.005006,1
ketamine,hyperalgesia,1.0,0.009111,1.022,2.4e-05,0.005003,1
ketamine,postoperative cognitive complications,1.0,0.008566,1.0201,1.2e-05,0.005002,1
ketamine,"pain, postoperative",1.0,0.010371,1.0289,6.7e-05,0.005007,1
ketamine,acute pain,1.0,0.008379,1.0212,1.2e-05,0.005003,1
ketamine,critical illness,1.0,0.008297,1.0209,1.2e-05,0.005003,1
ketamine,status epilepticus,1.0,0.010053,1.0261,6.1e-05,0.005007,1
ketamine,delirium,1.0,0.009741,1.0293,7.3e-05,0.005007,1
ketamine,epilepsy,1.0,0.01802,1.0809,0.000403,0.005024,1
ketamine,drug resistant epilepsy,1.0,0.010759,1.0233,4.3e-05,0.005004,1
cefuroxime,obesity,1.0,0.160715,1.1258,3.6e-05,0.005013,1
perindopril,"ventricular dysfunction, left",1.0,0.013814,1.0244,1.9e-05,0.005003,1
perindopril,hypotension,1.0,0.016471,1.029,5.6e-05,0.005006,1
perindopril,dyslipidemias,1.0,0.015583,1.0357,5.6e-05,0.005008,1
perindopril,lipid metabolism disorders,1.0,0.013519,1.0207,1.1e-05,0.005003,1
perindopril,obesity,1.0,0.024786,1.14,0.000396,0.005026,1
perindopril,hypertension,1.0,0.026252,1.1166,0.00037,0.005025,1
perindopril,"hypertension, renal",1.0,0.014283,1.0237,2.2e-05,0.005004,1
perindopril,heart failure,1.0,0.017637,1.0318,6.7e-05,0.005006,1
perindopril,atrial fibrillation,1.0,0.016349,1.0236,2.2e-05,0.005003,1
perindopril,alzheimer disease,1.0,0.022965,1.1445,0.000426,0.005023,1
perindopril,essential hypertension,1.0,0.015943,1.0311,5.6e-05,0.005008,1
droxidopa,parkinson disease,1.0,0.077825,1.0142,1.7e-05,0.005003,1
droxidopa,fibromyalgia,1.0,0.06259,1.0076,7e-06,0.005001,1
droxidopa,"hypotension, orthostatic",1.0,0.088269,1.0027,2e-06,0.005001,1
glycoside hydrolase inhibitors,diabetes mellitus,1.0,0.087026,1.087,4.9e-05,0.005013,1
glycoside hydrolase inhibitors,"diabetes mellitus, type 2",1.0,0.08757,1.0776,4.8e-05,0.005013,1
arsenic trioxide,myelodysplastic syndromes,1.0,0.0369,1.0369,4.9e-05,0.005009,1
arsenic trioxide,myeloproliferative disorders,1.0,0.029956,1.0123,1e-05,0.005002,1
arsenic trioxide,leukemia,1.0,0.035769,1.0442,5.8e-05,0.005009,1
arsenic trioxide,"neoplasms, plasma cell",1.0,0.029746,1.0099,7e-06,0.005002,1
arsenic trioxide,multiple myeloma,1.0,0.034914,1.0323,3.9e-05,0.005007,1
voriconazole,"aspergillosis, allergic bronchopulmonary",1.0,0.100518,1.0029,3e-06,0.005001,1
voriconazole,mycoses,1.0,0.108291,1.0014,2e-06,0.005001,1
omega-n-methylarginine,obesity,1.0,0.086945,1.1288,7.2e-05,0.005017,1
omega-n-methylarginine,"diabetes mellitus, type 2",1.0,0.08451,1.0785,4.8e-05,0.005013,1
silybin,hypertension,1.0,0.164149,1.102,3.4e-05,0.005012,1
betamethasone valerate,paronychia,1.0,0.228465,1.0006,1e-06,0.005,1
betamethasone valerate,oral submucous fibrosis,1.0,0.228465,1.0006,1e-06,0.005,1
diltiazem,metabolic syndrome,1.0,0.064225,1.0409,3.3e-05,0.005006,1
diltiazem,"cardiomyopathy, hypertrophic",1.0,0.056867,1.0058,1e-06,0.005,1
diltiazem,hypertension,1.0,0.07744,1.1044,0.000101,0.005014,1
codeine,temporomandibular joint disorders,1.0,0.169178,1.0066,2e-06,0.005001,1
salmine,myocardial infarction,1.0,0.007818,1.0407,6.7e-05,0.005007,1
salmine,"osteoarthritis, knee",1.0,0.008573,1.0442,0.000105,0.005008,1
salmine,fibromyalgia,1.0,0.007688,1.0369,5.2e-05,0.005004,1
salmine,pain,1.0,0.010903,1.0644,0.000276,0.005015,1
salmine,shoulder pain,1.0,0.007671,1.033,1.5e-05,0.005003,1
salmine,st elevation myocardial infarction,1.0,0.006746,1.0349,2.2e-05,0.005004,1
salmine,"epilepsy, post-traumatic",1.0,0.007962,1.0431,9.7e-05,0.005007,1
salmine,obesity,1.0,0.01566,1.1563,0.000792,0.005038,1
salmine,hypertension,1.0,0.014535,1.1326,0.00074,0.005033,1
salmine,coronary artery disease,1.0,0.008832,1.0525,0.000149,0.005011,1
salmine,melanoma,1.0,0.007657,1.0425,9e-05,0.005004,1
salmine,alcoholism,1.0,0.008412,1.0393,7.5e-05,0.005006,1
salmine,synesthesia,1.0,0.009956,1.0507,0.000217,0.005012,1
salmine,heart failure,1.0,0.009426,1.0466,0.000134,0.00501,1
salmine,dupuytren contracture,1.0,0.006649,1.0334,1.5e-05,0.005003,1
salmine,"diabetes mellitus, type 2",1.0,0.01332,1.1049,0.00053,0.005029,1
salmine,"diabetes mellitus, type 1",1.0,0.009337,1.0612,0.000217,0.005013,1
salmine,delirium,1.0,0.007979,1.0419,9e-05,0.005008,1
salmine,cardiovascular diseases,1.0,0.011384,1.0962,0.000441,0.005023,1
salmine,alzheimer disease,1.0,0.014939,1.1609,0.000852,0.005031,1
salmine,"brain injuries, traumatic",1.0,0.008922,1.0373,6e-05,0.005005,1
salmine,sleep apnea syndromes,1.0,0.007748,1.0398,7.5e-05,0.005006,1
povidone-iodine,pleural effusion,1.0,0.228465,1.0006,1e-06,0.005,1
povidone-iodine,"pleural effusion, malignant",1.0,0.228465,1.0006,1e-06,0.005,1
insulin lispro,diabetes mellitus,1.0,0.062629,1.0884,7.3e-05,0.005015,1
insulin lispro,"diabetes mellitus, type 2",1.0,0.061987,1.0789,7.2e-05,0.005015,1
insulin lispro,"diabetes mellitus, type 1",1.0,0.052472,1.0363,3e-05,0.005007,1
amoxicillin,pneumonia,1.0,0.033905,1.0093,2.9e-05,0.005003,1
amoxicillin,tuberculosis,1.0,0.034332,1.0202,4.1e-05,0.005004,1
amoxicillin,respiratory tract infections,1.0,0.031033,1.0065,1.2e-05,0.005002,1
amoxicillin,helicobacter infections,1.0,0.032347,1.004,8e-06,0.005001,1
amoxicillin,infections,1.0,0.030483,1.0145,3.7e-05,0.005004,1
amoxicillin,periodontitis,1.0,0.031668,1.0035,6e-06,0.005001,1
risedronic acid,osteoporosis,1.0,0.07583,1.0108,8e-06,0.005002,1
risedronic acid,epilepsy,1.0,0.085238,1.0637,4.5e-05,0.005009,1
verapamil,hypertension,1.0,0.063442,1.1034,0.000101,0.005014,1
verapamil,coronary artery disease,1.0,0.053988,1.0253,2e-05,0.005004,1
verapamil,"epilepsies, myoclonic",1.0,0.049823,1.0063,4e-06,0.005001,1
digoxin,breast neoplasms,1.0,0.156874,1.0645,1.9e-05,0.005007,1
amiloride,hypertension,1.0,0.087863,1.1049,6.7e-05,0.005016,1
amiloride,"diabetes mellitus, type 2",1.0,0.084249,1.0778,4.8e-05,0.005012,1
gamma-aminobutyric acid,epilepsy,1.0,0.158923,1.0632,2.2e-05,0.005008,1
acetylcholine,anemia,1.0,0.152962,1.0154,5e-06,0.005002,1
nivolumab,"arthritis, rheumatoid",1.0,0.016131,1.0937,0.000361,0.005015,1
nivolumab,lung neoplasms,1.0,0.014221,1.0409,0.000114,0.005012,1
nivolumab,"carcinoma, hepatocellular",1.0,0.011802,1.0172,3.3e-05,0.005004,1
nivolumab,sarcoma,1.0,0.013544,1.0316,8.1e-05,0.005008,1
nivolumab,triple negative breast neoplasms,1.0,0.013744,1.0312,8.1e-05,0.005011,1
nivolumab,melanoma,1.0,0.013014,1.0237,5.7e-05,0.005006,1
nivolumab,biliary tract neoplasms,1.0,0.013057,1.0199,4.3e-05,0.005008,1
nivolumab,"carcinoma, pancreatic ductal",1.0,0.011862,1.0171,2.9e-05,0.005006,1
nivolumab,colorectal neoplasms,1.0,0.015909,1.0314,9.5e-05,0.005012,1
nivolumab,"carcinoma, non-small-cell lung",1.0,0.014938,1.0333,9.5e-05,0.005012,1
nivolumab,liver neoplasms,1.0,0.012797,1.0203,3.3e-05,0.005004,1
nivolumab,stomach neoplasms,1.0,0.013654,1.0239,5.7e-05,0.005008,1
nivolumab,"mesothelioma, malignant",1.0,0.01162,1.0159,2.4e-05,0.005004,1
nivolumab,pancreatic neoplasms,1.0,0.014693,1.0328,7.6e-05,0.00501,1
moxifloxacin,tuberculosis,1.0,0.045921,1.0202,3.4e-05,0.005003,1
moxifloxacin,wound infection,1.0,0.066967,1.0034,5e-06,0.005002,1
moxifloxacin,abscess,1.0,0.066967,1.0034,5e-06,0.005002,1
moxifloxacin,diabetic foot,1.0,0.066967,1.0034,5e-06,0.005002,1
moxifloxacin,ulcer,1.0,0.07217,1.0052,8e-06,0.005002,1
ethambutol,mycobacterium avium-intracellulare infection,1.0,0.09084,1.0045,2e-06,0.005001,1
ethambutol,hiv infections,1.0,0.120947,1.1237,8.2e-05,0.005015,1
doxazosin,"rhinitis, allergic",1.0,0.192532,1.0042,2e-06,0.005001,1
dobutamine,"ventricular dysfunction, left",1.0,0.041807,1.0103,8e-06,0.005001,1
dobutamine,myocardial infarction,1.0,0.043444,1.0119,1.5e-05,0.005002,1
dobutamine,"shock, cardiogenic",1.0,0.040329,1.0028,2e-06,0.005001,1
dobutamine,sepsis,1.0,0.052673,1.0056,1e-05,0.005001,1
dobutamine,cardiomyopathies,1.0,0.040329,1.0028,2e-06,0.005001,1
ivermectin,onchocerciasis,1.0,0.10087,1.0028,1e-06,0.005,1
ivermectin,epilepsy,1.0,0.1244,1.0638,4.5e-05,0.005008,1
sodium oxybate,alzheimer disease,1.0,0.169679,1.1302,3.9e-05,0.005014,1
ginkgo extract,alzheimer disease,1.0,0.169679,1.1302,3.9e-05,0.005014,1
n-acetylneuraminic acid,hypertension,1.0,0.092007,1.1024,6.7e-05,0.005013,1
n-acetylneuraminic acid,xerostomia,1.0,0.077095,1.0065,3e-06,0.005001,1
sodium bicarbonate,pain,1.0,0.108168,1.0345,2.5e-05,0.005005,1
sodium bicarbonate,varicose veins,1.0,0.141429,1.003,1e-06,0.005,1
testosterone propionate,prostatic neoplasms,1.0,0.163965,1.0289,9e-06,0.005003,1
fluphenazine,psychophysiologic disorders,1.0,0.114008,1.0651,6e-05,0.005022,1
fluphenazine,dementia,1.0,0.117642,1.0873,6.9e-05,0.005024,1
esomeprazole,"arthritis, rheumatoid",1.0,0.024325,1.0926,0.000258,0.005013,1
esomeprazole,esophageal neoplasms,1.0,0.017607,1.025,4.1e-05,0.005003,1
esomeprazole,osteoarthritis,1.0,0.020667,1.0338,8.8e-05,0.005007,1
esomeprazole,low back pain,1.0,0.018565,1.0135,1.4e-05,0.005002,1
esomeprazole,obesity,1.0,0.024558,1.1344,0.00036,0.005017,1
esomeprazole,gastroesophageal reflux,1.0,0.017958,1.0124,7e-06,0.005001,1
esomeprazole,chest pain,1.0,0.018114,1.0128,1e-05,0.005002,1
esomeprazole,duodenal ulcer,1.0,0.01628,1.0121,3e-06,0.005001,1
esomeprazole,precancerous conditions,1.0,0.017983,1.0251,3.4e-05,0.005003,1
esomeprazole,stomach ulcer,1.0,0.01662,1.0131,7e-06,0.005002,1
quercetin,alzheimer disease,1.0,0.169679,1.1302,3.9e-05,0.005014,1
chlorambucil,lymphoma,1.0,0.078354,1.06,3.4e-05,0.005007,1
chlorambucil,"leukemia, lymphocytic, chronic, b-cell",1.0,0.071686,1.022,1.2e-05,0.005003,1
reboxetine,psychophysiologic disorders,1.0,0.114008,1.0651,6e-05,0.005022,1
reboxetine,dementia,1.0,0.117642,1.0873,6.9e-05,0.005024,1
nitrous oxide,abdominal neoplasms,1.0,0.024547,1.0089,1.2e-05,0.005004,1
nitrous oxide,headache,1.0,0.025851,1.0132,2.1e-05,0.005005,1
nitrous oxide,neoplasms,1.0,0.027858,1.0416,8.3e-05,0.005008,1
nitrous oxide,neurofibromatoses,1.0,0.024547,1.0089,1.2e-05,0.005004,1
nitrous oxide,hydrocephalus,1.0,0.025046,1.0095,1.4e-05,0.005004,1
nitrous oxide,glaucoma,1.0,0.02839,1.0188,5.2e-05,0.005005,1
nitrous oxide,epilepsy,1.0,0.032696,1.067,0.000157,0.005012,1
perazine,psychophysiologic disorders,1.0,0.114008,1.0651,6e-05,0.005022,1
perazine,dementia,1.0,0.117642,1.0873,6.9e-05,0.005024,1
maraviroc,hematologic neoplasms,1.0,0.016072,1.0114,1.2e-05,0.005002,1
maraviroc,stroke,1.0,0.020125,1.035,8.6e-05,0.005005,1
maraviroc,hepatitis b,1.0,0.018917,1.0126,2.4e-05,0.005004,1
maraviroc,aids dementia complex,1.0,0.01688,1.0128,1.5e-05,0.005002,1
maraviroc,acquired immunodeficiency syndrome,1.0,0.021779,1.0236,7e-05,0.005008,1
maraviroc,covid-19,1.0,0.020361,1.0241,6.7e-05,0.005006,1
maraviroc,hepatitis c,1.0,0.020129,1.0173,4.3e-05,0.005006,1
maraviroc,hiv infections,1.0,0.033981,1.1288,0.000367,0.005022,1
maraviroc,post-acute covid-19 syndrome,1.0,0.017449,1.0136,2.1e-05,0.005003,1
hydroxocobalamin,vitamin b 12 deficiency,1.0,0.456929,1.0004,0.0,0.005,1
tirzepatide,"osteoarthritis, knee",1.0,0.009838,1.0334,8.6e-05,0.005007,1
tirzepatide,"colitis, ulcerative",1.0,0.008344,1.0265,3.1e-05,0.005004,1
tirzepatide,osteoarthritis,1.0,0.010459,1.0429,0.000159,0.005009,1
tirzepatide,"arthritis, psoriatic",1.0,0.009668,1.026,4.9e-05,0.005004,1
tirzepatide,crohn disease,1.0,0.009349,1.0287,4.9e-05,0.005004,1
tirzepatide,obesity,1.0,0.017587,1.1444,0.000648,0.005029,1
tirzepatide,"sleep apnea, obstructive",1.0,0.009857,1.0274,6.1e-05,0.005004,1
tirzepatide,coronary artery disease,1.0,0.010705,1.0416,0.000122,0.005009,1
tirzepatide,"angina, stable",1.0,0.008427,1.0247,2.4e-05,0.005004,1
tirzepatide,wolfram syndrome,1.0,0.008927,1.0229,1.8e-05,0.005003,1
tirzepatide,non-alcoholic fatty liver disease,1.0,0.010558,1.0345,8.6e-05,0.005008,1
tirzepatide,"diabetes mellitus, type 2",1.0,0.015757,1.0934,0.000434,0.005023,1
tirzepatide,atrial fibrillation,1.0,0.010048,1.0275,3.7e-05,0.005004,1
tirzepatide,"diabetes mellitus, type 1",1.0,0.011436,1.0502,0.000177,0.005011,1
tirzepatide,psoriasis,1.0,0.009518,1.0256,4.3e-05,0.005004,1
tirzepatide,"renal insufficiency, chronic",1.0,0.010962,1.0441,0.000159,0.00501,1
tirzepatide,overweight,1.0,0.010562,1.0414,0.000122,0.005011,1
tirzepatide,breast neoplasms,1.0,0.011563,1.084,0.000348,0.005012,1
gemcitabine,"lymphoma, non-hodgkin",1.0,0.008259,1.0511,0.000178,0.005014,1
gemcitabine,cholangiocarcinoma,1.0,0.00652,1.0254,2.5e-05,0.005005,1
gemcitabine,urethral neoplasms,1.0,0.007191,1.0294,5.1e-05,0.005008,1
gemcitabine,gallbladder neoplasms,1.0,0.006558,1.0275,2.5e-05,0.005007,1
gemcitabine,sarcoma,1.0,0.008875,1.0418,0.000144,0.005015,1
gemcitabine,triple negative breast neoplasms,1.0,0.009413,1.0414,0.000144,0.005018,1
gemcitabine,myeloproliferative disorders,1.0,0.006706,1.0295,5.1e-05,0.005007,1
gemcitabine,lymphoma,1.0,0.01205,1.0803,0.000424,0.005024,1
gemcitabine,neoplasms,1.0,0.010305,1.0591,0.000297,0.00502,1
gemcitabine,biliary tract neoplasms,1.0,0.008257,1.03,7.6e-05,0.005011,1
gemcitabine,"carcinoma, pancreatic ductal",1.0,0.007234,1.0271,5.1e-05,0.005007,1
gemcitabine,carcinoma,1.0,0.011743,1.057,0.000272,0.005022,1
gemcitabine,ovarian neoplasms,1.0,0.008615,1.0405,0.000119,0.005014,1
gemcitabine,non-muscle invasive bladder neoplasms,1.0,0.006398,1.0246,1.7e-05,0.005005,1
gemcitabine,colorectal neoplasms,1.0,0.010834,1.0416,0.00017,0.005016,1
gemcitabine,"carcinoma, non-small-cell lung",1.0,0.010737,1.0435,0.00017,0.005019,1
gemcitabine,nasopharyngeal carcinoma,1.0,0.00722,1.0271,4.2e-05,0.005008,1
gemcitabine,"carcinoma, squamous cell",1.0,0.008042,1.0288,7.6e-05,0.005008,1
gemcitabine,uterine cervical neoplasms,1.0,0.007807,1.0312,6.8e-05,0.00501,1
gemcitabine,pancreatic neoplasms,1.0,0.00907,1.043,0.000136,0.005014,1
gemcitabine,hodgkin disease,1.0,0.008894,1.0379,0.000127,0.005011,1
gemcitabine,breast neoplasms,1.0,0.012824,1.0862,0.000484,0.005026,1
gemcitabine,head and neck neoplasms,1.0,0.008533,1.0382,0.00011,0.005013,1
gemcitabine,urinary bladder neoplasms,1.0,0.008456,1.0327,9.3e-05,0.005011,1
gemcitabine,nasopharyngeal neoplasms,1.0,0.006398,1.0246,1.7e-05,0.005005,1
norepinephrine,acute kidney injury,1.0,0.033343,1.0086,1e-05,0.005002,1
norepinephrine,"shock, septic",1.0,0.032675,1.0092,8e-06,0.005001,1
norepinephrine,hypertension,1.0,0.040211,1.1048,0.000202,0.005014,1
norepinephrine,synesthesia,1.0,0.032719,1.0249,5.9e-05,0.005005,1
norepinephrine,end stage liver disease,1.0,0.029663,1.0075,6e-06,0.005001,1
norepinephrine,fibrosis,1.0,0.036125,1.0173,2.9e-05,0.005003,1
estramustine,prostatic neoplasms,1.0,0.163965,1.0289,9e-06,0.005003,1
neomycin,prediabetic state,1.0,0.15929,1.0142,4e-06,0.005001,1
tryptophan,alzheimer disease,1.0,0.169679,1.1302,3.9e-05,0.005014,1
vortioxetine,frontotemporal dementia,1.0,0.095637,1.0049,4e-06,0.005001,1
vortioxetine,frontotemporal lobar degeneration,1.0,0.084861,1.0026,2e-06,0.005001,1
arginine vasopressin,pulmonary arterial hypertension,1.0,0.151257,1.0069,3e-06,0.005001,1
ustekinumab,"arthritis, psoriatic",1.0,0.043137,1.0077,1.1e-05,0.005003,1
ustekinumab,takayasu arteritis,1.0,0.038678,1.0038,3e-06,0.005001,1
ustekinumab,psoriasis,1.0,0.042706,1.0073,1e-05,0.005002,1
ustekinumab,arthritis,1.0,0.047663,1.0327,4.8e-05,0.005006,1
succinylcholine,stroke,1.0,0.157942,1.028,1e-05,0.005004,1
trimethoprim,pneumonia,1.0,0.083945,1.0101,1e-05,0.005003,1
trimethoprim,hiv infections,1.0,0.105103,1.1238,8.2e-05,0.005016,1
interferon-alpha,kidney neoplasms,1.0,0.034652,1.0257,2.2e-05,0.005003,1
interferon-alpha,carcinoma,1.0,0.037716,1.0406,5.4e-05,0.005006,1
interferon-alpha,polycythemia vera,1.0,0.033781,1.0085,5e-06,0.005001,1
interferon-alpha,papilloma,1.0,0.032425,1.007,2e-06,0.005001,1
interferon-alpha,hiv infections,1.0,0.047574,1.1272,0.000204,0.005017,1
hydroxyzine,psychophysiologic disorders,1.0,0.114008,1.0651,6e-05,0.005022,1
hydroxyzine,dementia,1.0,0.117642,1.0873,6.9e-05,0.005024,1
clindamycin,prediabetic state,1.0,0.15929,1.0142,4e-06,0.005001,1
rifabutin,mycobacterium avium-intracellulare infection,1.0,0.061561,1.0053,3e-06,0.005001,1
rifabutin,tuberculosis,1.0,0.060334,1.0217,2e-05,0.005004,1
rifabutin,hiv infections,1.0,0.087485,1.1246,0.000122,0.005017,1
gastric inhibitory polypeptide,diabetes mellitus,1.0,0.158897,1.0842,2.4e-05,0.005009,1
tumor necrosis factor inhibitors,"arthritis, rheumatoid",1.0,0.072441,1.0837,7.7e-05,0.005011,1
tumor necrosis factor inhibitors,spondylarthritis,1.0,0.05263,1.0043,2e-06,0.005001,1
tumor necrosis factor inhibitors,"arthritis, psoriatic",1.0,0.056763,1.0087,8e-06,0.005002,1
k cl- cotransporters,hypertension,1.0,0.164149,1.102,3.4e-05,0.005012,1
valproic acid,craniocerebral trauma,1.0,0.007664,1.0283,1.5e-05,0.005004,1
valproic acid,"epilepsy, reflex",1.0,0.007918,1.0287,2.2e-05,0.005004,1
valproic acid,psychophysiologic disorders,1.0,0.022574,1.0881,0.000665,0.005036,1
valproic acid,neuromyelitis optica,1.0,0.008385,1.0427,9e-05,0.005005,1
valproic acid,dementia,1.0,0.023676,1.1108,0.000762,0.00504,1
valproic acid,"epilepsy, post-traumatic",1.0,0.009388,1.0382,9.7e-05,0.005009,1
valproic acid,"epilepsy, absence",1.0,0.009694,1.0293,3e-05,0.005004,1
valproic acid,glioma,1.0,0.008707,1.0396,0.000112,0.005007,1
valproic acid,seizures,1.0,0.012496,1.0443,0.000179,0.005014,1
valproic acid,coronary artery disease,1.0,0.009089,1.0475,0.000149,0.005007,1
valproic acid,wolfram syndrome,1.0,0.008184,1.0288,2.2e-05,0.005003,1
valproic acid,thyroid neoplasms,1.0,0.00803,1.0284,2.2e-05,0.005003,1
valproic acid,spasm,1.0,0.009633,1.0301,5.2e-05,0.005005,1
valproic acid,nodding syndrome,1.0,0.008328,1.0287,2.2e-05,0.005004,1
valproic acid,status epilepticus,1.0,0.009853,1.0338,7.5e-05,0.005009,1
valproic acid,aortic valve disease,1.0,0.007136,1.0274,7e-06,0.005003,1
valproic acid,delirium,1.0,0.008705,1.037,9e-05,0.005007,1
valproic acid,epilepsy,1.0,0.018778,1.089,0.000493,0.005026,1
valproic acid,alzheimer disease,1.0,0.016095,1.1555,0.000852,0.005029,1
valproic acid,hiv infections,1.0,0.013924,1.1493,0.000897,0.005024,1
valproic acid,cerebral hemorrhage,1.0,0.007136,1.0274,7e-06,0.005003,1
valproic acid,huntington disease,1.0,0.009539,1.0295,3e-05,0.005004,1
procaterol,asthma,1.0,0.095229,1.0518,3.5e-05,0.005009,1
procaterol,"pulmonary disease, chronic obstructive",1.0,0.085255,1.0196,1.6e-05,0.005005,1
clomiphene,hypogonadism,1.0,0.025,1.017,1.4e-05,0.005003,1
clomiphene,anovulation,1.0,0.023102,1.0098,2e-06,0.005001,1
clomiphene,hyperandrogenism,1.0,0.023453,1.0129,5e-06,0.005002,1
clomiphene,infertility,1.0,0.027502,1.0169,1.4e-05,0.005003,1
clomiphene,obesity,1.0,0.037399,1.1318,0.000252,0.00502,1
clomiphene,polycystic ovary syndrome,1.0,0.026392,1.0201,2.1e-05,0.005004,1
clomiphene,"diabetes mellitus, type 2",1.0,0.035094,1.0815,0.000169,0.005015,1
vemurafenib,histiocytic sarcoma,1.0,0.020884,1.0063,3e-06,0.005001,1
vemurafenib,"esthesioneuroblastoma, olfactory",1.0,0.020884,1.0063,3e-06,0.005001,1
vemurafenib,glioma,1.0,0.023307,1.0191,5.1e-05,0.005003,1
vemurafenib,rhabdoid tumor,1.0,0.020884,1.0063,3e-06,0.005001,1
vemurafenib,"histiocytosis, langerhans-cell",1.0,0.022468,1.0173,3.7e-05,0.005003,1
vemurafenib,melanoma,1.0,0.024457,1.0172,4.1e-05,0.005003,1
vemurafenib,"xanthogranuloma, juvenile",1.0,0.020884,1.0063,3e-06,0.005001,1
vemurafenib,central nervous system neoplasms,1.0,0.023175,1.0256,5.8e-05,0.005004,1
vemurafenib,"neuroectodermal tumors, primitive, peripheral",1.0,0.021376,1.0071,7e-06,0.005001,1
vemurafenib,wilms tumor,1.0,0.022728,1.0065,7e-06,0.005001,1
levodopa,parkinson disease,1.0,0.171893,1.0128,6e-06,0.005002,1
lactulose,fibrosis,1.0,0.161651,1.0121,5e-06,0.005002,1
roxithromycin,"arthritis, rheumatoid",1.0,0.165332,1.0829,2.6e-05,0.00501,1
proguanil,malaria,1.0,0.079893,1.0105,7e-06,0.005003,1
proguanil,hiv infections,1.0,0.103231,1.1238,8.2e-05,0.005016,1
abatacept,"arthritis, rheumatoid",1.0,0.022255,1.0963,0.000413,0.005021,1
abatacept,myocardial infarction,1.0,0.011007,1.0244,4.9e-05,0.005004,1
abatacept,rheumatic fever,1.0,0.012262,1.0224,4.9e-05,0.005006,1
abatacept,rheumatic diseases,1.0,0.011055,1.0171,1.6e-05,0.005003,1
abatacept,spondylarthritis,1.0,0.011459,1.016,1.1e-05,0.005002,1
abatacept,"arthritis, psoriatic",1.0,0.013405,1.0205,4.3e-05,0.005006,1
abatacept,scleredema adultorum,1.0,0.010294,1.0169,1.6e-05,0.005003,1
abatacept,"lupus erythematosus, systemic",1.0,0.01208,1.031,8.2e-05,0.005007,1
abatacept,hypertension,1.0,0.016847,1.1149,0.000538,0.005018,1
abatacept,"arthritis, juvenile",1.0,0.012539,1.0248,6.5e-05,0.005007,1
abatacept,"diabetes mellitus, type 1",1.0,0.013644,1.0445,0.000158,0.00501,1
abatacept,alopecia areata,1.0,0.010107,1.0165,1.1e-05,0.005003,1
abatacept,sjogren's syndrome,1.0,0.012007,1.0285,7.1e-05,0.005005,1
abatacept,arthralgia,1.0,0.010107,1.0165,1.1e-05,0.005003,1
abatacept,immune system diseases,1.0,0.009739,1.0179,1.1e-05,0.005002,1
abatacept,arthritis,1.0,0.015427,1.0458,0.00019,0.005013,1
"ferric oxide, saccharated",hypertension,1.0,0.080139,1.1037,0.000101,0.005014,1
"ferric oxide, saccharated","renal insufficiency, chronic",1.0,0.070109,1.0281,2.6e-05,0.005005,1
"ferric oxide, saccharated","anemia, iron-deficiency",1.0,0.057095,1.0051,1e-06,0.005,1
telbivudine,hepatitis,1.0,0.045604,1.0055,5e-06,0.005001,1
telbivudine,"hepatitis b, chronic",1.0,0.046468,1.008,1.4e-05,0.005002,1
telbivudine,hepatitis b,1.0,0.042612,1.0067,1.1e-05,0.005002,1
telbivudine,"renal insufficiency, chronic",1.0,0.044025,1.0254,3.5e-05,0.005004,1
methoxsalen,"arthritis, rheumatoid",1.0,0.165332,1.0829,2.6e-05,0.00501,1
ketorolac,"osteoarthritis, knee",1.0,0.04173,1.016,1.9e-05,0.005004,1
ketorolac,joint diseases,1.0,0.03936,1.0088,1.2e-05,0.005003,1
ketorolac,osteoarthritis,1.0,0.042516,1.0253,3.5e-05,0.005006,1
ketorolac,pain,1.0,0.047462,1.0356,5e-05,0.005008,1
salmeterol xinafoate,"asthma, exercise-induced",1.0,0.02793,1.0061,1e-05,0.005003,1
salmeterol xinafoate,emphysema,1.0,0.029123,1.005,5e-06,0.005001,1
salmeterol xinafoate,bronchial spasm,1.0,0.028168,1.0054,7e-06,0.005002,1
salmeterol xinafoate,"bronchitis, chronic",1.0,0.024434,1.0047,2e-06,0.005001,1
salmeterol xinafoate,asthma,1.0,0.046242,1.0541,0.000121,0.005011,1
salmeterol xinafoate,"pulmonary disease, chronic obstructive",1.0,0.04092,1.0219,5.7e-05,0.005008,1
salmeterol xinafoate,lung diseases,1.0,0.036533,1.0156,3.8e-05,0.005006,1
vitamin d,"arthritis, rheumatoid",1.0,0.022957,1.1008,0.000258,0.005018,1
vitamin d,rheumatic fever,1.0,0.015716,1.0265,3.1e-05,0.005004,1
vitamin d,insulin resistance,1.0,0.016426,1.0414,7.5e-05,0.005008,1
vitamin d,obesity,1.0,0.025527,1.1428,0.00036,0.005027,1
vitamin d,osteoporosis,1.0,0.016267,1.0275,4.1e-05,0.005004,1
vitamin d,"diabetes mellitus, type 1",1.0,0.017333,1.0488,9.8e-05,0.005009,1
vitamin d,asthma,1.0,0.020399,1.0694,0.000173,0.005013,1
vitamin d,overweight,1.0,0.016684,1.0399,6.8e-05,0.005008,1
vitamin d,epilepsy,1.0,0.02057,1.0813,0.000224,0.005016,1
vitamin d,alzheimer disease,1.0,0.025499,1.1473,0.000387,0.005026,1
taurine,mania,1.0,0.456929,1.0004,0.0,0.005,1
levonorgestrel,epilepsy,1.0,0.158923,1.0632,2.2e-05,0.005008,1
itraconazole,"aspergillosis, allergic bronchopulmonary",1.0,0.042383,1.0052,8e-06,0.005001,1
itraconazole,retinoblastoma,1.0,0.030782,1.0029,2e-06,0.005001,1
itraconazole,neuroblastoma,1.0,0.034794,1.0128,2e-05,0.005002,1
itraconazole,brain neoplasms,1.0,0.033389,1.0136,2.4e-05,0.005002,1
itraconazole,wilms tumor,1.0,0.032626,1.0033,4e-06,0.005001,1
itraconazole,mycoses,1.0,0.04563,1.0036,6e-06,0.005001,1
diazinon,covid-19,1.0,0.155092,1.0166,7e-06,0.005003,1
bronchodilator agents,"leukemia, hairy cell",1.0,0.154848,1.0072,3e-06,0.005001,1
tigecycline,obesity,1.0,0.160715,1.1258,3.6e-05,0.005013,1
diclofenac,"arthritis, rheumatoid",1.0,0.048418,1.0862,0.000103,0.005013,1
diclofenac,osteoarthritis,1.0,0.039254,1.0277,3.5e-05,0.005006,1
diclofenac,synesthesia,1.0,0.041822,1.0246,3.9e-05,0.005005,1
diclofenac,arthritis,1.0,0.041134,1.0361,4.8e-05,0.005008,1
guaifenesin,cough,1.0,0.113786,1.0036,3e-06,0.005001,1
guaifenesin,respiratory tract infections,1.0,0.091039,1.0044,4e-06,0.005001,1
nitrazepam,psychophysiologic disorders,1.0,0.064953,1.0676,0.000121,0.005026,1
nitrazepam,dementia,1.0,0.067451,1.0898,0.000139,0.005028,1
nitrazepam,spasm,1.0,0.039717,1.0107,1e-05,0.005002,1
nitrazepam,epilepsy,1.0,0.050761,1.0684,9e-05,0.005015,1
solutions,ocular hypertension,1.0,0.115374,1.0054,9e-06,0.005003,1
solutions,"glaucoma, open-angle",1.0,0.130354,1.007,1.1e-05,0.005004,1
stavudine,acidosis,1.0,0.023109,1.0091,5e-06,0.005001,1
stavudine,hiv-associated lipodystrophy syndrome,1.0,0.027724,1.0201,3.6e-05,0.005007,1
stavudine,aids-related opportunistic infections,1.0,0.022479,1.0118,1.2e-05,0.005003,1
stavudine,acquired immunodeficiency syndrome,1.0,0.028421,1.0238,5.5e-05,0.005008,1
stavudine,hemophilia a,1.0,0.024913,1.0119,1.4e-05,0.005004,1
stavudine,cardiovascular diseases,1.0,0.03021,1.0719,0.00014,0.005013,1
stavudine,hiv infections,1.0,0.044796,1.129,0.000285,0.005022,1
cyclophosphamide,"lymphoma, non-hodgkin",1.0,0.005154,1.1073,0.000528,0.005044,1
cyclophosphamide,"lymphoma, follicular",1.0,0.003898,1.0934,0.000276,0.005027,1
cyclophosphamide,"lymphoma, b-cell",1.0,0.003535,1.0925,0.000226,0.005027,1
cyclophosphamide,"arthritis, rheumatoid",1.0,0.00661,1.1636,0.00191,0.00504,1
cyclophosphamide,thrombocytopenia,1.0,0.003101,1.088,0.000176,0.00502,1
cyclophosphamide,colonic neoplasms,1.0,0.002467,1.0866,0.000126,0.005013,1
cyclophosphamide,graft vs host disease,1.0,0.003725,1.0933,0.000302,0.005025,1
cyclophosphamide,esophageal neoplasms,1.0,0.003416,1.0915,0.000302,0.005022,1
cyclophosphamide,medulloblastoma,1.0,0.003233,1.0892,0.000201,0.005023,1
cyclophosphamide,hematologic diseases,1.0,0.002452,1.0833,7.5e-05,0.005014,1
cyclophosphamide,"lymphoma, large-cell, immunoblastic",1.0,0.00374,1.0959,0.000302,0.005029,1
cyclophosphamide,bone marrow failure disorders,1.0,0.002285,1.082,5e-05,0.005012,1
cyclophosphamide,neuromyelitis optica,1.0,0.003401,1.0945,0.000302,0.005024,1
cyclophosphamide,appendiceal neoplasms,1.0,0.002053,1.0802,2.5e-05,0.005009,1
cyclophosphamide,skin neoplasms,1.0,0.002899,1.0834,0.000126,0.005014,1
cyclophosphamide,recurrence,1.0,0.003218,1.0891,0.000251,0.005018,1
cyclophosphamide,"leukemia, prolymphocytic",1.0,0.002684,1.0851,0.000101,0.005016,1
cyclophosphamide,gallbladder neoplasms,1.0,0.00239,1.0825,7.5e-05,0.005013,1
cyclophosphamide,amyloidosis,1.0,0.002328,1.0835,7.5e-05,0.005012,1
cyclophosphamide,purpura,1.0,0.002321,1.0814,5e-05,0.005011,1
cyclophosphamide,lung neoplasms,1.0,0.004521,1.1074,0.000603,0.005032,1
cyclophosphamide,waldenstrom macroglobulinemia,1.0,0.002684,1.0851,0.000101,0.005016,1
cyclophosphamide,prostatic neoplasms,1.0,0.005105,1.107,0.000679,0.005026,1
cyclophosphamide,gastrointestinal neoplasms,1.0,0.00291,1.0851,0.000176,0.005016,1
cyclophosphamide,precursor cell lymphoblastic leukemia-lymphoma,1.0,0.005531,1.1101,0.000578,0.005047,1
cyclophosphamide,"leukemia, plasma cell",1.0,0.002684,1.0851,0.000101,0.005016,1
cyclophosphamide,rhabdomyosarcoma,1.0,0.003977,1.0929,0.000327,0.005025,1
cyclophosphamide,burkitt lymphoma,1.0,0.00437,1.101,0.000377,0.005036,1
cyclophosphamide,myelodysplastic syndromes,1.0,0.006206,1.111,0.000729,0.005043,1
cyclophosphamide,sarcoma,1.0,0.004296,1.0976,0.000427,0.00503,1
cyclophosphamide,neutropenia,1.0,0.002812,1.0839,0.000126,0.005015,1
cyclophosphamide,obesity,1.0,0.005732,1.208,0.002664,0.005034,1
cyclophosphamide,triple negative breast neoplasms,1.0,0.003946,1.0971,0.000427,0.005028,1
cyclophosphamide,felty syndrome,1.0,0.002321,1.0814,5e-05,0.005011,1
cyclophosphamide,"lymphoma, large-cell, anaplastic",1.0,0.002724,1.086,0.000126,0.005017,1
cyclophosphamide,"leukemia, myeloid, acute",1.0,0.005716,1.1095,0.000628,0.005039,1
cyclophosphamide,"lymphoma, b-cell, marginal zone",1.0,0.002285,1.082,5e-05,0.005012,1
cyclophosphamide,lymphoma,1.0,0.008827,1.1381,0.001257,0.005064,1
cyclophosphamide,"leukemia, lymphocytic, chronic, b-cell",1.0,0.004793,1.0973,0.000427,0.00503,1
cyclophosphamide,neoplasms,1.0,0.005069,1.1158,0.00088,0.005035,1
cyclophosphamide,leukemia,1.0,0.006461,1.1188,0.000854,0.005048,1
cyclophosphamide,primary myelofibrosis,1.0,0.002353,1.083,7.5e-05,0.005012,1
cyclophosphamide,melanoma,1.0,0.003763,1.0891,0.000302,0.005017,1
cyclophosphamide,kidney neoplasms,1.0,0.00338,1.0976,0.000327,0.005024,1
cyclophosphamide,neuroblastoma,1.0,0.003294,1.088,0.000251,0.005018,1
cyclophosphamide,"anemia, sickle cell",1.0,0.004102,1.0968,0.000427,0.005026,1
cyclophosphamide,mediastinal neoplasms,1.0,0.00374,1.0959,0.000302,0.005029,1
cyclophosphamide,central nervous system neoplasms,1.0,0.004313,1.0982,0.000427,0.005031,1
cyclophosphamide,ovarian neoplasms,1.0,0.003979,1.0961,0.000352,0.005028,1
cyclophosphamide,"lymphoma, t-cell, peripheral",1.0,0.002958,1.086,0.000151,0.005016,1
cyclophosphamide,colorectal neoplasms,1.0,0.004511,1.0973,0.000503,0.005025,1
cyclophosphamide,fallopian tube neoplasms,1.0,0.002544,1.0849,0.000126,0.005015,1
cyclophosphamide,"melanoma, experimental",1.0,0.002318,1.081,5e-05,0.005011,1
cyclophosphamide,mesothelioma,1.0,0.002314,1.0829,7.5e-05,0.005013,1
cyclophosphamide,"carcinoma, non-small-cell lung",1.0,0.004539,1.0993,0.000503,0.005028,1
cyclophosphamide,"lymphoma, large b-cell, diffuse",1.0,0.003488,1.0933,0.000251,0.005026,1
cyclophosphamide,"leukemia, myelomonocytic, chronic",1.0,0.002914,1.0861,0.000151,0.005017,1
cyclophosphamide,precancerous conditions,1.0,0.003411,1.0916,0.000251,0.005022,1
cyclophosphamide,"leukemia, biphenotypic, acute",1.0,0.002871,1.0878,0.000151,0.005019,1
cyclophosphamide,thalassemia,1.0,0.002938,1.0855,0.000151,0.005016,1
cyclophosphamide,neuroendocrine tumors,1.0,0.002247,1.0809,5e-05,0.00501,1
cyclophosphamide,"leukemia, myelogenous, chronic, bcr-abl positive",1.0,0.003414,1.0891,0.000226,0.005021,1
cyclophosphamide,multiple myeloma,1.0,0.005503,1.106,0.000578,0.00504,1
cyclophosphamide,anemia,1.0,0.004223,1.093,0.000377,0.005024,1
cyclophosphamide,precursor t-cell lymphoblastic leukemia-lymphoma,1.0,0.002665,1.0836,0.000101,0.005014,1
cyclophosphamide,lymphoproliferative disorders,1.0,0.003201,1.0898,0.000251,0.00502,1
cyclophosphamide,uterine cervical neoplasms,1.0,0.003057,1.0863,0.000201,0.005017,1
cyclophosphamide,stomach neoplasms,1.0,0.003359,1.0894,0.000302,0.005018,1
cyclophosphamide,pancreatic neoplasms,1.0,0.003921,1.0988,0.000402,0.005025,1
cyclophosphamide,autoimmune diseases,1.0,0.003836,1.1004,0.000452,0.005026,1
cyclophosphamide,hodgkin disease,1.0,0.004688,1.0934,0.000377,0.005024,1
cyclophosphamide,breast neoplasms,1.0,0.00703,1.1443,0.001432,0.005046,1
cyclophosphamide,head and neck neoplasms,1.0,0.003681,1.0937,0.000327,0.005026,1
cyclophosphamide,"lymphoma, mantle-cell",1.0,0.002969,1.0855,0.000126,0.005017,1
oxymorphone,chronic pain,1.0,0.161268,1.0083,4e-06,0.005001,1
"anesthetics, inhalation",synesthesia,1.0,0.087469,1.0203,2e-05,0.005004,1
"anesthetics, inhalation","obesity, morbid",1.0,0.093826,1.0107,8e-06,0.005002,1
bexarotene,sarcoma,1.0,0.036639,1.0296,2.3e-05,0.005004,1
bexarotene,lymphoma,1.0,0.040362,1.0676,6.8e-05,0.005011,1
bexarotene,alzheimer disease,1.0,0.046684,1.1376,0.000155,0.005018,1
bexarotene,hiv infections,1.0,0.048989,1.1315,0.000163,0.00502,1
furosemide,hypotension,1.0,0.036194,1.0186,2.5e-05,0.005003,1
furosemide,hypertension,1.0,0.048368,1.1052,0.000168,0.005016,1
furosemide,heart failure,1.0,0.039909,1.0213,3.1e-05,0.005004,1
furosemide,edema,1.0,0.030927,1.0066,2e-06,0.005001,1
furosemide,"renal insufficiency, chronic",1.0,0.039251,1.0296,4.4e-05,0.005006,1
"natriuretic peptide, brain",hypertension,1.0,0.064901,1.1032,0.000101,0.005014,1
"natriuretic peptide, brain",heart failure,1.0,0.056712,1.0194,1.8e-05,0.005003,1
"natriuretic peptide, brain","hypertension, pulmonary",1.0,0.053548,1.0112,1.1e-05,0.005002,1
deferiprone,parkinson disease,1.0,0.171893,1.0128,6e-06,0.005002,1
simeprevir,"hepatitis c, chronic",1.0,0.159849,1.0041,2e-06,0.005001,1
pyruvic acid,"glaucoma, open-angle",1.0,0.199886,1.0067,5e-06,0.005002,1
prostaglandins,cataract,1.0,0.037195,1.0079,8e-06,0.005001,1
prostaglandins,ocular hypertension,1.0,0.065607,1.0064,1.8e-05,0.005004,1
prostaglandins,"glaucoma, open-angle",1.0,0.074147,1.008,2.2e-05,0.005005,1
prostaglandins,glaucoma,1.0,0.063976,1.0147,3e-05,0.005005,1
pantoprazole,gastroesophageal reflux,1.0,0.037338,1.0027,3e-06,0.005001,1
pantoprazole,non-alcoholic fatty liver disease,1.0,0.04343,1.0157,2.4e-05,0.005002,1
pantoprazole,pediatric obesity,1.0,0.037455,1.0028,3e-06,0.005001,1
pantoprazole,gastrinoma,1.0,0.039476,1.0024,3e-06,0.005001,1
pantoprazole,zollinger-ellison syndrome,1.0,0.040315,1.0049,7e-06,0.005001,1
ciprofloxacin,prostatitis,1.0,0.10038,1.0017,1e-06,0.005,1
ciprofloxacin,crohn disease,1.0,0.089929,1.0093,5e-06,0.005001,1
varenicline,obesity,1.0,0.034512,1.1341,0.000216,0.005019,1
varenicline,alcoholism,1.0,0.027277,1.0193,2e-05,0.005003,1
varenicline,acquired immunodeficiency syndrome,1.0,0.02669,1.0269,4.7e-05,0.005004,1
varenicline,tobacco use disorder,1.0,0.028155,1.0159,1.4e-05,0.005002,1
varenicline,asthma,1.0,0.030922,1.0613,0.000104,0.00501,1
varenicline,alzheimer disease,1.0,0.036406,1.1385,0.000232,0.00502,1
pramipexole,eosinophilia,1.0,0.055763,1.0032,1e-06,0.005001,1
pramipexole,asthma,1.0,0.072212,1.0526,6.9e-05,0.005007,1
pramipexole,restless legs syndrome,1.0,0.057933,1.0051,4e-06,0.005001,1
pramipexole,anhedonia,1.0,0.055763,1.0032,1e-06,0.005001,1
mesna,neuromyelitis optica,1.0,0.141365,1.017,4e-06,0.005002,1
spironolactone,acne vulgaris,1.0,0.008829,1.0281,1.2e-05,0.005003,1
spironolactone,genetic predisposition to disease,1.0,0.00967,1.0283,1.8e-05,0.005003,1
spironolactone,"arthritis, rheumatoid",1.0,0.014426,1.1083,0.000465,0.00502,1
spironolactone,"tachycardia, ventricular",1.0,0.008454,1.0272,6e-06,0.005002,1
spironolactone,diabetes mellitus,1.0,0.01579,1.1091,0.00044,0.005025,1
spironolactone,triple negative breast neoplasms,1.0,0.009755,1.0449,0.000104,0.005006,1
spironolactone,hypertension,1.0,0.020979,1.127,0.000605,0.005031,1
spironolactone,"leukemia, myeloid, acute",1.0,0.010432,1.0568,0.000153,0.005008,1
spironolactone,hyperkalemia,1.0,0.008454,1.0272,6e-06,0.005002,1
spironolactone,renal insufficiency,1.0,0.010743,1.0356,6.1e-05,0.005006,1
spironolactone,atherosclerosis,1.0,0.011237,1.0525,0.000128,0.005012,1
spironolactone,"hypertension, renal",1.0,0.009545,1.0332,3.7e-05,0.005005,1
spironolactone,cardiovascular diseases,1.0,0.014722,1.0908,0.000361,0.005022,1
spironolactone,alzheimer disease,1.0,0.016967,1.1551,0.000697,0.005027,1
spironolactone,essential hypertension,1.0,0.010887,1.0407,9.2e-05,0.005008,1
spironolactone,pancreatic neoplasms,1.0,0.010477,1.0466,9.8e-05,0.005007,1
spironolactone,pulmonary arterial hypertension,1.0,0.010645,1.0326,6.1e-05,0.005005,1
spironolactone,"heart failure, diastolic",1.0,0.009783,1.0313,3.1e-05,0.005004,1
fluvastatin,dyslipidemias,1.0,0.036219,1.0245,2.5e-05,0.005004,1
fluvastatin,hypertension,1.0,0.053611,1.1045,0.000168,0.005015,1
fluvastatin,proteinuria,1.0,0.037979,1.01,1.2e-05,0.005002,1
fluvastatin,"brain damage, chronic",1.0,0.032776,1.0059,2e-06,0.005001,1
fluvastatin,"nephritis, hereditary",1.0,0.036787,1.0076,7e-06,0.005001,1
nitrendipine,hypertension,1.0,0.091259,1.103,6.7e-05,0.005014,1
nitrendipine,"renal insufficiency, chronic",1.0,0.079837,1.0275,1.8e-05,0.005005,1
selegiline,tobacco use disorder,1.0,0.162153,1.005,2e-06,0.005001,1
biperiden,psychophysiologic disorders,1.0,0.081736,1.0658,9.1e-05,0.005023,1
biperiden,dementia,1.0,0.084637,1.088,0.000104,0.005025,1
biperiden,"epilepsy, post-traumatic",1.0,0.048206,1.0169,1.3e-05,0.005004,1
lopinavir,gliosarcoma,1.0,0.013018,1.0263,8.7e-05,0.00501,1
lopinavir,ependymoma,1.0,0.010101,1.0137,1e-05,0.005004,1
lopinavir,tuberculosis,1.0,0.01405,1.0296,0.000102,0.005009,1
lopinavir,aids-related opportunistic infections,1.0,0.011181,1.0155,2.5e-05,0.005005,1
lopinavir,glioma,1.0,0.012713,1.0251,7.6e-05,0.005009,1
lopinavir,astrocytoma,1.0,0.012607,1.0233,6.6e-05,0.005008,1
lopinavir,malaria,1.0,0.013081,1.0189,5.6e-05,0.005006,1
lopinavir,acquired immunodeficiency syndrome,1.0,0.014408,1.0276,0.000117,0.00501,1
lopinavir,brain neoplasms,1.0,0.011811,1.0229,6.1e-05,0.005007,1
lopinavir,covid-19,1.0,0.013778,1.0281,0.000112,0.005008,1
lopinavir,oligodendroglioma,1.0,0.010471,1.0145,1.5e-05,0.005005,1
lopinavir,infections,1.0,0.014089,1.0238,9.2e-05,0.005009,1
lopinavir,coronavirus infections,1.0,0.010975,1.0174,3.1e-05,0.005005,1
lopinavir,glioblastoma,1.0,0.013593,1.0323,0.000112,0.005011,1
lopinavir,hiv infections,1.0,0.025645,1.1332,0.000611,0.005026,1
chenodeoxycholic acid,"obesity, morbid",1.0,0.180561,1.01,4e-06,0.005002,1
medroxyprogesterone,diabetes mellitus,1.0,0.020708,1.1032,0.000318,0.005025,1
medroxyprogesterone,thrombosis,1.0,0.013649,1.0279,4.4e-05,0.005006,1
medroxyprogesterone,hypertension,1.0,0.024171,1.121,0.000437,0.00503,1
medroxyprogesterone,endometrial neoplasms,1.0,0.011964,1.0307,4e-05,0.005004,1
medroxyprogesterone,hypercholesterolemia,1.0,0.014612,1.0389,6.6e-05,0.005011,1
medroxyprogesterone,osteoporosis,1.0,0.014228,1.029,5.3e-05,0.005006,1
medroxyprogesterone,heart diseases,1.0,0.015702,1.0352,7.9e-05,0.00501,1
medroxyprogesterone,coronary disease,1.0,0.015137,1.0391,7.5e-05,0.005012,1
medroxyprogesterone,myocardial ischemia,1.0,0.0134,1.0278,3.5e-05,0.005006,1
medroxyprogesterone,cardiovascular diseases,1.0,0.02009,1.085,0.00026,0.005024,1
medroxyprogesterone,alzheimer disease,1.0,0.022314,1.149,0.000503,0.005027,1
medroxyprogesterone,bone diseases,1.0,0.012087,1.0236,1.3e-05,0.005004,1
medroxyprogesterone,breast neoplasms,1.0,0.016007,1.0841,0.000252,0.005013,1
chlorogenic acid,glucose intolerance,1.0,0.151043,1.0171,5e-06,0.005002,1
piperacillin,wound infection,1.0,0.082969,1.0015,4e-06,0.005002,1
piperacillin,abscess,1.0,0.082969,1.0015,4e-06,0.005002,1
piperacillin,diabetic foot,1.0,0.082969,1.0015,4e-06,0.005002,1
piperacillin,ulcer,1.0,0.089406,1.0033,7e-06,0.005002,1
niacin,dyslipidemias,1.0,0.022495,1.031,3.6e-05,0.005007,1
niacin,diabetes mellitus,1.0,0.033018,1.0938,0.000171,0.005019,1
niacin,stroke,1.0,0.026257,1.039,6.7e-05,0.005008,1
niacin,glucose metabolism disorders,1.0,0.021215,1.0207,1.7e-05,0.005003,1
niacin,obesity,1.0,0.031442,1.1347,0.000252,0.00502,1
niacin,atherosclerosis,1.0,0.024628,1.038,5e-05,0.005009,1
niacin,coronary disease,1.0,0.023664,1.0303,4e-05,0.005008,1
albuterol,shock,1.0,0.017445,1.0103,7e-06,0.005002,1
albuterol,"asthma, exercise-induced",1.0,0.017962,1.0111,1.4e-05,0.005003,1
albuterol,obesity,1.0,0.023826,1.1319,0.00036,0.005017,1
albuterol,bronchiolitis,1.0,0.017257,1.0113,1.4e-05,0.005002,1
albuterol,sepsis,1.0,0.0227,1.0124,2e-05,0.005002,1
albuterol,respiratory insufficiency,1.0,0.017025,1.0134,1.7e-05,0.005002,1
albuterol,asthma,1.0,0.031637,1.0593,0.000173,0.005013,1
albuterol,dyspnea,1.0,0.016259,1.0102,7e-06,0.005002,1
albuterol,"pulmonary disease, chronic obstructive",1.0,0.027687,1.0269,8.2e-05,0.005009,1
albuterol,lung diseases,1.0,0.022792,1.0206,5.4e-05,0.005007,1
tiapride hydrochloride,psychophysiologic disorders,1.0,0.114008,1.0651,6e-05,0.005022,1
tiapride hydrochloride,dementia,1.0,0.117642,1.0873,6.9e-05,0.005024,1
xenon,obesity,1.0,0.087889,1.1266,7.2e-05,0.005015,1
xenon,synesthesia,1.0,0.080961,1.0237,2e-05,0.005005,1
sodium chloride,hypogonadism,1.0,0.015194,1.0188,2e-05,0.005003,1
sodium chloride,osteoarthritis,1.0,0.016969,1.0333,8.8e-05,0.005006,1
sodium chloride,metabolic syndrome,1.0,0.017692,1.0468,0.000109,0.005008,1
sodium chloride,obesity,1.0,0.025378,1.1338,0.00036,0.005022,1
sodium chloride,renal insufficiency,1.0,0.0167,1.0205,3.4e-05,0.005003,1
sodium chloride,synesthesia,1.0,0.019158,1.0302,9.8e-05,0.005008,1
sodium chloride,heart failure,1.0,0.018233,1.0263,6.1e-05,0.005005,1
sodium chloride,covid-19,1.0,0.017804,1.0272,7.5e-05,0.005005,1
sodium chloride,restless legs syndrome,1.0,0.015519,1.0132,1e-05,0.005002,1
sodium chloride,delirium,1.0,0.015799,1.0216,4.1e-05,0.005004,1
adrenal cortex hormones,lymphocytosis,1.0,0.015413,1.0135,2.6e-05,0.005004,1
adrenal cortex hormones,"arthritis, rheumatoid",1.0,0.02045,1.0904,0.000336,0.005014,1
adrenal cortex hormones,graft vs host disease,1.0,0.013712,1.0246,5.3e-05,0.005005,1
adrenal cortex hormones,tendinopathy,1.0,0.012279,1.0114,9e-06,0.005002,1
adrenal cortex hormones,"leukemia, hairy cell",1.0,0.015032,1.0163,4e-05,0.005003,1
adrenal cortex hormones,glomerulonephritis,1.0,0.013713,1.0136,2.2e-05,0.005002,1
adrenal cortex hormones,colitis,1.0,0.015413,1.0135,2.6e-05,0.005004,1
adrenal cortex hormones,hermanski-pudlak syndrome,1.0,0.015413,1.0135,2.6e-05,0.005004,1
adrenal cortex hormones,"lichen planus, oral",1.0,0.01207,1.0099,4e-06,0.005002,1
adrenal cortex hormones,asthma,1.0,0.017747,1.0594,0.000225,0.005009,1
adrenal cortex hormones,hepatitis c,1.0,0.014058,1.0188,6.2e-05,0.005003,1
adrenal cortex hormones,"pneumonia, pneumocystis",1.0,0.014283,1.0106,1.3e-05,0.005002,1
adrenal cortex hormones,"glomerulonephritis, iga",1.0,0.014251,1.0123,2.2e-05,0.005003,1
panitumumab,rectal neoplasms,1.0,0.152498,1.0071,2e-06,0.005001,1
interferon-beta,"multiple sclerosis, relapsing-remitting",1.0,0.164621,1.0069,3e-06,0.005001,1
sunitinib,gliosarcoma,1.0,0.023696,1.0194,4e-05,0.005005,1
sunitinib,"carcinoma, renal cell",1.0,0.022824,1.0116,1.9e-05,0.005003,1
sunitinib,"carcinoma, hepatocellular",1.0,0.022133,1.0098,1.7e-05,0.005002,1
sunitinib,kidney neoplasms,1.0,0.021726,1.0242,3.1e-05,0.005003,1
sunitinib,carcinoma,1.0,0.027889,1.0391,7.6e-05,0.005008,1
sunitinib,squamous cell carcinoma of head and neck,1.0,0.02552,1.0126,2.6e-05,0.005004,1
sunitinib,urinary bladder neoplasms,1.0,0.022946,1.0152,2.6e-05,0.005004,1
ofloxacin,ocular hypertension,1.0,0.084766,1.0057,1.3e-05,0.005003,1
ofloxacin,"glaucoma, open-angle",1.0,0.095774,1.0072,1.6e-05,0.005004,1
ofloxacin,periodontitis,1.0,0.057558,1.0016,3e-06,0.005001,1
pancreatic polypeptide,diabetes mellitus,1.0,0.158897,1.0842,2.4e-05,0.005009,1
nimodipine,dementia,1.0,0.098486,1.0872,6.9e-05,0.005016,1
nimodipine,epilepsy,1.0,0.084713,1.0659,4.5e-05,0.005012,1
lithium,psychophysiologic disorders,1.0,0.048266,1.0738,0.000181,0.005027,1
lithium,folliculitis,1.0,0.025294,1.0161,8e-06,0.005002,1
lithium,dementia,1.0,0.049385,1.0962,0.000208,0.005029,1
lithium,alzheimer disease,1.0,0.040224,1.1403,0.000232,0.005023,1
lithium,hiv infections,1.0,0.035744,1.1342,0.000245,0.005021,1
lithium,huntington disease,1.0,0.029334,1.016,8e-06,0.005002,1
hydroxychloroquine,"arthritis, rheumatoid",1.0,0.015356,1.1018,0.000594,0.005022,1
hydroxychloroquine,dry eye syndromes,1.0,0.009107,1.0237,5.5e-05,0.005004,1
hydroxychloroquine,cholangiocarcinoma,1.0,0.007117,1.0229,2.3e-05,0.005003,1
hydroxychloroquine,granulomatosis with polyangiitis,1.0,0.007287,1.0227,2.3e-05,0.005004,1
hydroxychloroquine,prostatic neoplasms,1.0,0.010067,1.0482,0.000211,0.00501,1
hydroxychloroquine,lichen planus,1.0,0.006885,1.0208,8e-06,0.005003,1
hydroxychloroquine,sarcoidosis,1.0,0.007347,1.0222,2.3e-05,0.005004,1
hydroxychloroquine,insulin resistance,1.0,0.008557,1.0424,0.000172,0.005007,1
hydroxychloroquine,"lupus erythematosus, systemic",1.0,0.008846,1.0361,0.000117,0.005007,1
hydroxychloroquine,churg-strauss syndrome,1.0,0.007647,1.0226,2.3e-05,0.005004,1
hydroxychloroquine,anti-neutrophil cytoplasmic antibody-associated vasculitis,1.0,0.007948,1.0239,3.1e-05,0.005004,1
hydroxychloroquine,alopecia areata,1.0,0.007388,1.0215,1.6e-05,0.005004,1
hydroxychloroquine,covid-19,1.0,0.009445,1.0363,0.000172,0.005007,1
hydroxychloroquine,sjogren's syndrome,1.0,0.009686,1.0336,0.000102,0.005007,1
hydroxychloroquine,pre-eclampsia,1.0,0.009272,1.0389,0.000164,0.005007,1
hydroxychloroquine,"pancreatitis, chronic",1.0,0.007949,1.0243,2.3e-05,0.005004,1
hydroxychloroquine,coronavirus infections,1.0,0.007646,1.0254,4.7e-05,0.005004,1
hydroxychloroquine,glioblastoma,1.0,0.008642,1.0405,0.000172,0.005008,1
hydroxychloroquine,microscopic polyangiitis,1.0,0.006885,1.0208,8e-06,0.005003,1
hydroxychloroquine,autoimmune diseases,1.0,0.008518,1.042,0.000141,0.005007,1
hydroxychloroquine,arthralgia,1.0,0.007388,1.0215,1.6e-05,0.005004,1
hydroxychloroquine,arthritis,1.0,0.011035,1.0509,0.000273,0.005013,1
hydroxychloroquine,breast neoplasms,1.0,0.011326,1.0835,0.000445,0.005015,1
4-aminopyridine,multiple sclerosis,1.0,0.155093,1.0089,4e-06,0.005002,1
gonadotropin-releasing hormone,endometrial hyperplasia,1.0,0.050218,1.0071,3e-06,0.005001,1
gonadotropin-releasing hormone,down syndrome,1.0,0.038056,1.0095,8e-06,0.005002,1
gonadotropin-releasing hormone,endometrial neoplasms,1.0,0.034937,1.0162,1.5e-05,0.005002,1
gonadotropin-releasing hormone,alzheimer disease,1.0,0.050081,1.1328,0.000194,0.005016,1
gonadotropin-releasing hormone,olfaction disorders,1.0,0.042375,1.0097,8e-06,0.005001,1
gemtuzumab,"leukemia, promyelocytic, acute",1.0,0.040802,1.005,3e-06,0.005001,1
gemtuzumab,myelodysplastic syndromes,1.0,0.04668,1.0357,3.9e-05,0.005008,1
gemtuzumab,"leukemia, myeloid, acute",1.0,0.049421,1.0343,3.4e-05,0.005007,1
gemtuzumab,"leukemia, lymphocytic, chronic, b-cell",1.0,0.041924,1.0229,2.3e-05,0.005005,1
metformin,glucose intolerance,1.0,0.004517,1.1099,0.000362,0.00502,1
metformin,hypogonadism,1.0,0.003047,1.1005,0.000145,0.005012,1
metformin,"ventricular dysfunction, left",1.0,0.002894,1.1006,0.000121,0.005013,1
metformin,gout,1.0,0.0029,1.0958,4.8e-05,0.005009,1
metformin,dyslexia,1.0,0.002338,1.0954,2.4e-05,0.005009,1
metformin,"arthritis, rheumatoid",1.0,0.006439,1.1797,0.001832,0.005037,1
metformin,colonic neoplasms,1.0,0.002702,1.1016,0.000121,0.005013,1
metformin,hyperandrogenism,1.0,0.002688,1.096,4.8e-05,0.00501,1
metformin,"osteoarthritis, knee",1.0,0.003411,1.106,0.000338,0.005015,1
metformin,infertility,1.0,0.003336,1.1004,0.000145,0.005012,1
metformin,dyslipidemias,1.0,0.003581,1.1127,0.000362,0.005021,1
metformin,"constriction, pathologic",1.0,0.002487,1.0972,4.8e-05,0.005011,1
metformin,diabetic ketoacidosis,1.0,0.002507,1.0967,4.8e-05,0.00501,1
metformin,diabetes mellitus,1.0,0.008882,1.1805,0.001736,0.005053,1
metformin,"sarcoma, myeloid",1.0,0.002338,1.0954,2.4e-05,0.005009,1
metformin,rectal neoplasms,1.0,0.003095,1.0994,0.000145,0.005012,1
metformin,"dementia, vascular",1.0,0.002898,1.1043,0.000193,0.005015,1
metformin,dementia,1.0,0.006997,1.182,0.002459,0.005035,1
metformin,metabolic syndrome,1.0,0.005189,1.1307,0.000772,0.005033,1
metformin,"genetic diseases, inborn",1.0,0.002338,1.0954,2.4e-05,0.005009,1
metformin,lung neoplasms,1.0,0.004006,1.1228,0.000579,0.005024,1
metformin,sex chromosome disorders,1.0,0.002338,1.0954,2.4e-05,0.005009,1
metformin,prostatic neoplasms,1.0,0.00448,1.1224,0.000651,0.005021,1
metformin,prediabetic state,1.0,0.003769,1.1068,0.000265,0.005018,1
metformin,insulin resistance,1.0,0.004284,1.1161,0.00053,0.005023,1
metformin,glucose metabolism disorders,1.0,0.00325,1.1017,0.000169,0.005014,1
metformin,obesity,1.0,0.010943,1.2247,0.002556,0.005065,1
metformin,intellectual disability,1.0,0.002442,1.0963,4.8e-05,0.005009,1
metformin,hypertension,1.0,0.010456,1.1996,0.002387,0.005057,1
metformin,liver diseases,1.0,0.002907,1.0994,0.000121,0.005011,1
metformin,"leukemia, myeloid, acute",1.0,0.003441,1.1249,0.000603,0.005017,1
metformin,endometrial neoplasms,1.0,0.003065,1.103,0.000217,0.005014,1
metformin,coronary artery disease,1.0,0.004035,1.1147,0.000482,0.005022,1
metformin,polycystic ovary syndrome,1.0,0.003635,1.1039,0.000217,0.005017,1
metformin,fragile x syndrome,1.0,0.002338,1.0954,2.4e-05,0.005009,1
metformin,kidney neoplasms,1.0,0.00303,1.1128,0.000313,0.005016,1
metformin,"hypertrophy, left ventricular",1.0,0.002782,1.0974,7.2e-05,0.00501,1
metformin,atherosclerosis,1.0,0.004258,1.1203,0.000506,0.005027,1
metformin,hypercholesterolemia,1.0,0.003586,1.1117,0.000362,0.005021,1
metformin,carcinoma,1.0,0.004564,1.129,0.000772,0.005025,1
metformin,frailty,1.0,0.002527,1.0973,7.2e-05,0.00501,1
metformin,pregnancy complications,1.0,0.002616,1.0964,7.2e-05,0.00501,1
metformin,non-alcoholic fatty liver disease,1.0,0.003864,1.1072,0.000338,0.005018,1
metformin,colorectal neoplasms,1.0,0.00407,1.1125,0.000482,0.005019,1
metformin,"diabetes mellitus, type 2",1.0,0.009152,1.1702,0.001712,0.005053,1
metformin,neurobehavioral manifestations,1.0,0.002338,1.0954,2.4e-05,0.005009,1
metformin,atrial fibrillation,1.0,0.00329,1.0997,0.000145,0.005012,1
metformin,body weight,1.0,0.002986,1.0957,4.8e-05,0.005009,1
metformin,"abortion, spontaneous",1.0,0.002338,1.0954,2.4e-05,0.005009,1
metformin,"carcinoma, non-small-cell lung",1.0,0.00386,1.1145,0.000482,0.00502,1
metformin,"diabetes, gestational",1.0,0.003661,1.1017,0.000193,0.005015,1
metformin,endometriosis,1.0,0.002485,1.0961,4.8e-05,0.00501,1
metformin,liver neoplasms,1.0,0.003173,1.1005,0.000169,0.005012,1
metformin,"renal insufficiency, chronic",1.0,0.004522,1.1175,0.000627,0.005022,1
metformin,pre-eclampsia,1.0,0.00404,1.1124,0.000506,0.005019,1
metformin,overweight,1.0,0.004175,1.1145,0.000482,0.005023,1
metformin,pregnancy in diabetics,1.0,0.002907,1.0968,7.2e-05,0.00501,1
metformin,"pancreatitis, chronic",1.0,0.002788,1.0968,7.2e-05,0.00501,1
metformin,hyperlactatemia,1.0,0.002338,1.0954,2.4e-05,0.005009,1
metformin,epilepsy,1.0,0.005482,1.1588,0.001591,0.00503,1
metformin,cardiovascular diseases,1.0,0.006521,1.161,0.001423,0.005042,1
metformin,alzheimer disease,1.0,0.010051,1.2296,0.002749,0.005057,1
metformin,fibrosis,1.0,0.003475,1.1046,0.000338,0.005013,1
metformin,hyperinsulinism,1.0,0.002738,1.0977,7.2e-05,0.005011,1
metformin,"kidney failure, chronic",1.0,0.003008,1.1018,0.000193,0.005012,1
metformin,pancreatic neoplasms,1.0,0.003645,1.114,0.000386,0.005019,1
metformin,toxemia,1.0,0.002338,1.0954,2.4e-05,0.005009,1
metformin,hyperglycemia,1.0,0.003151,1.1024,0.000169,0.005015,1
metformin,pelvic pain,1.0,0.002338,1.0954,2.4e-05,0.005009,1
metformin,breast neoplasms,1.0,0.006238,1.1601,0.001374,0.005036,1
metformin,adenomatous polyps,1.0,0.002338,1.0954,2.4e-05,0.005009,1
medical marijuana,drug resistant epilepsy,1.0,0.161148,1.005,2e-06,0.005001,1
erythropoietin,neutropenia,1.0,0.029121,1.0118,8e-06,0.005002,1
erythropoietin,autoimmune diseases of the nervous system,1.0,0.029782,1.0133,1.2e-05,0.005002,1
erythropoietin,brain diseases,1.0,0.029763,1.0129,1.4e-05,0.005002,1
erythropoietin,anemia,1.0,0.034426,1.0202,2.5e-05,0.005003,1
erythropoietin,hiv infections,1.0,0.04294,1.126,0.000204,0.005017,1
interferon beta-1b,covid-19,1.0,0.155092,1.0166,7e-06,0.005003,1
nicorandil,dementia,1.0,0.180738,1.0851,3.5e-05,0.005013,1
sufentanil,chronic pain,1.0,0.161268,1.0083,4e-06,0.005001,1
bendamustine hydrochloride,"lymphoma, follicular",1.0,0.049164,1.0172,1.1e-05,0.005002,1
bendamustine hydrochloride,"leukemia, hairy cell",1.0,0.054287,1.0088,9e-06,0.005002,1
bendamustine hydrochloride,hodgkin disease,1.0,0.055496,1.0172,1.5e-05,0.005003,1
tranylcypromine,psychophysiologic disorders,1.0,0.114008,1.0651,6e-05,0.005022,1
tranylcypromine,dementia,1.0,0.117642,1.0873,6.9e-05,0.005024,1
naproxen,temporomandibular joint disorders,1.0,0.025711,1.0171,1.2e-05,0.005002,1
naproxen,"arthritis, rheumatoid",1.0,0.030997,1.092,0.000181,0.005016,1
naproxen,osteoarthritis,1.0,0.025123,1.0332,6.2e-05,0.005008,1
naproxen,pain,1.0,0.027074,1.0436,8.8e-05,0.005009,1
naproxen,back pain,1.0,0.020912,1.0128,7e-06,0.005001,1
naproxen,alzheimer disease,1.0,0.031347,1.1382,0.000271,0.005019,1
naproxen,arthritis,1.0,0.025615,1.0416,8.3e-05,0.005009,1
isosorbide dinitrate,gastrointestinal hemorrhage,1.0,0.065479,1.0027,4e-06,0.005001,1
isosorbide dinitrate,"hypertension, portal",1.0,0.063807,1.0042,6e-06,0.005002,1
isosorbide dinitrate,fibrosis,1.0,0.071917,1.0126,1.4e-05,0.005003,1
fibrin tissue adhesive,"obesity, morbid",1.0,0.180561,1.01,4e-06,0.005002,1
sirolimus,"lymphoma, follicular",1.0,0.006215,1.0553,0.000134,0.005015,1
sirolimus,graft vs host disease,1.0,0.005982,1.0552,0.000147,0.005015,1
sirolimus,kidney diseases,1.0,0.005396,1.0497,9.8e-05,0.005011,1
sirolimus,gliosarcoma,1.0,0.00585,1.0544,0.000208,0.005011,1
sirolimus,bone marrow failure disorders,1.0,0.004386,1.0443,2.4e-05,0.005007,1
sirolimus,diabetes mellitus,1.0,0.008085,1.1238,0.00088,0.005022,1
sirolimus,"leukemia, prolymphocytic",1.0,0.004939,1.0472,4.9e-05,0.005011,1
sirolimus,urethral neoplasms,1.0,0.004832,1.0467,7.3e-05,0.005008,1
sirolimus,waldenstrom macroglobulinemia,1.0,0.004939,1.0472,4.9e-05,0.005011,1
sirolimus,precursor cell lymphoblastic leukemia-lymphoma,1.0,0.007515,1.0714,0.000281,0.005025,1
sirolimus,hypoglycemia,1.0,0.004848,1.0467,7.3e-05,0.005007,1
sirolimus,"leukemia, plasma cell",1.0,0.004939,1.0472,4.9e-05,0.005011,1
sirolimus,burkitt lymphoma,1.0,0.006258,1.0626,0.000183,0.005019,1
sirolimus,myelodysplastic syndromes,1.0,0.008654,1.0723,0.000355,0.005026,1
sirolimus,"leukemia, myeloid, acute",1.0,0.008067,1.0708,0.000306,0.005023,1
sirolimus,"lymphoma, b-cell, marginal zone",1.0,0.004386,1.0443,2.4e-05,0.005007,1
sirolimus,lymphoma,1.0,0.009895,1.0984,0.000611,0.00503,1
sirolimus,scleritis,1.0,0.004155,1.0413,1.2e-05,0.005005,1
sirolimus,"leukemia, lymphocytic, chronic, b-cell",1.0,0.007131,1.059,0.000208,0.005019,1
sirolimus,primary myelofibrosis,1.0,0.004499,1.0453,3.7e-05,0.005007,1
sirolimus,"anemia, sickle cell",1.0,0.00655,1.0586,0.000208,0.005016,1
sirolimus,tuberous sclerosis,1.0,0.004596,1.0427,4.9e-05,0.005005,1
sirolimus,beta-thalassemia,1.0,0.004611,1.0424,3.7e-05,0.005005,1
sirolimus,bronchiolitis obliterans syndrome,1.0,0.004298,1.0418,2.4e-05,0.005005,1
sirolimus,"diabetes mellitus, type 1",1.0,0.006398,1.0699,0.000355,0.005013,1
sirolimus,sjogren's syndrome,1.0,0.00577,1.0535,0.000159,0.005011,1
sirolimus,"leukemia, biphenotypic, acute",1.0,0.004966,1.0499,7.3e-05,0.005011,1
sirolimus,thalassemia,1.0,0.005102,1.0476,7.3e-05,0.005009,1
sirolimus,"leukemia, myelogenous, chronic, bcr-abl positive",1.0,0.005799,1.0511,0.00011,0.005014,1
sirolimus,multiple myeloma,1.0,0.007719,1.0674,0.000281,0.005022,1
sirolimus,epilepsy,1.0,0.007059,1.1031,0.000807,0.005016,1
sirolimus,alzheimer disease,1.0,0.009693,1.1705,0.001394,0.005029,1
sirolimus,glioblastoma,1.0,0.006099,1.0605,0.000269,0.005012,1
sirolimus,hodgkin disease,1.0,0.006542,1.0553,0.000183,0.005012,1
sirolimus,"lymphoma, mantle-cell",1.0,0.005335,1.0476,6.1e-05,0.005011,1
sirolimus,urinary bladder neoplasms,1.0,0.005489,1.05,0.000134,0.005009,1
clofarabine,precursor cell lymphoblastic leukemia-lymphoma,1.0,0.032186,1.0371,3.9e-05,0.005009,1
clofarabine,myelodysplastic syndromes,1.0,0.036394,1.0379,4.9e-05,0.005011,1
clofarabine,"leukemia, myeloid, acute",1.0,0.035011,1.0365,4.2e-05,0.005009,1
clofarabine,"leukemia, myelogenous, chronic, bcr-abl positive",1.0,0.029571,1.0175,1.5e-05,0.005004,1
clofarabine,multiple myeloma,1.0,0.033249,1.0333,3.9e-05,0.005008,1
methotrimeprazine,psychophysiologic disorders,1.0,0.114008,1.0651,6e-05,0.005022,1
methotrimeprazine,dementia,1.0,0.117642,1.0873,6.9e-05,0.005024,1
dronabinol,dementia,1.0,0.031624,1.0927,0.000312,0.005017,1
dronabinol,low back pain,1.0,0.020554,1.0116,1.2e-05,0.005002,1
dronabinol,vomiting,1.0,0.023957,1.023,5.5e-05,0.005004,1
dronabinol,diabetic neuropathies,1.0,0.024337,1.0212,4e-05,0.005004,1
dronabinol,nausea,1.0,0.020413,1.0135,1.2e-05,0.005002,1
dronabinol,neuralgia,1.0,0.020704,1.0136,1.8e-05,0.005003,1
dronabinol,hiv infections,1.0,0.028314,1.1305,0.000367,0.005019,1
dronabinol,esophageal diseases,1.0,0.017819,1.0101,3e-06,0.005001,1
dronabinol,"dysautonomia, familial",1.0,0.020482,1.0103,6e-06,0.005001,1
aminopterin,"arthritis, rheumatoid",1.0,0.165332,1.0829,2.6e-05,0.00501,1
caspofungin,obesity,1.0,0.095076,1.1264,7.2e-05,0.005013,1
caspofungin,mycoses,1.0,0.094022,1.0053,2e-06,0.005001,1
nicergoline,psychophysiologic disorders,1.0,0.114008,1.0651,6e-05,0.005022,1
nicergoline,dementia,1.0,0.117642,1.0873,6.9e-05,0.005024,1
fingolimod hydrochloride,diabetes mellitus,1.0,0.08515,1.0846,4.9e-05,0.005009,1
fingolimod hydrochloride,"multiple sclerosis, relapsing-remitting",1.0,0.082944,1.0099,5e-06,0.005001,1
progestins,endometrial hyperplasia,1.0,0.228006,1.0012,1e-06,0.005,1
tamoxifen,"meningitis, cryptococcal",1.0,0.019236,1.0122,1.2e-05,0.005002,1
tamoxifen,meningitis,1.0,0.020892,1.0149,2e-05,0.005003,1
tamoxifen,familial primary pulmonary hypertension,1.0,0.014391,1.012,8e-06,0.005002,1
tamoxifen,triple negative breast neoplasms,1.0,0.016476,1.0296,6.9e-05,0.005006,1
tamoxifen,hypertension,1.0,0.021869,1.1105,0.000403,0.005016,1
tamoxifen,meningoencephalitis,1.0,0.019236,1.0122,1.2e-05,0.005002,1
tamoxifen,endometrial neoplasms,1.0,0.015302,1.021,3.7e-05,0.005004,1
tamoxifen,"breast neoplasms, male",1.0,0.015016,1.0128,1.2e-05,0.005002,1
tamoxifen,"carcinoma, intraductal, noninfiltrating",1.0,0.01356,1.0115,4e-06,0.005002,1
tamoxifen,pulmonary arterial hypertension,1.0,0.017063,1.0175,4.1e-05,0.005003,1
tamoxifen,breast neoplasms,1.0,0.020866,1.0739,0.000232,0.005012,1
tamoxifen,lung diseases,1.0,0.016251,1.0222,6.5e-05,0.005004,1
irinotecan,esophageal squamous cell carcinoma,1.0,0.011887,1.0106,1e-05,0.005002,1
irinotecan,gliosarcoma,1.0,0.015412,1.0241,8.1e-05,0.005011,1
irinotecan,optic nerve glioma,1.0,0.012599,1.0152,2.9e-05,0.005007,1
irinotecan,lung neoplasms,1.0,0.015159,1.0381,0.000114,0.005012,1
irinotecan,glioma,1.0,0.014121,1.0229,7.1e-05,0.005009,1
irinotecan,rhabdomyosarcoma,1.0,0.013651,1.0245,6.2e-05,0.005006,1
irinotecan,astrocytoma,1.0,0.0148,1.0211,6.2e-05,0.005009,1
irinotecan,"carcinoma, pancreatic ductal",1.0,0.011706,1.0144,2.9e-05,0.005004,1
irinotecan,colorectal neoplasms,1.0,0.014956,1.0287,9.5e-05,0.005008,1
irinotecan,"carcinoma, non-small-cell lung",1.0,0.015715,1.0305,9.5e-05,0.005011,1
irinotecan,liver neoplasms,1.0,0.013299,1.0175,3.3e-05,0.005004,1
irinotecan,diffuse intrinsic pontine glioma,1.0,0.013363,1.0155,3.3e-05,0.005007,1
irinotecan,nasopharyngeal carcinoma,1.0,0.011253,1.0143,2.4e-05,0.005004,1
irinotecan,glioblastoma,1.0,0.015629,1.0301,0.000105,0.005012,1
linagliptin,diabetic nephropathies,1.0,0.073159,1.0158,1e-05,0.005003,1
linagliptin,diabetes mellitus,1.0,0.08583,1.0849,4.9e-05,0.00501,1
anti-bacterial agents,inflammation,1.0,0.0466,1.0142,1.6e-05,0.005002,1
anti-bacterial agents,acquired immunodeficiency syndrome,1.0,0.051379,1.0177,3.1e-05,0.005003,1
anti-bacterial agents,dysbiosis,1.0,0.043825,1.0024,1e-06,0.005001,1
anti-bacterial agents,"pneumonia, pneumocystis",1.0,0.048651,1.0033,4e-06,0.005001,1
fluspirilene,psychophysiologic disorders,1.0,0.114008,1.0651,6e-05,0.005022,1
fluspirilene,dementia,1.0,0.117642,1.0873,6.9e-05,0.005024,1
tablets,"sleep apnea, obstructive",1.0,0.15474,1.0073,3e-06,0.005001,1
metronidazole,"diabetes mellitus, type 2",1.0,0.058603,1.0759,9.6e-05,0.005009,1
metronidazole,helicobacter infections,1.0,0.056089,1.0053,5e-06,0.005001,1
metronidazole,chronic periodontitis,1.0,0.04622,1.0043,1e-06,0.005001,1
metronidazole,periodontitis,1.0,0.05506,1.0048,4e-06,0.005001,1
rocuronium,hypothermia,1.0,0.456929,1.0004,0.0,0.005,1
thalidomide,crohn disease,1.0,0.015083,1.0205,3e-05,0.005003,1
thalidomide,myelodysplastic syndromes,1.0,0.019451,1.0441,0.000108,0.005011,1
thalidomide,myeloproliferative disorders,1.0,0.015139,1.0193,2.2e-05,0.005003,1
thalidomide,leukemia,1.0,0.019104,1.0515,0.000127,0.005012,1
thalidomide,kidney neoplasms,1.0,0.014886,1.0316,4.9e-05,0.005005,1
thalidomide,"neoplasms, plasma cell",1.0,0.015001,1.0169,1.5e-05,0.005003,1
thalidomide,hiv wasting syndrome,1.0,0.020957,1.0136,7e-06,0.005002,1
thalidomide,sjogren's syndrome,1.0,0.016897,1.0258,4.9e-05,0.005005,1
thalidomide,multiple myeloma,1.0,0.018199,1.0394,8.6e-05,0.005009,1
thalidomide,xerostomia,1.0,0.01616,1.0153,1.5e-05,0.005002,1
thalidomide,hiv infections,1.0,0.023025,1.1337,0.000448,0.005021,1
paclitaxel,esophageal neoplasms,1.0,0.007404,1.0413,0.000139,0.005016,1
paclitaxel,neoplasms by site,1.0,0.005234,1.0294,2.3e-05,0.005005,1
paclitaxel,teratoma,1.0,0.005764,1.0351,6.9e-05,0.00501,1
paclitaxel,neoplasm metastasis,1.0,0.00708,1.0393,0.000127,0.005013,1
paclitaxel,lung neoplasms,1.0,0.008835,1.0565,0.000277,0.005022,1
paclitaxel,prostatic neoplasms,1.0,0.008614,1.0561,0.000312,0.005015,1
paclitaxel,urogenital neoplasms,1.0,0.005234,1.0294,2.3e-05,0.005005,1
paclitaxel,genital diseases,1.0,0.004749,1.0287,1.2e-05,0.005004,1
paclitaxel,triple negative breast neoplasms,1.0,0.007672,1.0466,0.000196,0.005019,1
paclitaxel,endocrine system diseases,1.0,0.005206,1.0302,3.5e-05,0.005005,1
paclitaxel,"carcinoma, ovarian epithelial",1.0,0.005342,1.0313,3.5e-05,0.005008,1
paclitaxel,neoplasms,1.0,0.009161,1.0644,0.000404,0.005023,1
paclitaxel,atherosclerosis,1.0,0.00604,1.0542,0.000242,0.005008,1
paclitaxel,bartter syndrome,1.0,0.004749,1.0287,1.2e-05,0.005004,1
paclitaxel,carcinoma,1.0,0.010737,1.0623,0.000369,0.005025,1
paclitaxel,central nervous system neoplasms,1.0,0.006919,1.0476,0.000196,0.005015,1
paclitaxel,ovarian neoplasms,1.0,0.00733,1.0457,0.000162,0.005015,1
paclitaxel,neoplasms by histologic type,1.0,0.004749,1.0287,1.2e-05,0.005004,1
paclitaxel,"neoplasms, squamous cell",1.0,0.005119,1.0301,2.3e-05,0.005007,1
paclitaxel,brain neoplasms,1.0,0.006107,1.0387,0.000139,0.005009,1
paclitaxel,fallopian tube neoplasms,1.0,0.005644,1.035,5.8e-05,0.00501,1
paclitaxel,"carcinoma, non-small-cell lung",1.0,0.009444,1.0487,0.000231,0.005021,1
paclitaxel,squamous cell carcinoma of head and neck,1.0,0.007938,1.0353,0.000127,0.005013,1
paclitaxel,ovarian diseases,1.0,0.004749,1.0287,1.2e-05,0.005004,1
paclitaxel,nasopharyngeal carcinoma,1.0,0.005753,1.0322,5.8e-05,0.005009,1
paclitaxel,"carcinoma, squamous cell",1.0,0.007039,1.034,0.000104,0.005011,1
paclitaxel,glioblastoma,1.0,0.00747,1.0483,0.000254,0.005014,1
paclitaxel,uterine cervical neoplasms,1.0,0.006252,1.0363,9.2e-05,0.005011,1
paclitaxel,stomach neoplasms,1.0,0.006806,1.0392,0.000139,0.005012,1
paclitaxel,hemoptysis,1.0,0.005119,1.0301,2.3e-05,0.005007,1
paclitaxel,breast neoplasms,1.0,0.01177,1.0916,0.000658,0.005029,1
paclitaxel,head and neck neoplasms,1.0,0.00682,1.0434,0.00015,0.005013,1
paclitaxel,urinary bladder neoplasms,1.0,0.006862,1.0379,0.000127,0.005012,1
paclitaxel,peripheral arterial disease,1.0,0.005901,1.0328,5.8e-05,0.005005,1
carbidopa,parkinson disease,1.0,0.072408,1.0135,1.7e-05,0.005003,1
carbidopa,fibromyalgia,1.0,0.058278,1.0069,7e-06,0.005001,1
carbidopa,"dysautonomia, familial",1.0,0.054791,1.0019,2e-06,0.005001,1
paroxetine,"arthritis, rheumatoid",1.0,0.038171,1.0893,0.000129,0.00501,1
paroxetine,hot flashes,1.0,0.028805,1.0101,3e-06,0.005001,1
paroxetine,psychophysiologic disorders,1.0,0.05511,1.0692,0.000151,0.005024,1
paroxetine,dementia,1.0,0.05719,1.0914,0.000173,0.005026,1
paroxetine,rectal diseases,1.0,0.031159,1.0185,1.9e-05,0.005004,1
mianserin,psychophysiologic disorders,1.0,0.114008,1.0651,6e-05,0.005022,1
mianserin,dementia,1.0,0.117642,1.0873,6.9e-05,0.005024,1
dipeptidyl-peptidase iv inhibitors,diabetes mellitus,1.0,0.087026,1.087,4.9e-05,0.005013,1
dipeptidyl-peptidase iv inhibitors,"diabetes mellitus, type 2",1.0,0.08757,1.0776,4.8e-05,0.005013,1
budesonide,bronchopulmonary dysplasia,1.0,0.011272,1.0119,1.6e-05,0.005003,1
budesonide,"sleep apnea, obstructive",1.0,0.012991,1.0175,5.4e-05,0.005004,1
budesonide,eosinophilic esophagitis,1.0,0.011027,1.0113,1.1e-05,0.005003,1
budesonide,"liver cirrhosis, biliary",1.0,0.010602,1.0125,1.6e-05,0.005002,1
budesonide,rhinitis,1.0,0.015312,1.0145,3.8e-05,0.005004,1
budesonide,"colitis, collagenous",1.0,0.011099,1.0112,1.1e-05,0.005002,1
budesonide,bronchiolitis obliterans syndrome,1.0,0.010306,1.0127,1.1e-05,0.005002,1
budesonide,asthma,1.0,0.022276,1.0605,0.000277,0.005013,1
budesonide,respiratory distress syndrome,1.0,0.011797,1.0119,1.6e-05,0.005003,1
budesonide,altitude sickness,1.0,0.011582,1.0118,1.6e-05,0.005002,1
budesonide,"rhinitis, allergic, seasonal",1.0,0.015389,1.0122,2.2e-05,0.005003,1
budesonide,sinusitis,1.0,0.010456,1.0118,1.1e-05,0.005002,1
budesonide,"pulmonary disease, chronic obstructive",1.0,0.018216,1.0281,0.00013,0.005009,1
budesonide,"glomerulonephritis, iga",1.0,0.011515,1.0133,2.7e-05,0.005003,1
budesonide,breast neoplasms,1.0,0.013877,1.0735,0.00031,0.00501,1
budesonide,lung diseases,1.0,0.015973,1.0218,8.7e-05,0.005007,1
midazolam,psychophysiologic disorders,1.0,0.035832,1.0707,0.000242,0.005028,1
midazolam,dementia,1.0,0.037535,1.093,0.000277,0.00503,1
midazolam,seizures,1.0,0.022332,1.0276,6.5e-05,0.00501,1
midazolam,synesthesia,1.0,0.02427,1.029,7.9e-05,0.005006,1
midazolam,hydrocephalus,1.0,0.018895,1.0138,1.6e-05,0.005003,1
midazolam,brain diseases,1.0,0.018745,1.0173,2.2e-05,0.005003,1
midazolam,epilepsy,1.0,0.029758,1.0716,0.000179,0.005019,1
midazolam,"obesity, morbid",1.0,0.025099,1.0194,3.3e-05,0.005004,1
"heparin, low-molecular-weight",thrombosis,1.0,0.033509,1.0128,2e-05,0.005003,1
"heparin, low-molecular-weight",hypertension,1.0,0.04425,1.1045,0.000202,0.005015,1
"heparin, low-molecular-weight",venous thrombosis,1.0,0.035574,1.0101,1.2e-05,0.005003,1
"heparin, low-molecular-weight",wounds and injuries,1.0,0.028559,1.0073,4e-06,0.005001,1
"heparin, low-molecular-weight",venous thromboembolism,1.0,0.027823,1.0059,2e-06,0.005001,1
"heparin, low-molecular-weight",fibrosis,1.0,0.038581,1.0171,2.9e-05,0.005004,1
ramipril,diabetic nephropathies,1.0,0.014779,1.0321,5.7e-05,0.005008,1
ramipril,albuminuria,1.0,0.012594,1.0247,2e-05,0.005004,1
ramipril,metabolic syndrome,1.0,0.015757,1.0558,0.00013,0.005015,1
ramipril,glomerulonephritis,1.0,0.012591,1.0239,2e-05,0.005003,1
ramipril,"lupus erythematosus, systemic",1.0,0.013128,1.0359,6.1e-05,0.005006,1
ramipril,hypertension,1.0,0.025602,1.1202,0.000403,0.005031,1
ramipril,"diabetes mellitus, type 2",1.0,0.021498,1.0927,0.000289,0.005025,1
ramipril,"diabetes mellitus, type 1",1.0,0.015065,1.0495,0.000118,0.00501,1
ramipril,"renal insufficiency, chronic",1.0,0.015847,1.0435,0.000106,0.00501,1
ramipril,cardiovascular diseases,1.0,0.019456,1.0841,0.00024,0.005022,1
ramipril,alzheimer disease,1.0,0.021821,1.1481,0.000465,0.005026,1
ramipril,essential hypertension,1.0,0.014531,1.0343,6.1e-05,0.005009,1
ethinyl estradiol-norgestrel combination,"arthritis, rheumatoid",1.0,0.088901,1.0833,5.2e-05,0.00501,1
ethinyl estradiol-norgestrel combination,spasm,1.0,0.07748,1.0067,5e-06,0.005001,1
diethylpropion,obesity,1.0,0.160715,1.1258,3.6e-05,0.005013,1
buprenorphine,pain,1.0,0.029343,1.0418,0.000101,0.005009,1
buprenorphine,dementia,1.0,0.032049,1.0923,0.000277,0.005017,1
buprenorphine,substance withdrawal syndrome,1.0,0.020631,1.0107,5e-06,0.005002,1
buprenorphine,heroin dependence,1.0,0.022247,1.0118,1.1e-05,0.005002,1
buprenorphine,morphine dependence,1.0,0.020631,1.0107,5e-06,0.005002,1
buprenorphine,chronic pain,1.0,0.026779,1.0171,3e-05,0.005005,1
buprenorphine,hiv infections,1.0,0.032712,1.1301,0.000326,0.005019,1
buprenorphine,opioid-related disorders,1.0,0.02548,1.0155,2.7e-05,0.005004,1
olanzapine,psychophysiologic disorders,1.0,0.040829,1.0725,0.000212,0.005026,1
olanzapine,out-of-hospital cardiac arrest,1.0,0.021368,1.0145,5e-06,0.005001,1
olanzapine,dementia,1.0,0.043036,1.0949,0.000242,0.005029,1
olanzapine,metabolic syndrome,1.0,0.025348,1.0474,7.6e-05,0.005008,1
olanzapine,post-cardiac arrest syndrome,1.0,0.021368,1.0145,5e-06,0.005001,1
olanzapine,alzheimer disease,1.0,0.035676,1.1389,0.000271,0.005023,1
olanzapine,hyperglycemia,1.0,0.022396,1.0212,1.7e-05,0.005003,1
irbesartan,obesity,1.0,0.049492,1.1333,0.000144,0.005022,1
irbesartan,hypertension,1.0,0.051401,1.11,0.000134,0.005021,1
irbesartan,"diabetes mellitus, type 2",1.0,0.046979,1.0828,9.6e-05,0.005017,1
irbesartan,essential hypertension,1.0,0.036909,1.025,2e-05,0.005006,1
menthol,hypertension,1.0,0.09456,1.1025,6.7e-05,0.005013,1
menthol,prehypertension,1.0,0.073943,1.0101,5e-06,0.005002,1
fluoxetine,multiple system atrophy,1.0,0.013203,1.0185,1e-05,0.005002,1
fluoxetine,psychophysiologic disorders,1.0,0.025999,1.0787,0.000453,0.00503,1
fluoxetine,fibromyalgia,1.0,0.012735,1.0231,3.6e-05,0.005004,1
fluoxetine,dementia,1.0,0.027329,1.1012,0.00052,0.005032,1
fluoxetine,premenstrual dysphoric disorder,1.0,0.010957,1.0182,5e-06,0.005002,1
fluoxetine,cytokine release syndrome,1.0,0.011362,1.0207,1.5e-05,0.005002,1
fluoxetine,stroke,1.0,0.01465,1.0447,0.000143,0.005007,1
fluoxetine,premenstrual syndrome,1.0,0.01142,1.019,1e-05,0.005003,1
fluoxetine,rectal diseases,1.0,0.013371,1.0275,5.6e-05,0.005006,1
fluoxetine,tobacco use disorder,1.0,0.014362,1.0221,3.6e-05,0.005003,1
fluoxetine,feeding and eating disorders,1.0,0.011458,1.0189,1e-05,0.005002,1
fluoxetine,covid-19,1.0,0.014499,1.0337,0.000112,0.005006,1
fluoxetine,epilepsy,1.0,0.018092,1.0796,0.000336,0.005018,1
fluoxetine,hiv infections,1.0,0.019368,1.1393,0.000611,0.005022,1
fluoxetine,sudden unexpected death in epilepsy,1.0,0.010957,1.0182,5e-06,0.005002,1
finasteride,muscular atrophy,1.0,0.11218,1.0015,1e-06,0.005,1
finasteride,sarcopenia,1.0,0.11218,1.0015,1e-06,0.005,1
finasteride,prostatic hyperplasia,1.0,0.130751,1.0029,2e-06,0.005001,1
sodium nitrite,heart failure,1.0,0.160645,1.0158,6e-06,0.005002,1
islet amyloid polypeptide,diabetes mellitus,1.0,0.067656,1.0859,7.3e-05,0.005011,1
islet amyloid polypeptide,weight gain,1.0,0.057303,1.0062,3e-06,0.005001,1
islet amyloid polypeptide,"diabetes mellitus, type 1",1.0,0.05695,1.0338,3e-05,0.005006,1
ringer's lactate,hypotension,1.0,0.076335,1.0138,1e-05,0.005003,1
ringer's lactate,synesthesia,1.0,0.084154,1.0205,2e-05,0.005004,1
warfarin,communication disorders,1.0,0.021539,1.017,3e-05,0.005004,1
warfarin,dementia,1.0,0.030385,1.0922,0.000277,0.005015,1
warfarin,thrombosis,1.0,0.023041,1.0164,2.7e-05,0.005004,1
warfarin,hypertension,1.0,0.031882,1.1085,0.000269,0.005016,1
warfarin,venous thrombosis,1.0,0.023307,1.0137,1.6e-05,0.005003,1
warfarin,embolism,1.0,0.019203,1.0101,5e-06,0.005001,1
warfarin,fibrosis,1.0,0.025423,1.0207,3.8e-05,0.005004,1
warfarin,"hypertension, pulmonary",1.0,0.021949,1.0161,3e-05,0.005003,1
pimozide,psychophysiologic disorders,1.0,0.114008,1.0651,6e-05,0.005022,1
pimozide,dementia,1.0,0.117642,1.0873,6.9e-05,0.005024,1
"drugs, investigational",seizures,1.0,0.052304,1.0243,2.4e-05,0.005006,1
"drugs, investigational",epilepsy,1.0,0.062582,1.0681,6.7e-05,0.005013,1
"drugs, investigational",alzheimer disease,1.0,0.062151,1.1333,0.000116,0.005017,1
amlodipine,hypotension,1.0,0.011331,1.0318,9.2e-05,0.005007,1
amlodipine,cerebral small vessel diseases,1.0,0.009382,1.0232,2.4e-05,0.005004,1
amlodipine,albuminuria,1.0,0.009519,1.0242,3.1e-05,0.005005,1
amlodipine,dyslipidemias,1.0,0.011114,1.0385,9.2e-05,0.00501,1
amlodipine,hypertrophy,1.0,0.009833,1.0243,3.1e-05,0.005006,1
amlodipine,diabetes mellitus,1.0,0.01663,1.1018,0.00044,0.005021,1
amlodipine,lipid metabolism disorders,1.0,0.009124,1.0234,1.8e-05,0.005004,1
amlodipine,obesity,1.0,0.019244,1.1431,0.000648,0.005028,1
amlodipine,hypertension,1.0,0.021755,1.1196,0.000605,0.005029,1
amlodipine,"hypertension, renal",1.0,0.009793,1.0265,3.7e-05,0.005005,1
amlodipine,hyperaldosteronism,1.0,0.008334,1.0202,6e-06,0.005002,1
amlodipine,"renal insufficiency, chronic",1.0,0.012127,1.043,0.000159,0.005009,1
amlodipine,aortic coarctation,1.0,0.009074,1.0237,1.8e-05,0.005004,1
amlodipine,thalassemia,1.0,0.008925,1.0271,3.7e-05,0.005003,1
amlodipine,substance-related disorders,1.0,0.009648,1.0252,5.5e-05,0.005004,1
amlodipine,essential hypertension,1.0,0.012386,1.0339,9.2e-05,0.00501,1
amlodipine,"heart failure, diastolic",1.0,0.009694,1.0245,3.1e-05,0.005004,1
amlodipine,sleep apnea syndromes,1.0,0.009807,1.0279,6.1e-05,0.005005,1
granulocyte-macrophage colony-stimulating factor,prostatic neoplasms,1.0,0.086083,1.0296,1.8e-05,0.005004,1
granulocyte-macrophage colony-stimulating factor,neuroblastoma,1.0,0.074522,1.0119,7e-06,0.005002,1
interferon alpha-2,"hepatitis c, chronic",1.0,0.027033,1.0094,1.2e-05,0.005003,1
interferon alpha-2,coinfection,1.0,0.023392,1.007,7e-06,0.005002,1
interferon alpha-2,"carcinoma, renal cell",1.0,0.023136,1.0121,1.9e-05,0.005002,1
interferon alpha-2,"hepatitis b, chronic",1.0,0.029869,1.0116,2.4e-05,0.005005,1
interferon alpha-2,hepatitis b,1.0,0.025904,1.0102,1.9e-05,0.005004,1
interferon alpha-2,hepatitis c,1.0,0.027926,1.0149,3.3e-05,0.005005,1
interferon alpha-2,hiv infections,1.0,0.042869,1.1261,0.000285,0.005019,1
hydrochlorothiazide,diabetic nephropathies,1.0,0.012674,1.0348,7.6e-05,0.00501,1
hydrochlorothiazide,renal artery obstruction,1.0,0.00911,1.0236,5e-06,0.005002,1
hydrochlorothiazide,albuminuria,1.0,0.010567,1.0273,2.7e-05,0.005005,1
hydrochlorothiazide,dyslipidemias,1.0,0.012017,1.0417,8.2e-05,0.005011,1
hydrochlorothiazide,hypertrophy,1.0,0.010473,1.0275,2.7e-05,0.005005,1
hydrochlorothiazide,diabetes mellitus,1.0,0.019196,1.1052,0.000391,0.005027,1
hydrochlorothiazide,metabolic syndrome,1.0,0.013617,1.0586,0.000174,0.005016,1
hydrochlorothiazide,"obesity, abdominal",1.0,0.012498,1.0255,1.6e-05,0.005003,1
hydrochlorothiazide,obesity,1.0,0.019833,1.1466,0.000576,0.00503,1
hydrochlorothiazide,hypertension,1.0,0.024915,1.1231,0.000538,0.005035,1
hydrochlorothiazide,prehypertension,1.0,0.011172,1.029,4.3e-05,0.005005,1
hydrochlorothiazide,coronary artery disease,1.0,0.012517,1.0436,0.000109,0.00501,1
hydrochlorothiazide,renal insufficiency,1.0,0.011614,1.032,5.4e-05,0.005005,1
hydrochlorothiazide,atherosclerosis,1.0,0.01282,1.0489,0.000114,0.005013,1
hydrochlorothiazide,cardiovascular diseases,1.0,0.017525,1.087,0.000321,0.005025,1
hydrochlorothiazide,essential hypertension,1.0,0.01286,1.037,8.2e-05,0.005011,1
chloroquine,"arthritis, rheumatoid",1.0,0.084999,1.0864,5.2e-05,0.005011,1
chloroquine,hiv infections,1.0,0.088891,1.1262,8.2e-05,0.005017,1
vitamin b 6,"lupus erythematosus, systemic",1.0,0.071115,1.0205,1e-05,0.005003,1
vitamin b 6,alzheimer disease,1.0,0.090522,1.1311,7.7e-05,0.005015,1
metoprolol,osteoarthritis,1.0,0.014102,1.0428,0.000124,0.005008,1
metoprolol,obesity,1.0,0.020196,1.1442,0.000504,0.005029,1
metoprolol,hypertension,1.0,0.022207,1.1208,0.000471,0.005029,1
metoprolol,prehypertension,1.0,0.012434,1.0269,3.8e-05,0.005005,1
metoprolol,"diabetes mellitus, type 2",1.0,0.017753,1.0933,0.000338,0.005023,1
metoprolol,asthma,1.0,0.017359,1.0708,0.000242,0.005014,1
metoprolol,"renal insufficiency, chronic",1.0,0.014336,1.044,0.000124,0.005009,1
metoprolol,"death, sudden, cardiac",1.0,0.011205,1.022,1e-05,0.005002,1
metoprolol,ventricular fibrillation,1.0,0.011205,1.022,1e-05,0.005002,1
metoprolol,cardiovascular diseases,1.0,0.015931,1.0847,0.000281,0.005019,1
metoprolol,tachycardia,1.0,0.011205,1.022,1e-05,0.005002,1
metoprolol,"heart failure, diastolic",1.0,0.011915,1.0256,2.4e-05,0.005003,1
metoprolol,heart arrest,1.0,0.014486,1.0239,2.9e-05,0.005003,1
metoprolol,lung diseases,1.0,0.013317,1.0317,7.6e-05,0.005006,1
fentanyl,glucose intolerance,1.0,0.015709,1.0314,5.6e-05,0.005007,1
fentanyl,"osteoarthritis, knee",1.0,0.015694,1.0278,5.2e-05,0.005007,1
fentanyl,pain,1.0,0.019011,1.0477,0.000138,0.005013,1
fentanyl,insulin resistance,1.0,0.015651,1.0373,8.2e-05,0.005009,1
fentanyl,obesity,1.0,0.02508,1.1382,0.000396,0.005028,1
fentanyl,hypertension,1.0,0.021032,1.1148,0.00037,0.005021,1
fentanyl,vomiting,1.0,0.018259,1.0284,6.7e-05,0.005009,1
fentanyl,synesthesia,1.0,0.019557,1.0342,0.000108,0.005012,1
fentanyl,"pain, postoperative",1.0,0.015118,1.0251,4.1e-05,0.005006,1
fentanyl,postoperative nausea and vomiting,1.0,0.018062,1.027,6.4e-05,0.005009,1
fentanyl,"pulmonary disease, chronic obstructive",1.0,0.015813,1.0326,9e-05,0.005005,1
clopenthixol,psychophysiologic disorders,1.0,0.114008,1.0651,6e-05,0.005022,1
clopenthixol,dementia,1.0,0.117642,1.0873,6.9e-05,0.005024,1
bisoprolol,diabetes mellitus,1.0,0.083315,1.0876,4.9e-05,0.005012,1
bisoprolol,hypertension,1.0,0.08739,1.1052,6.7e-05,0.005016,1
hydroxyurea,congenital bone marrow failure syndromes,1.0,0.013321,1.0151,1.8e-05,0.005004,1
hydroxyurea,gliosarcoma,1.0,0.014222,1.026,7.5e-05,0.005006,1
hydroxyurea,"angioedemas, hereditary",1.0,0.013321,1.0151,1.8e-05,0.005004,1
hydroxyurea,leukemia,1.0,0.016648,1.0507,0.00015,0.00501,1
hydroxyurea,"brain diseases, metabolic, inborn",1.0,0.013321,1.0151,1.8e-05,0.005004,1
hydroxyurea,"anemia, sickle cell",1.0,0.014702,1.03,7.5e-05,0.005006,1
hydroxyurea,polycythemia vera,1.0,0.012826,1.0136,1.3e-05,0.005002,1
hydroxyurea,"arthritis, juvenile",1.0,0.015111,1.0215,5.3e-05,0.005005,1
hydroxyurea,beta-thalassemia,1.0,0.012547,1.0143,1.3e-05,0.005002,1
hydroxyurea,thrombocytosis,1.0,0.0118,1.0122,4e-06,0.005002,1
hydroxyurea,glioblastoma,1.0,0.014615,1.0319,9.7e-05,0.005007,1
hydroxyurea,hiv infections,1.0,0.020869,1.1328,0.00053,0.005019,1
hydroxyurea,"hypertension, pulmonary",1.0,0.014459,1.0186,4.9e-05,0.005003,1
trazodone,psychophysiologic disorders,1.0,0.050052,1.0707,0.000181,0.005026,1
trazodone,sleep initiation and maintenance disorders,1.0,0.02835,1.017,2e-05,0.005004,1
trazodone,dementia,1.0,0.052167,1.093,0.000208,0.005029,1
trazodone,"sleep apnea, obstructive",1.0,0.028834,1.0168,2e-05,0.005003,1
trazodone,sleep wake disorders,1.0,0.027135,1.012,8e-06,0.005002,1
trazodone,alzheimer disease,1.0,0.039213,1.137,0.000232,0.005021,1
thyroglobulin,cytomegalovirus infections,1.0,0.164312,1.0055,3e-06,0.005001,1
baclofen,alcoholism,1.0,0.081411,1.0089,7e-06,0.005001,1
baclofen,opioid-related disorders,1.0,0.078028,1.0071,7e-06,0.005001,1
dextromethorphan,herpes zoster,1.0,0.061269,1.0017,1e-06,0.005,1
dextromethorphan,diabetic neuropathies,1.0,0.073548,1.013,1.3e-05,0.005002,1
dextromethorphan,neuralgia,1.0,0.06605,1.0055,6e-06,0.005001,1
curcumin,prostatic neoplasms,1.0,0.056352,1.0344,2.8e-05,0.005004,1
curcumin,myelodysplastic syndromes,1.0,0.050347,1.0381,3e-05,0.005005,1
curcumin,alzheimer disease,1.0,0.060902,1.1332,0.000116,0.005016,1
oxycodone,visceral pain,1.0,0.020211,1.0089,6e-06,0.005002,1
oxycodone,joint diseases,1.0,0.020186,1.0137,2.8e-05,0.005003,1
oxycodone,pain,1.0,0.030389,1.0407,0.000113,0.00501,1
oxycodone,obesity,1.0,0.027566,1.1306,0.000324,0.005017,1
oxycodone,substance-related disorders,1.0,0.01914,1.014,2.8e-05,0.005002,1
oxycodone,narcotic-related disorders,1.0,0.017669,1.0091,6e-06,0.005001,1
oxycodone,chronic pain,1.0,0.024099,1.0161,3.4e-05,0.005004,1
oxycodone,intervertebral disc degeneration,1.0,0.019096,1.0099,9e-06,0.005002,1
oxycodone,opioid-related disorders,1.0,0.023927,1.0144,3.1e-05,0.005004,1
mebendazole,gliosarcoma,1.0,0.030736,1.0181,3.5e-05,0.005008,1
mebendazole,optic nerve glioma,1.0,0.026248,1.0092,1.2e-05,0.005005,1
mebendazole,glioma,1.0,0.029006,1.0168,3.1e-05,0.005007,1
mebendazole,astrocytoma,1.0,0.029902,1.0151,2.6e-05,0.005007,1
mebendazole,diffuse intrinsic pontine glioma,1.0,0.027743,1.0096,1.4e-05,0.005005,1
mebendazole,glioblastoma,1.0,0.030973,1.024,4.5e-05,0.005009,1
leptin,obesity,1.0,0.093293,1.1269,7.2e-05,0.005016,1
leptin,overweight,1.0,0.075623,1.0255,1.4e-05,0.005005,1
pregnenolone,"brain injuries, traumatic",1.0,0.167554,1.0064,3e-06,0.005001,1
deamino arginine vasopressin,renal insufficiency,1.0,0.151241,1.01,3e-06,0.005001,1
rivaroxaban,cerebral infarction,1.0,0.021505,1.0076,1.1e-05,0.005002,1
rivaroxaban,thrombosis,1.0,0.02506,1.0112,2.7e-05,0.005003,1
rivaroxaban,stroke,1.0,0.027998,1.0309,7.6e-05,0.005006,1
rivaroxaban,venous thrombosis,1.0,0.025249,1.0085,1.6e-05,0.005002,1
rivaroxaban,intracranial arteriosclerosis,1.0,0.022483,1.0088,1.6e-05,0.005003,1
rivaroxaban,leg injuries,1.0,0.019854,1.0042,3e-06,0.005001,1
rivaroxaban,"hypertension, portal",1.0,0.024643,1.0071,1.6e-05,0.005002,1
rivaroxaban,liver cirrhosis,1.0,0.025668,1.0099,2.7e-05,0.005003,1
fibroblast growth factor 7,"lymphoma, non-hodgkin",1.0,0.052017,1.033,2.1e-05,0.005004,1
fibroblast growth factor 7,x-linked combined immunodeficiency diseases,1.0,0.048758,1.0073,3e-06,0.005001,1
fibroblast growth factor 7,hiv infections,1.0,0.067239,1.1253,0.000122,0.005016,1
palonosetron,vomiting,1.0,0.087334,1.0146,1.2e-05,0.005004,1
palonosetron,postoperative nausea and vomiting,1.0,0.086492,1.0132,1.2e-05,0.005004,1
ifosfamide,"lymphoma, non-hodgkin",1.0,0.01325,1.0449,0.000107,0.005016,1
ifosfamide,"lymphoma, large-cell, immunoblastic",1.0,0.012206,1.0341,6.1e-05,0.005013,1
ifosfamide,teratoma,1.0,0.010591,1.0239,3.1e-05,0.005007,1
ifosfamide,precursor cell lymphoblastic leukemia-lymphoma,1.0,0.013649,1.0476,0.000117,0.005017,1
ifosfamide,rhabdomyosarcoma,1.0,0.012921,1.0313,6.6e-05,0.00501,1
ifosfamide,burkitt lymphoma,1.0,0.012548,1.039,7.6e-05,0.005014,1
ifosfamide,sarcoma,1.0,0.01274,1.0357,8.7e-05,0.005012,1
ifosfamide,osteosarcoma,1.0,0.009688,1.0192,1e-05,0.005004,1
ifosfamide,lymphoma,1.0,0.017192,1.0739,0.000255,0.005023,1
ifosfamide,neoplasms,1.0,0.012972,1.0529,0.000178,0.005013,1
ifosfamide,kidney neoplasms,1.0,0.011396,1.0358,6.6e-05,0.00501,1
ifosfamide,mediastinal neoplasms,1.0,0.012206,1.0341,6.1e-05,0.005013,1
ifosfamide,central nervous system neoplasms,1.0,0.01225,1.0363,8.7e-05,0.005012,1
ifosfamide,ovarian neoplasms,1.0,0.012614,1.0343,7.1e-05,0.005011,1
ifosfamide,"lymphoma, large b-cell, diffuse",1.0,0.011521,1.0317,5.1e-05,0.005012,1
saline solution,hypogonadism,1.0,0.00574,1.0483,7.1e-05,0.005008,1
saline solution,"arthritis, rheumatoid",1.0,0.009733,1.1238,0.000903,0.005023,1
saline solution,rosacea,1.0,0.00772,1.0424,2.4e-05,0.005005,1
saline solution,neuroinflammatory diseases,1.0,0.005826,1.044,5.9e-05,0.005005,1
saline solution,cerebral palsy,1.0,0.004931,1.0418,1.2e-05,0.005004,1
saline solution,tendinopathy,1.0,0.00514,1.0423,2.4e-05,0.005005,1
saline solution,pain,1.0,0.008294,1.0739,0.00044,0.005016,1
saline solution,"dementia, vascular",1.0,0.005581,1.052,9.5e-05,0.005008,1
saline solution,down syndrome,1.0,0.006391,1.0438,5.9e-05,0.005005,1
saline solution,cytokine release syndrome,1.0,0.005276,1.0438,3.6e-05,0.005005,1
saline solution,"rhinitis, allergic",1.0,0.008071,1.0445,8.3e-05,0.005006,1
saline solution,headache,1.0,0.005851,1.0482,0.000107,0.005007,1
saline solution,obesity,1.0,0.01262,1.1667,0.00126,0.005038,1
saline solution,hypertension,1.0,0.011612,1.1428,0.001177,0.005033,1
saline solution,bradycardia,1.0,0.005222,1.0422,2.4e-05,0.005005,1
saline solution,"hypoxia-ischemia, brain",1.0,0.005186,1.0441,3.6e-05,0.005005,1
saline solution,renal insufficiency,1.0,0.006284,1.0501,0.000119,0.005007,1
saline solution,hyperlipoproteinemia type ii,1.0,0.004931,1.0418,1.2e-05,0.005004,1
saline solution,rhinitis,1.0,0.007055,1.0444,8.3e-05,0.005006,1
saline solution,synesthesia,1.0,0.008452,1.0601,0.000345,0.005014,1
saline solution,"pain, postoperative",1.0,0.006494,1.0508,0.000131,0.005009,1
saline solution,hip dislocation,1.0,0.004931,1.0418,1.2e-05,0.005004,1
saline solution,"diabetes mellitus, type 2",1.0,0.010069,1.1148,0.000844,0.005027,1
saline solution,covid-19,1.0,0.007388,1.057,0.000261,0.00501,1
saline solution,"osteoarthritis, hip",1.0,0.004931,1.0418,1.2e-05,0.005004,1
saline solution,asthma,1.0,0.009578,1.0918,0.000606,0.005017,1
saline solution,critical illness,1.0,0.005121,1.0427,2.4e-05,0.005005,1
saline solution,subarachnoid hemorrhage,1.0,0.004931,1.0418,1.2e-05,0.005004,1
saline solution,pre-eclampsia,1.0,0.007627,1.0597,0.00025,0.005013,1
saline solution,postpartum hemorrhage,1.0,0.005364,1.0422,2.4e-05,0.005005,1
saline solution,chronic cough,1.0,0.004931,1.0418,1.2e-05,0.005004,1
saline solution,intracranial aneurysm,1.0,0.005111,1.0427,2.4e-05,0.005005,1
saline solution,brain injuries,1.0,0.00551,1.0463,7.1e-05,0.005006,1
saline solution,alzheimer disease,1.0,0.01358,1.1713,0.001355,0.005035,1
saline solution,olfaction disorders,1.0,0.007117,1.0441,5.9e-05,0.005005,1
insulin-like growth factor binding protein 3,retinopathy of prematurity,1.0,0.218902,1.001,1e-06,0.005,1
"estrogens, conjugated",obesity,1.0,0.160715,1.1258,3.6e-05,0.005013,1
pyrimethamine,pneumonia,1.0,0.051776,1.0109,1.9e-05,0.005004,1
pyrimethamine,malaria,1.0,0.047388,1.0112,1.5e-05,0.005003,1
pyrimethamine,toxoplasmosis,1.0,0.038285,1.0054,3e-06,0.005001,1
pyrimethamine,hiv infections,1.0,0.070024,1.1246,0.000163,0.005018,1
mirtazapine,psychophysiologic disorders,1.0,0.023228,1.0774,0.000484,0.005027,1
mirtazapine,sleep initiation and maintenance disorders,1.0,0.011768,1.0233,5.4e-05,0.005006,1
mirtazapine,neoplasm metastasis,1.0,0.010785,1.0277,6e-05,0.005005,1
mirtazapine,amphetamine-related disorders,1.0,0.011345,1.0187,2.2e-05,0.005003,1
mirtazapine,dementia,1.0,0.024882,1.0998,0.000554,0.00503,1
mirtazapine,anorexia,1.0,0.01132,1.0173,1.1e-05,0.005002,1
mirtazapine,cocaine-related disorders,1.0,0.011837,1.0208,3.8e-05,0.005004,1
mirtazapine,neoplasms,1.0,0.01275,1.0526,0.00019,0.00501,1
mirtazapine,alcoholism,1.0,0.01235,1.0243,5.4e-05,0.005005,1
mirtazapine,vomiting,1.0,0.013322,1.0297,9.8e-05,0.005006,1
mirtazapine,nausea,1.0,0.011077,1.0201,2.2e-05,0.005003,1
mirtazapine,hyperemesis gravidarum,1.0,0.009465,1.0169,5e-06,0.005002,1
mirtazapine,weight loss,1.0,0.010046,1.0198,2.2e-05,0.005003,1
mirtazapine,substance-related disorders,1.0,0.010929,1.022,4.9e-05,0.005004,1
mirtazapine,hiv infections,1.0,0.022478,1.1379,0.000652,0.005023,1
mirtazapine,inflammatory bowel diseases,1.0,0.010782,1.0209,3.3e-05,0.005003,1
sugammadex,joint diseases,1.0,0.026123,1.0126,1.8e-05,0.005003,1
sugammadex,obesity,1.0,0.03591,1.1293,0.000216,0.005018,1
sugammadex,vomiting,1.0,0.032075,1.0204,3.7e-05,0.005007,1
sugammadex,synesthesia,1.0,0.033132,1.0261,5.9e-05,0.005008,1
sugammadex,stomach neoplasms,1.0,0.025932,1.0184,2.4e-05,0.005003,1
sugammadex,postoperative nausea and vomiting,1.0,0.031744,1.019,3.5e-05,0.005007,1
infliximab,lymphocytosis,1.0,0.01669,1.0131,2.4e-05,0.005004,1
infliximab,"arthritis, rheumatoid",1.0,0.025385,1.09,0.00031,0.005018,1
infliximab,spondylarthropathies,1.0,0.01322,1.0104,8e-06,0.005002,1
infliximab,"arthritis, psoriatic",1.0,0.016589,1.0146,3.3e-05,0.005006,1
infliximab,crohn disease,1.0,0.015401,1.0172,3.3e-05,0.005004,1
infliximab,colitis,1.0,0.01669,1.0131,2.4e-05,0.005004,1
infliximab,pemphigus,1.0,0.01285,1.0095,4e-06,0.005002,1
infliximab,"arthritis, juvenile",1.0,0.016545,1.0189,4.9e-05,0.005006,1
infliximab,hermanski-pudlak syndrome,1.0,0.01669,1.0131,2.4e-05,0.005004,1
infliximab,"diabetes mellitus, type 1",1.0,0.017381,1.0385,0.000118,0.005008,1
infliximab,psoriasis,1.0,0.016028,1.0142,2.9e-05,0.005005,1
infliximab,arthritis,1.0,0.019427,1.0397,0.000143,0.005011,1
antimony,"leishmaniasis, cutaneous",1.0,0.456929,1.0004,0.0,0.005,1
serine proteinase inhibitors,pancreatic neoplasms,1.0,0.149272,1.0211,5e-06,0.005002,1
oxcarbazepine,psychophysiologic disorders,1.0,0.056663,1.0686,0.000151,0.005028,1
oxcarbazepine,dementia,1.0,0.058864,1.0909,0.000173,0.00503,1
oxcarbazepine,seizures,1.0,0.035701,1.0256,4.1e-05,0.00501,1
oxcarbazepine,"epilepsies, partial",1.0,0.032212,1.0161,1.9e-05,0.005006,1
oxcarbazepine,epilepsy,1.0,0.044781,1.0695,0.000112,0.005019,1
progesterone,memory disorders,1.0,0.01356,1.0203,1.2e-05,0.005003,1
progesterone,diabetes mellitus,1.0,0.022859,1.1002,0.000293,0.005024,1
progesterone,thrombosis,1.0,0.015213,1.0252,4.1e-05,0.005006,1
progesterone,hypertension,1.0,0.027236,1.118,0.000403,0.005029,1
progesterone,hypercholesterolemia,1.0,0.016316,1.0361,6.1e-05,0.005011,1
progesterone,osteoporosis,1.0,0.015924,1.0263,4.9e-05,0.005006,1
progesterone,heart diseases,1.0,0.017539,1.0324,7.3e-05,0.00501,1
progesterone,coronary disease,1.0,0.016898,1.0363,6.9e-05,0.005012,1
progesterone,myocardial ischemia,1.0,0.014989,1.025,3.3e-05,0.005006,1
progesterone,cardiovascular diseases,1.0,0.022211,1.0821,0.00024,0.005023,1
progesterone,alzheimer disease,1.0,0.024931,1.1459,0.000465,0.005026,1
progesterone,bone diseases,1.0,0.013553,1.0209,1.2e-05,0.005004,1
enoxaparin,placental insufficiency,1.0,0.057275,1.0057,1e-06,0.005,1
enoxaparin,obesity,1.0,0.075418,1.1274,0.000108,0.005014,1
enoxaparin,pre-eclampsia,1.0,0.070645,1.024,2.1e-05,0.005004,1
doxorubicin,"lymphoma, non-hodgkin",1.0,0.007771,1.0682,0.000221,0.005025,1
doxorubicin,"lymphoma, follicular",1.0,0.006422,1.0548,0.000116,0.005014,1
doxorubicin,"lymphoma, b-cell",1.0,0.005995,1.0539,9.5e-05,0.005015,1
doxorubicin,"adenoma, islet cell",1.0,0.00499,1.0416,2.1e-05,0.005005,1
doxorubicin,"lymphoma, large-cell, immunoblastic",1.0,0.006771,1.0572,0.000126,0.005019,1
doxorubicin,neoplasm metastasis,1.0,0.006255,1.051,0.000116,0.00501,1
doxorubicin,precursor cell lymphoblastic leukemia-lymphoma,1.0,0.008004,1.0709,0.000242,0.005025,1
doxorubicin,rhabdomyosarcoma,1.0,0.007338,1.0543,0.000137,0.005016,1
doxorubicin,burkitt lymphoma,1.0,0.007103,1.0621,0.000158,0.005021,1
doxorubicin,sarcoma,1.0,0.007437,1.0588,0.000179,0.005019,1
doxorubicin,obesity,1.0,0.008815,1.1653,0.001116,0.005024,1
doxorubicin,triple negative breast neoplasms,1.0,0.006893,1.0583,0.000179,0.005016,1
doxorubicin,"lymphoma, large-cell, anaplastic",1.0,0.00549,1.0476,5.3e-05,0.005011,1
doxorubicin,lymphoma,1.0,0.011197,1.0979,0.000526,0.005037,1
doxorubicin,astrocytoma,1.0,0.006399,1.0508,0.000137,0.005011,1
doxorubicin,leukemia,1.0,0.008493,1.0793,0.000358,0.005026,1
doxorubicin,kidney neoplasms,1.0,0.006584,1.0589,0.000137,0.005016,1
doxorubicin,carcinoma,1.0,0.009078,1.0742,0.000337,0.005022,1
doxorubicin,mediastinal neoplasms,1.0,0.006771,1.0572,0.000126,0.005019,1
doxorubicin,ovarian neoplasms,1.0,0.007064,1.0574,0.000147,0.005017,1
doxorubicin,"lymphoma, t-cell, peripheral",1.0,0.005928,1.0476,6.3e-05,0.00501,1
doxorubicin,"lymphoma, large b-cell, diffuse",1.0,0.006392,1.0547,0.000105,0.005017,1
doxorubicin,liver neoplasms,1.0,0.006318,1.0471,7.4e-05,0.005007,1
doxorubicin,precancerous conditions,1.0,0.0063,1.053,0.000105,0.005014,1
doxorubicin,"neoplasms, neuroepithelial",1.0,0.004635,1.0409,1.1e-05,0.005004,1
doxorubicin,hiv infections,1.0,0.012349,1.1636,0.001263,0.005034,1
doxorubicin,pancreatic neoplasms,1.0,0.007127,1.0599,0.000168,0.005015,1
doxorubicin,hodgkin disease,1.0,0.007641,1.0548,0.000158,0.005014,1
doxorubicin,breast neoplasms,1.0,0.010144,1.1038,0.0006,0.005028,1
doxorubicin,zollinger-ellison syndrome,1.0,0.005512,1.0423,4.2e-05,0.005005,1
doxorubicin,head and neck neoplasms,1.0,0.006565,1.0551,0.000137,0.005015,1
perphenazine,psychophysiologic disorders,1.0,0.114008,1.0651,6e-05,0.005022,1
perphenazine,dementia,1.0,0.117642,1.0873,6.9e-05,0.005024,1
sodium tetradecyl sulfate,varicose veins,1.0,0.279553,1.001,1e-06,0.005,1
prasugrel hydrochloride,diabetes mellitus,1.0,0.085458,1.0852,4.9e-05,0.00501,1
prasugrel hydrochloride,coronary artery disease,1.0,0.076028,1.0247,1.4e-05,0.005004,1
goserelin,metabolic syndrome,1.0,0.049203,1.0404,3.3e-05,0.005005,1
goserelin,prostatic neoplasms,1.0,0.056684,1.0328,2.8e-05,0.005005,1
goserelin,breast neoplasms,1.0,0.056366,1.0675,5.8e-05,0.005009,1
platelet aggregation inhibitors,diabetes mellitus,1.0,0.033191,1.094,0.000171,0.005021,1
platelet aggregation inhibitors,hypertension,1.0,0.036009,1.1117,0.000235,0.005024,1
platelet aggregation inhibitors,intracranial arteriosclerosis,1.0,0.021435,1.0169,1.4e-05,0.005003,1
platelet aggregation inhibitors,atherosclerosis,1.0,0.025007,1.0382,5e-05,0.00501,1
platelet aggregation inhibitors,heart diseases,1.0,0.025342,1.0265,4.3e-05,0.005008,1
platelet aggregation inhibitors,coronary disease,1.0,0.024388,1.0305,4e-05,0.00501,1
platelet aggregation inhibitors,cardiovascular diseases,1.0,0.031797,1.076,0.00014,0.00502,1
decitabine,myelodysplastic syndromes,1.0,0.055549,1.0361,3e-05,0.005008,1
decitabine,"leukemia, myeloid, acute",1.0,0.054241,1.0347,2.5e-05,0.005007,1
decitabine,leukemia,1.0,0.053758,1.0434,3.5e-05,0.005009,1
methacholine chloride,asthma,1.0,0.1652,1.051,1.7e-05,0.005006,1
sitagliptin phosphate,glucose intolerance,1.0,0.011985,1.0395,8.2e-05,0.005009,1
sitagliptin phosphate,myocardial infarction,1.0,0.010566,1.0323,4.9e-05,0.005006,1
sitagliptin phosphate,diabetic ketoacidosis,1.0,0.00917,1.0271,1.1e-05,0.005003,1
sitagliptin phosphate,diabetes mellitus,1.0,0.01928,1.1057,0.000391,0.005029,1
sitagliptin phosphate,inflammation,1.0,0.010628,1.0351,6.5e-05,0.005007,1
sitagliptin phosphate,obesity,1.0,0.019815,1.1471,0.000576,0.005031,1
sitagliptin phosphate,neoplasms,1.0,0.011413,1.0595,0.00019,0.005008,1
sitagliptin phosphate,polycystic ovary syndrome,1.0,0.010671,1.0338,4.9e-05,0.005007,1
sitagliptin phosphate,atherosclerosis,1.0,0.01237,1.0493,0.000114,0.005013,1
sitagliptin phosphate,heart failure,1.0,0.012969,1.0382,9.8e-05,0.005009,1
sitagliptin phosphate,"diabetes mellitus, type 2",1.0,0.018851,1.096,0.000386,0.005028,1
sitagliptin phosphate,"diabetes mellitus, type 1",1.0,0.012978,1.0527,0.000158,0.005013,1
sitagliptin phosphate,coronary disease,1.0,0.01178,1.0414,9.2e-05,0.005011,1
sitagliptin phosphate,"angina, unstable",1.0,0.009001,1.024,5e-06,0.005002,1
sitagliptin phosphate,cardiovascular diseases,1.0,0.016627,1.0874,0.000321,0.005024,1
sitagliptin phosphate,hyperglycemia,1.0,0.010193,1.0325,3.8e-05,0.005006,1
dacarbazine,skin neoplasms,1.0,0.025101,1.014,1e-05,0.005003,1
dacarbazine,lymphoma,1.0,0.033115,1.0652,0.000102,0.005012,1
dacarbazine,melanoma,1.0,0.028365,1.0194,2.4e-05,0.005004,1
dacarbazine,precancerous conditions,1.0,0.026483,1.0217,2e-05,0.005004,1
dacarbazine,hiv infections,1.0,0.03698,1.129,0.000245,0.005019,1
dacarbazine,hodgkin disease,1.0,0.029777,1.0234,3.1e-05,0.005005,1
alpha-mannosidase,asthma,1.0,0.1652,1.051,1.7e-05,0.005006,1
nevirapine,hiv-associated lipodystrophy syndrome,1.0,0.02658,1.0203,3.6e-05,0.005007,1
nevirapine,coinfection,1.0,0.022063,1.0097,7e-06,0.005001,1
nevirapine,lipodystrophy,1.0,0.021527,1.0106,7e-06,0.005002,1
nevirapine,acquired immunodeficiency syndrome,1.0,0.02812,1.024,5.5e-05,0.005008,1
nevirapine,infections,1.0,0.027106,1.0202,4.3e-05,0.005007,1
nevirapine,cardiovascular diseases,1.0,0.029043,1.072,0.00014,0.005013,1
nevirapine,hiv infections,1.0,0.044832,1.1292,0.000285,0.005023,1
cidofovir,acquired immunodeficiency syndrome,1.0,0.084754,1.0165,1.6e-05,0.005003,1
cidofovir,cytomegalovirus retinitis,1.0,0.089824,1.0026,3e-06,0.005001,1
vitamin a,diabetes mellitus,1.0,0.158897,1.0842,2.4e-05,0.005009,1
histidine,alzheimer disease,1.0,0.169679,1.1302,3.9e-05,0.005014,1
aromatase inhibitors,breast neoplasms,1.0,0.156874,1.0645,1.9e-05,0.005007,1
rosiglitazone,hiv-associated lipodystrophy syndrome,1.0,0.010618,1.0445,9.2e-05,0.005007,1
rosiglitazone,"colitis, ulcerative",1.0,0.008653,1.0385,3.1e-05,0.005004,1
rosiglitazone,diabetes mellitus,1.0,0.016248,1.1159,0.00044,0.00503,1
rosiglitazone,metabolic syndrome,1.0,0.012099,1.0688,0.000196,0.005019,1
rosiglitazone,insulin resistance,1.0,0.011307,1.055,0.000134,0.005012,1
rosiglitazone,obesity,1.0,0.018613,1.1577,0.000648,0.005037,1
rosiglitazone,hypertension,1.0,0.018062,1.134,0.000605,0.005034,1
rosiglitazone,body weight changes,1.0,0.008644,1.0346,1.2e-05,0.005003,1
rosiglitazone,atherosclerosis,1.0,0.010586,1.059,0.000128,0.005013,1
rosiglitazone,"leukoplakia, oral",1.0,0.008172,1.0339,6e-06,0.005002,1
rosiglitazone,"diabetes mellitus, type 2",1.0,0.016156,1.1062,0.000434,0.005031,1
rosiglitazone,asthma,1.0,0.012726,1.0834,0.000312,0.005016,1
rosiglitazone,"renal insufficiency, chronic",1.0,0.011572,1.0563,0.000159,0.005012,1
rosiglitazone,alzheimer disease,1.0,0.018526,1.1623,0.000697,0.005035,1
rosiglitazone,hyperinsulinism,1.0,0.008928,1.0376,1.8e-05,0.005004,1
rosiglitazone,hiv infections,1.0,0.017839,1.156,0.000734,0.005027,1
rosiglitazone,inflammatory bowel diseases,1.0,0.009406,1.0371,3.7e-05,0.005004,1
rosiglitazone,pituitary acth hypersecretion,1.0,0.008884,1.0344,1.2e-05,0.005003,1
fluorouracil,"adenoma, islet cell",1.0,0.009319,1.0155,1.1e-05,0.005003,1
fluorouracil,esophageal neoplasms,1.0,0.011433,1.0266,6.5e-05,0.005009,1
fluorouracil,neoplasm metastasis,1.0,0.012031,1.0246,6e-05,0.005009,1
fluorouracil,rectal neoplasms,1.0,0.012233,1.0198,3.3e-05,0.005006,1
fluorouracil,gastrointestinal neoplasms,1.0,0.011464,1.0205,3.8e-05,0.005008,1
fluorouracil,triple negative breast neoplasms,1.0,0.013111,1.0318,9.2e-05,0.005013,1
fluorouracil,kidney neoplasms,1.0,0.010658,1.0323,7.1e-05,0.005007,1
fluorouracil,biliary tract neoplasms,1.0,0.012197,1.0205,4.9e-05,0.005009,1
fluorouracil,"carcinoma, pancreatic ductal",1.0,0.01102,1.0177,3.3e-05,0.005006,1
fluorouracil,carcinoma,1.0,0.015511,1.0473,0.000174,0.005016,1
fluorouracil,colorectal neoplasms,1.0,0.014903,1.032,0.000109,0.005013,1
fluorouracil,stomach neoplasms,1.0,0.012936,1.0245,6.5e-05,0.005009,1
fluorouracil,pancreatic neoplasms,1.0,0.013264,1.0334,8.7e-05,0.005011,1
fluorouracil,breast neoplasms,1.0,0.016717,1.0762,0.00031,0.005019,1
fluorouracil,zollinger-ellison syndrome,1.0,0.010262,1.0162,2.2e-05,0.005003,1
fluorouracil,head and neck neoplasms,1.0,0.011459,1.0286,7.1e-05,0.005009,1
acarbose,glucose intolerance,1.0,0.021913,1.0286,4.1e-05,0.005006,1
acarbose,diabetes mellitus,1.0,0.029896,1.0941,0.000196,0.00502,1
acarbose,insulin resistance,1.0,0.021638,1.0344,6e-05,0.005007,1
acarbose,acute coronary syndrome,1.0,0.018938,1.0186,1.6e-05,0.005003,1
acarbose,"diabetes mellitus, type 2",1.0,0.029469,1.0845,0.000193,0.005019,1
acarbose,pediatric obesity,1.0,0.019337,1.0131,5e-06,0.005001,1
acarbose,coronary disease,1.0,0.020852,1.0305,4.6e-05,0.005008,1
acarbose,cardiovascular diseases,1.0,0.026219,1.076,0.00016,0.005017,1
escitalopram,psychophysiologic disorders,1.0,0.021632,1.0889,0.000544,0.005034,1
escitalopram,folliculitis,1.0,0.00926,1.0303,2.4e-05,0.005004,1
escitalopram,neoplasm metastasis,1.0,0.009407,1.0387,6.7e-05,0.005005,1
escitalopram,pain,1.0,0.012297,1.0601,0.000226,0.005013,1
escitalopram,dementia,1.0,0.022563,1.1115,0.000624,0.005038,1
escitalopram,inflammation,1.0,0.009327,1.0393,7.3e-05,0.005005,1
escitalopram,stroke,1.0,0.011482,1.0545,0.000171,0.005009,1
escitalopram,neoplasms,1.0,0.010959,1.0638,0.000214,0.005012,1
escitalopram,dyspepsia,1.0,0.008989,1.0286,1.2e-05,0.005003,1
escitalopram,acquired immunodeficiency syndrome,1.0,0.010676,1.0429,0.000141,0.005008,1
escitalopram,rectal diseases,1.0,0.009739,1.0372,6.7e-05,0.005007,1
escitalopram,asthma,1.0,0.013414,1.0778,0.000312,0.005013,1
escitalopram,"epilepsy, temporal lobe",1.0,0.008097,1.0282,6e-06,0.005002,1
escitalopram,"depression, postpartum",1.0,0.008673,1.0301,1.8e-05,0.005003,1
escitalopram,epilepsy,1.0,0.014503,1.0897,0.000403,0.005023,1
escitalopram,alzheimer disease,1.0,0.018632,1.1562,0.000697,0.005031,1
escitalopram,hiv infections,1.0,0.017116,1.15,0.000734,0.005028,1
escitalopram,polyneuropathies,1.0,0.008633,1.0311,2.4e-05,0.005004,1
saquinavir,hiv-associated lipodystrophy syndrome,1.0,0.051807,1.0182,1.5e-05,0.005005,1
saquinavir,cardiovascular diseases,1.0,0.055453,1.0698,6e-05,0.005011,1
saquinavir,hiv infections,1.0,0.070454,1.1269,0.000122,0.005019,1
cytarabine,thrombocytopenia,1.0,0.007318,1.0326,5.9e-05,0.00501,1
cytarabine,spinocerebellar degenerations,1.0,0.007605,1.0293,4.2e-05,0.005011,1
cytarabine,"polyradiculoneuropathy, chronic inflammatory demyelinating",1.0,0.007605,1.0293,4.2e-05,0.005011,1
cytarabine,"lymphoma, large-cell, immunoblastic",1.0,0.008147,1.0401,0.000102,0.005015,1
cytarabine,neuromyelitis optica,1.0,0.008898,1.0387,0.000102,0.005016,1
cytarabine,lambert-eaton myasthenic syndrome,1.0,0.007605,1.0293,4.2e-05,0.005011,1
cytarabine,"leukemia, eosinophilic, acute",1.0,0.007598,1.0276,4.2e-05,0.005009,1
cytarabine,precursor cell lymphoblastic leukemia-lymphoma,1.0,0.011134,1.0536,0.000195,0.005025,1
cytarabine,"vasculitis, central nervous system",1.0,0.007605,1.0293,4.2e-05,0.005011,1
cytarabine,burkitt lymphoma,1.0,0.008549,1.045,0.000127,0.005017,1
cytarabine,myelodysplastic syndromes,1.0,0.012098,1.0544,0.000246,0.005024,1
cytarabine,"leukemia, myeloid, acute",1.0,0.011219,1.053,0.000212,0.005021,1
cytarabine,"histiocytosis, langerhans-cell",1.0,0.007933,1.0338,9.3e-05,0.005011,1
cytarabine,lymphoma,1.0,0.014807,1.0801,0.000424,0.005032,1
cytarabine,leukemia,1.0,0.013022,1.0618,0.000289,0.005028,1
cytarabine,mediastinal neoplasms,1.0,0.008147,1.0401,0.000102,0.005015,1
cytarabine,central nervous system neoplasms,1.0,0.008953,1.0422,0.000144,0.005015,1
cytarabine,"leukemia, basophilic, acute",1.0,0.007598,1.0276,4.2e-05,0.005009,1
cytarabine,myasthenia gravis,1.0,0.00865,1.0308,5.9e-05,0.005012,1
cytarabine,autoimmune diseases of the nervous system,1.0,0.008066,1.0303,5.9e-05,0.005012,1
cytarabine,stiff-person syndrome,1.0,0.007605,1.0293,4.2e-05,0.005011,1
cytarabine,opsoclonus-myoclonus syndrome,1.0,0.007605,1.0293,4.2e-05,0.005011,1
cytarabine,"leukemia, monocytic, acute",1.0,0.007213,1.027,3.4e-05,0.005008,1
cytarabine,"leukemia, myelogenous, chronic, bcr-abl positive",1.0,0.007609,1.0336,7.6e-05,0.005009,1
cytarabine,autoimmune diseases,1.0,0.009207,1.0444,0.000153,0.005017,1
ceftaroline,diabetes mellitus,1.0,0.158897,1.0842,2.4e-05,0.005009,1
dabigatran,communication disorders,1.0,0.075485,1.0109,7e-06,0.005002,1
dabigatran,dementia,1.0,0.101554,1.0857,6.9e-05,0.005014,1
propofol,pain,1.0,0.011061,1.0549,0.000289,0.005016,1
propofol,postoperative complications,1.0,0.006751,1.0245,2.3e-05,0.005004,1
propofol,abdominal neoplasms,1.0,0.008575,1.0253,3.9e-05,0.005007,1
propofol,stroke,1.0,0.009018,1.0493,0.000219,0.005008,1
propofol,headache,1.0,0.009193,1.0297,7e-05,0.005009,1
propofol,obesity,1.0,0.015748,1.146,0.000828,0.00503,1
propofol,neoplasms,1.0,0.010683,1.0586,0.000273,0.005014,1
propofol,seizures,1.0,0.009337,1.0399,0.000187,0.005011,1
propofol,vomiting,1.0,0.010854,1.0355,0.000141,0.005011,1
propofol,constipation,1.0,0.006389,1.0229,8e-06,0.005003,1
propofol,synesthesia,1.0,0.012155,1.0413,0.000227,0.005014,1
propofol,neurofibromatoses,1.0,0.008575,1.0253,3.9e-05,0.005007,1
propofol,respiratory insufficiency,1.0,0.007257,1.0261,3.9e-05,0.005004,1
propofol,hydrocephalus,1.0,0.008981,1.0259,4.7e-05,0.005008,1
propofol,brain diseases,1.0,0.007688,1.0294,6.2e-05,0.005006,1
propofol,stomach ulcer,1.0,0.006729,1.0235,1.6e-05,0.005003,1
propofol,delirium,1.0,0.008001,1.0326,9.4e-05,0.005008,1
propofol,epilepsy,1.0,0.014735,1.0844,0.000516,0.005022,1
propofol,stomach neoplasms,1.0,0.007865,1.0335,9.4e-05,0.005006,1
propofol,postoperative nausea and vomiting,1.0,0.010725,1.0341,0.000133,0.005011,1
propofol,arthritis,1.0,0.009141,1.053,0.000273,0.00501,1
propofol,sleep apnea syndromes,1.0,0.007706,1.0306,7.8e-05,0.005006,1
propofol,"obesity, morbid",1.0,0.010236,1.0316,9.4e-05,0.005006,1
remifentanil,pain,1.0,0.03909,1.0363,6.3e-05,0.005008,1
remifentanil,stroke,1.0,0.035077,1.0308,4.8e-05,0.005005,1
remifentanil,hyperalgesia,1.0,0.029176,1.0072,7e-06,0.005001,1
remifentanil,synesthesia,1.0,0.036229,1.023,4.9e-05,0.005006,1
remifentanil,opioid-related disorders,1.0,0.032598,1.0102,1.7e-05,0.005003,1
tamsulosin,prostatitis,1.0,0.076234,1.0033,3e-06,0.005001,1
tamsulosin,ureterolithiasis,1.0,0.061791,1.0029,1e-06,0.005001,1
tamsulosin,"urinary bladder, overactive",1.0,0.077072,1.0059,4e-06,0.005001,1
tamsulosin,prostatic hyperplasia,1.0,0.080364,1.0043,3e-06,0.005001,1
lomustine,recurrence,1.0,0.048617,1.0133,1e-05,0.005002,1
lomustine,astrocytoma,1.0,0.049928,1.0135,1.3e-05,0.005003,1
lomustine,glioblastoma,1.0,0.051648,1.0224,2.2e-05,0.005004,1
antihypertensive agents,diabetes mellitus,1.0,0.032765,1.0946,0.000171,0.005022,1
antihypertensive agents,hypertension,1.0,0.036239,1.1123,0.000235,0.005025,1
antihypertensive agents,atherosclerosis,1.0,0.024692,1.0388,5e-05,0.005011,1
antihypertensive agents,hypercholesterolemia,1.0,0.02352,1.0308,3.6e-05,0.005009,1
antihypertensive agents,heart diseases,1.0,0.025115,1.0271,4.3e-05,0.005008,1
antihypertensive agents,coronary disease,1.0,0.024541,1.0311,4e-05,0.005011,1
antihypertensive agents,cardiovascular diseases,1.0,0.031682,1.0766,0.00014,0.005021,1
insulin glargine,diabetes mellitus,1.0,0.025599,1.1001,0.000245,0.005025,1
insulin glargine,prediabetic state,1.0,0.017562,1.0313,3.7e-05,0.005007,1
insulin glargine,obesity,1.0,0.027496,1.1413,0.00036,0.005029,1
insulin glargine,heart failure,1.0,0.018506,1.033,6.1e-05,0.005007,1
insulin glargine,"diabetes mellitus, type 2",1.0,0.026644,1.0905,0.000241,0.005027,1
insulin glargine,"diabetes mellitus, type 1",1.0,0.018696,1.0474,9.8e-05,0.005012,1
insulin glargine,"diabetes, gestational",1.0,0.016689,1.0266,2.7e-05,0.005006,1
insulin glargine,"renal insufficiency, chronic",1.0,0.018102,1.0413,8.8e-05,0.005009,1
insulin glargine,overweight,1.0,0.017395,1.0386,6.8e-05,0.00501,1
insulin glargine,cardiovascular diseases,1.0,0.020585,1.0819,0.0002,0.005019,1
folic acid,"arthritis, rheumatoid",1.0,0.024182,1.1012,0.000284,0.00502,1
folic acid,rheumatic fever,1.0,0.016439,1.0269,3.4e-05,0.005004,1
folic acid,obesity,1.0,0.022242,1.1432,0.000396,0.005024,1
folic acid,"lupus erythematosus, systemic",1.0,0.016211,1.0355,5.6e-05,0.005006,1
folic acid,gingival overgrowth,1.0,0.013885,1.0204,4e-06,0.005001,1
folic acid,hypertension,1.0,0.022312,1.1198,0.00037,0.005023,1
folic acid,malaria,1.0,0.017165,1.0265,4.1e-05,0.005003,1
folic acid,hyperhomocysteinemia,1.0,0.013885,1.0204,4e-06,0.005001,1
folic acid,alzheimer disease,1.0,0.024101,1.1478,0.000426,0.005025,1
folic acid,arthritis,1.0,0.018769,1.0504,0.000131,0.005011,1
folic acid,head and neck neoplasms,1.0,0.015483,1.0351,4.9e-05,0.005004,1
aripiprazole,communication disorders,1.0,0.023465,1.0194,2.6e-05,0.005004,1
aripiprazole,psychophysiologic disorders,1.0,0.040213,1.0724,0.000212,0.005026,1
aripiprazole,dementia,1.0,0.042978,1.0948,0.000242,0.005029,1
aripiprazole,metabolic syndrome,1.0,0.023691,1.0473,7.6e-05,0.005007,1
aripiprazole,substance-related disorders,1.0,0.02162,1.0173,2.1e-05,0.005002,1
aripiprazole,"depression, postpartum",1.0,0.020391,1.0146,7e-06,0.005002,1
aripiprazole,alzheimer disease,1.0,0.034663,1.1388,0.000271,0.005023,1
melatonin,psychophysiologic disorders,1.0,0.026527,1.0836,0.000363,0.00503,1
melatonin,dementia,1.0,0.027992,1.1062,0.000416,0.005033,1
melatonin,prediabetic state,1.0,0.015416,1.0357,4.5e-05,0.005005,1
melatonin,dyssomnias,1.0,0.013367,1.0234,8e-06,0.005002,1
melatonin,obesity,1.0,0.021751,1.1461,0.000432,0.005027,1
melatonin,hypertension,1.0,0.019884,1.1226,0.000403,0.005022,1
melatonin,jet lag syndrome,1.0,0.013964,1.0234,8e-06,0.005002,1
melatonin,lennox gastaut syndrome,1.0,0.013815,1.0262,2.4e-05,0.005004,1
melatonin,epilepsy,1.0,0.020773,1.0845,0.000269,0.005021,1
melatonin,brain injuries,1.0,0.013394,1.0278,2.4e-05,0.005003,1
melatonin,alzheimer disease,1.0,0.02278,1.1506,0.000465,0.005029,1
melatonin,post-acute covid-19 syndrome,1.0,0.013102,1.0276,2.9e-05,0.005003,1
"immunoglobulins, intravenous",neuroinflammatory diseases,1.0,0.016529,1.015,1.9e-05,0.005003,1
"immunoglobulins, intravenous",immunologic deficiency syndromes,1.0,0.016257,1.0173,2.2e-05,0.005005,1
"immunoglobulins, intravenous","histiocytosis, langerhans-cell",1.0,0.017073,1.0227,4.1e-05,0.005006,1
"immunoglobulins, intravenous",chediak-higashi syndrome,1.0,0.016257,1.0173,2.2e-05,0.005005,1
"immunoglobulins, intravenous","lymphohistiocytosis, hemophagocytic",1.0,0.016257,1.0173,2.2e-05,0.005005,1
"immunoglobulins, intravenous",limbic encephalitis,1.0,0.013878,1.012,4e-06,0.005001,1
"immunoglobulins, intravenous",mucocutaneous lymph node syndrome,1.0,0.014216,1.0148,1.1e-05,0.005002,1
"immunoglobulins, intravenous",epilepsy,1.0,0.019083,1.0732,0.000247,0.005011,1
"immunoglobulins, intravenous",alzheimer disease,1.0,0.022388,1.1387,0.000426,0.005018,1
"immunoglobulins, intravenous",lymphoproliferative disorders,1.0,0.016859,1.0232,3.7e-05,0.005006,1
"immunoglobulins, intravenous",autoimmune diseases,1.0,0.018759,1.0332,6.7e-05,0.005006,1
trastuzumab,brain neoplasms,1.0,0.062188,1.0141,1.2e-05,0.005002,1
trastuzumab,urologic neoplasms,1.0,0.058034,1.0036,1e-06,0.005,1
trastuzumab,breast neoplasms,1.0,0.07325,1.0658,5.8e-05,0.005008,1
bleomycin,"sarcoma, kaposi",1.0,0.041367,1.0055,1e-06,0.005001,1
bleomycin,"lymphoma, t-cell, peripheral",1.0,0.043893,1.0133,8e-06,0.005002,1
bleomycin,hiv infections,1.0,0.059202,1.1255,0.000163,0.005016,1
bleomycin,hodgkin disease,1.0,0.050648,1.0202,2e-05,0.005003,1
indinavir,hiv-associated lipodystrophy syndrome,1.0,0.027858,1.0208,3.6e-05,0.005006,1
indinavir,"sarcoma, ewing",1.0,0.021504,1.0095,2e-06,0.005001,1
indinavir,tuberculosis,1.0,0.028044,1.0265,4.8e-05,0.005006,1
indinavir,rhabdomyosarcoma,1.0,0.025552,1.0237,3.1e-05,0.005003,1
indinavir,hemophilia a,1.0,0.025588,1.0126,1.4e-05,0.005003,1
indinavir,cardiovascular diseases,1.0,0.030185,1.0726,0.00014,0.005012,1
indinavir,hiv infections,1.0,0.043733,1.1298,0.000285,0.005022,1
potassium chloride,hypertension,1.0,0.066096,1.1055,0.000101,0.005018,1
potassium chloride,heart diseases,1.0,0.052369,1.0208,1.8e-05,0.005006,1
potassium chloride,cardiovascular diseases,1.0,0.059056,1.0699,6e-05,0.005013,1
glycopyrrolate,abdominal neoplasms,1.0,0.019272,1.0105,1.5e-05,0.005004,1
glycopyrrolate,headache,1.0,0.020343,1.0148,2.8e-05,0.005005,1
glycopyrrolate,neoplasms,1.0,0.022033,1.0433,0.000107,0.005008,1
glycopyrrolate,neurofibromatoses,1.0,0.019272,1.0105,1.5e-05,0.005004,1
glycopyrrolate,hydrocephalus,1.0,0.01967,1.0111,1.8e-05,0.005004,1
glycopyrrolate,covid-19,1.0,0.020155,1.0233,6.7e-05,0.005005,1
glycopyrrolate,epilepsy,1.0,0.026322,1.0687,0.000202,0.005013,1
glycopyrrolate,"pulmonary disease, chronic obstructive",1.0,0.022259,1.0247,7.3e-05,0.005006,1
glycopyrrolate,lung diseases,1.0,0.020216,1.0184,4.9e-05,0.005005,1
"trimethoprim, sulfamethoxazole drug combination",malaria,1.0,0.053202,1.0114,1.5e-05,0.005003,1
"trimethoprim, sulfamethoxazole drug combination",opportunistic infections,1.0,0.043658,1.0048,1e-06,0.005001,1
"trimethoprim, sulfamethoxazole drug combination","pneumonia, pneumocystis",1.0,0.048474,1.0056,4e-06,0.005001,1
"trimethoprim, sulfamethoxazole drug combination",hiv infections,1.0,0.069894,1.1249,0.000163,0.005016,1
dapsone,leprosy,1.0,0.030802,1.0096,2e-06,0.005001,1
dapsone,pneumonia,1.0,0.041767,1.0157,2.4e-05,0.005004,1
dapsone,tuberculosis,1.0,0.04121,1.0266,3.4e-05,0.005005,1
dapsone,obesity,1.0,0.040951,1.1316,0.00018,0.005015,1
dapsone,hiv infections,1.0,0.055093,1.13,0.000204,0.005019,1
mercaptopurine,lymphocytosis,1.0,0.024664,1.0114,1.4e-05,0.005003,1
mercaptopurine,precursor cell lymphoblastic leukemia-lymphoma,1.0,0.023776,1.0382,5.5e-05,0.005008,1
mercaptopurine,colitis,1.0,0.024664,1.0114,1.4e-05,0.005003,1
mercaptopurine,"histiocytosis, langerhans-cell",1.0,0.022093,1.0186,2.6e-05,0.005005,1
mercaptopurine,lymphoma,1.0,0.027458,1.0643,0.000119,0.005013,1
mercaptopurine,leukemia,1.0,0.025451,1.0463,8.1e-05,0.005011,1
mercaptopurine,hermanski-pudlak syndrome,1.0,0.024664,1.0114,1.4e-05,0.005003,1
"elvitegravir, cobicistat, emtricitabine, tenofovir disoproxil fumarate drug combination",hepatitis a,1.0,0.03976,1.0057,4e-06,0.005001,1
"elvitegravir, cobicistat, emtricitabine, tenofovir disoproxil fumarate drug combination",sleep wake disorders,1.0,0.040499,1.0067,5e-06,0.005001,1
"elvitegravir, cobicistat, emtricitabine, tenofovir disoproxil fumarate drug combination",acquired immunodeficiency syndrome,1.0,0.044304,1.0201,3.1e-05,0.005005,1
"elvitegravir, cobicistat, emtricitabine, tenofovir disoproxil fumarate drug combination",hiv infections,1.0,0.061666,1.1249,0.000163,0.005018,1
bezafibrate,mitochondrial diseases,1.0,0.456932,1.0006,1e-06,0.005,1
glafenine,"glaucoma, open-angle",1.0,0.108918,1.0071,1.1e-05,0.005002,1
glafenine,ischemic stroke,1.0,0.08119,1.0042,3e-06,0.005001,1
methotrexate,"arthritis, rheumatoid",1.0,0.014617,1.1056,0.000568,0.005024,1
methotrexate,rheumatic fever,1.0,0.008473,1.0311,6.7e-05,0.005007,1
methotrexate,rheumatic diseases,1.0,0.008102,1.0257,2.2e-05,0.005004,1
methotrexate,medulloblastoma,1.0,0.007577,1.0349,6e-05,0.005008,1
methotrexate,"lymphoma, large-cell, immunoblastic",1.0,0.00846,1.0413,9e-05,0.005013,1
methotrexate,"arthritis, psoriatic",1.0,0.008285,1.0291,6e-05,0.005006,1
methotrexate,"dermatitis, atopic",1.0,0.00851,1.0271,3.7e-05,0.005004,1
methotrexate,urethral neoplasms,1.0,0.007363,1.0305,4.5e-05,0.005006,1
methotrexate,"arthritis, experimental",1.0,0.00655,1.0246,7e-06,0.005003,1
methotrexate,precursor cell lymphoblastic leukemia-lymphoma,1.0,0.010023,1.0548,0.000172,0.00502,1
methotrexate,burkitt lymphoma,1.0,0.008846,1.0462,0.000112,0.005015,1
methotrexate,myelodysplastic syndromes,1.0,0.010729,1.0557,0.000217,0.005018,1
methotrexate,lymphoma,1.0,0.012831,1.0814,0.000374,0.005027,1
methotrexate,leukemia,1.0,0.010966,1.0631,0.000254,0.005021,1
methotrexate,carcinoma,1.0,0.009535,1.0581,0.000239,0.005013,1
methotrexate,"anemia, sickle cell",1.0,0.008545,1.0422,0.000127,0.005011,1
methotrexate,mediastinal neoplasms,1.0,0.00846,1.0413,9e-05,0.005013,1
methotrexate,"arthritis, juvenile",1.0,0.008879,1.0335,9e-05,0.005009,1
methotrexate,"leukemia, myelomonocytic, chronic",1.0,0.007356,1.032,4.5e-05,0.005007,1
methotrexate,autoimmune diseases,1.0,0.008726,1.0456,0.000134,0.005012,1
methotrexate,arthritis,1.0,0.01052,1.0546,0.000261,0.005014,1
methotrexate,urinary bladder neoplasms,1.0,0.008096,1.0338,8.2e-05,0.005007,1
etidronic acid,maple syrup urine disease,1.0,0.456929,1.0004,0.0,0.005,1
docetaxel,esophageal neoplasms,1.0,0.009925,1.0314,8.6e-05,0.005012,1
docetaxel,lung neoplasms,1.0,0.011933,1.0464,0.000171,0.005018,1
docetaxel,prostatic neoplasms,1.0,0.012279,1.046,0.000193,0.005013,1
docetaxel,sarcoma,1.0,0.010285,1.0371,0.000121,0.005012,1
docetaxel,neutropenia,1.0,0.007957,1.0242,3.6e-05,0.005005,1
docetaxel,triple negative breast neoplasms,1.0,0.010555,1.0366,0.000121,0.005015,1
docetaxel,small cell lung carcinoma,1.0,0.009273,1.0266,6.4e-05,0.005006,1
docetaxel,endometrial neoplasms,1.0,0.009145,1.028,6.4e-05,0.005008,1
docetaxel,carcinoma,1.0,0.014027,1.0522,0.000228,0.00502,1
docetaxel,ovarian neoplasms,1.0,0.010451,1.0357,0.0001,0.005011,1
docetaxel,"carcinoma, non-small-cell lung",1.0,0.012223,1.0387,0.000143,0.005016,1
docetaxel,squamous cell carcinoma of head and neck,1.0,0.010585,1.0254,7.8e-05,0.005009,1
docetaxel,"carcinoma, adenoid cystic",1.0,0.007284,1.0186,7e-06,0.005003,1
docetaxel,pharyngeal neoplasms,1.0,0.007702,1.0197,1.4e-05,0.005004,1
docetaxel,nasopharyngeal carcinoma,1.0,0.008537,1.0224,3.6e-05,0.005007,1
docetaxel,salivary gland neoplasms,1.0,0.007284,1.0186,7e-06,0.005003,1
docetaxel,uterine cervical neoplasms,1.0,0.009291,1.0265,5.7e-05,0.005009,1
docetaxel,stomach neoplasms,1.0,0.009836,1.0293,8.6e-05,0.005009,1
docetaxel,pancreatic neoplasms,1.0,0.010485,1.0382,0.000114,0.005012,1
docetaxel,laryngeal neoplasms,1.0,0.008435,1.0199,2.1e-05,0.005004,1
docetaxel,breast neoplasms,1.0,0.014583,1.0812,0.000406,0.005023,1
abiraterone acetate,prostatic neoplasms,1.0,0.163965,1.0289,9e-06,0.005003,1
omeprazole,osteoarthritis,1.0,0.029862,1.0265,5.3e-05,0.005005,1
omeprazole,coronary artery disease,1.0,0.029739,1.0252,4.1e-05,0.005003,1
omeprazole,helicobacter infections,1.0,0.030358,1.0057,8e-06,0.005001,1
omeprazole,gastrinoma,1.0,0.029045,1.005,4e-06,0.005001,1
omeprazole,arthritis,1.0,0.03081,1.0349,7.1e-05,0.005006,1
omeprazole,zollinger-ellison syndrome,1.0,0.029672,1.0075,8e-06,0.005001,1
valganciclovir,lymphoma,1.0,0.053357,1.0627,5.1e-05,0.005009,1
valganciclovir,cytomegalovirus infections,1.0,0.055898,1.011,9e-06,0.005002,1
valganciclovir,hiv infections,1.0,0.068649,1.1264,0.000122,0.005018,1
disulfiram,fatigue,1.0,0.15682,1.0056,2e-06,0.005001,1
levalbuterol,shock,1.0,0.031272,1.0067,3e-06,0.005001,1
levalbuterol,sepsis,1.0,0.040489,1.0088,1e-05,0.005002,1
levalbuterol,"diabetes mellitus, type 2",1.0,0.038626,1.0777,0.000121,0.00501,1
levalbuterol,asthma,1.0,0.047047,1.0555,8.7e-05,0.00501,1
levalbuterol,"pulmonary disease, chronic obstructive",1.0,0.041639,1.0232,4.1e-05,0.005006,1
interferon lambda,hepatitis d,1.0,0.082609,1.003,2e-06,0.005001,1
interferon lambda,liver diseases,1.0,0.085462,1.0075,3e-06,0.005001,1
omalizumab,"dermatitis, atopic",1.0,0.031343,1.0076,1.2e-05,0.005001,1
omalizumab,"rhinitis, allergic",1.0,0.041444,1.0081,1.7e-05,0.005002,1
omalizumab,chronic urticaria,1.0,0.036716,1.0061,1e-05,0.005001,1
omalizumab,food hypersensitivity,1.0,0.027944,1.0044,2e-06,0.005001,1
omalizumab,peanut hypersensitivity,1.0,0.027944,1.0044,2e-06,0.005001,1
omalizumab,asthma,1.0,0.043322,1.0538,0.000121,0.005008,1
omalizumab,hypersensitivity,1.0,0.032327,1.0046,5e-06,0.005001,1
trabectedin,sarcoma,1.0,0.141899,1.0199,6e-06,0.005002,1
guanfacine,alzheimer disease,1.0,0.169679,1.1302,3.9e-05,0.005014,1
solifenacin succinate,urinary bladder diseases,1.0,0.045655,1.008,2e-06,0.005001,1
solifenacin succinate,urologic diseases,1.0,0.045655,1.008,2e-06,0.005001,1
solifenacin succinate,"urinary bladder, overactive",1.0,0.05873,1.0108,6e-06,0.005001,1
solifenacin succinate,"urinary incontinence, urge",1.0,0.045655,1.008,2e-06,0.005001,1
solifenacin succinate,alzheimer disease,1.0,0.061129,1.1345,0.000232,0.005015,1
solifenacin succinate,urological manifestations,1.0,0.045655,1.008,2e-06,0.005001,1
ondansetron,vomiting,1.0,0.046158,1.0164,2.4e-05,0.005006,1
ondansetron,synesthesia,1.0,0.045878,1.0221,3.9e-05,0.005006,1
ondansetron,pancreatic neoplasms,1.0,0.039165,1.0231,2.2e-05,0.005003,1
ondansetron,postoperative nausea and vomiting,1.0,0.045697,1.015,2.3e-05,0.005005,1
"albuterol, ipratropium drug combination","pulmonary disease, chronic obstructive",1.0,0.089136,1.0187,1.6e-05,0.005004,1
"albuterol, ipratropium drug combination",lung diseases,1.0,0.081529,1.0124,1.1e-05,0.005003,1
lubiprostone,rhinitis,1.0,0.06443,1.0061,7e-06,0.005002,1
lubiprostone,asthma,1.0,0.075248,1.0517,5.2e-05,0.005007,1
lubiprostone,hypersensitivity,1.0,0.056225,1.0027,2e-06,0.005001,1
maprotiline,psychophysiologic disorders,1.0,0.114008,1.0651,6e-05,0.005022,1
maprotiline,dementia,1.0,0.117642,1.0873,6.9e-05,0.005024,1
c-peptide,"diabetes mellitus, type 1",1.0,0.147425,1.0305,1e-05,0.005004,1
clavulanic acid,wound infection,1.0,0.082969,1.0015,4e-06,0.005002,1
clavulanic acid,abscess,1.0,0.082969,1.0015,4e-06,0.005002,1
clavulanic acid,diabetic foot,1.0,0.082969,1.0015,4e-06,0.005002,1
clavulanic acid,ulcer,1.0,0.089406,1.0033,7e-06,0.005002,1
clonidine,"osteoarthritis, knee",1.0,0.013899,1.0281,6.2e-05,0.005007,1
clonidine,parkinson disease,1.0,0.015069,1.0277,7.5e-05,0.005004,1
clonidine,osteoarthritis,1.0,0.0149,1.0376,0.000115,0.00501,1
clonidine,pain,1.0,0.017216,1.048,0.000163,0.005013,1
clonidine,obesity,1.0,0.021683,1.1385,0.000468,0.005026,1
clonidine,hypertension,1.0,0.02327,1.1152,0.000437,0.005023,1
clonidine,prehypertension,1.0,0.012753,1.0218,3.5e-05,0.005004,1
clonidine,proteinuria,1.0,0.013355,1.0198,3.1e-05,0.005004,1
clonidine,fecal incontinence,1.0,0.013372,1.0167,1.3e-05,0.005002,1
clonidine,synesthesia,1.0,0.016705,1.0345,0.000128,0.005011,1
clonidine,frailty,1.0,0.01112,1.0201,1.3e-05,0.005003,1
clonidine,pre-eclampsia,1.0,0.016484,1.0341,9.3e-05,0.005008,1
clonidine,delirium,1.0,0.012686,1.0259,5.3e-05,0.005005,1
pioglitazone,glucose intolerance,1.0,0.009245,1.0512,0.000107,0.00501,1
pioglitazone,hiv-associated lipodystrophy syndrome,1.0,0.009218,1.0466,0.000107,0.005009,1
pioglitazone,diabetes mellitus,1.0,0.014323,1.1181,0.000513,0.00503,1
pioglitazone,metabolic syndrome,1.0,0.010421,1.0709,0.000228,0.00502,1
pioglitazone,digestive system diseases,1.0,0.006806,1.0359,7e-06,0.005003,1
pioglitazone,prediabetic state,1.0,0.009452,1.0482,7.8e-05,0.005009,1
pioglitazone,insulin resistance,1.0,0.009617,1.0571,0.000157,0.005014,1
pioglitazone,glucose metabolism disorders,1.0,0.00795,1.0434,5e-05,0.005006,1
pioglitazone,obesity,1.0,0.017497,1.16,0.000756,0.00504,1
pioglitazone,hepatitis,1.0,0.009156,1.0378,2.9e-05,0.005003,1
pioglitazone,hypertension,1.0,0.015428,1.1362,0.000706,0.005034,1
pioglitazone,liver diseases,1.0,0.008281,1.0413,3.6e-05,0.005005,1
pioglitazone,non-alcoholic fatty liver disease,1.0,0.009841,1.0486,0.0001,0.005009,1
pioglitazone,fatty liver,1.0,0.008264,1.0422,5e-05,0.005007,1
pioglitazone,"diabetes mellitus, type 2",1.0,0.015622,1.1083,0.000506,0.005033,1
pioglitazone,asthma,1.0,0.011012,1.0855,0.000364,0.005016,1
pioglitazone,hepatitis c,1.0,0.00911,1.0439,0.0001,0.005007,1
pioglitazone,coronavirus infections,1.0,0.007588,1.0399,4.3e-05,0.005004,1
pioglitazone,alzheimer disease,1.0,0.016192,1.1645,0.000813,0.005036,1
pioglitazone,hiv infections,1.0,0.016842,1.1583,0.000856,0.005029,1
pioglitazone,"heart failure, diastolic",1.0,0.007843,1.0396,3.6e-05,0.005004,1
cyclosporine,keratoconjunctivitis sicca,1.0,0.007305,1.0285,2.2e-05,0.005004,1
cyclosporine,"arthritis, rheumatoid",1.0,0.01275,1.1076,0.000568,0.005021,1
cyclosporine,graft vs host disease,1.0,0.008387,1.0407,9e-05,0.00501,1
cyclosporine,immunologic deficiency syndromes,1.0,0.008527,1.0313,4.5e-05,0.005008,1
cyclosporine,takotsubo cardiomyopathy,1.0,0.006632,1.0265,7e-06,0.005003,1
cyclosporine,"dermatitis, atopic",1.0,0.007847,1.0289,3.7e-05,0.005004,1
cyclosporine,myelodysplastic syndromes,1.0,0.012124,1.0575,0.000217,0.00502,1
cyclosporine,"leukemia, myeloid, acute",1.0,0.011452,1.0561,0.000187,0.005017,1
cyclosporine,"histiocytosis, langerhans-cell",1.0,0.009215,1.0368,8.2e-05,0.005011,1
cyclosporine,lymphoma,1.0,0.013381,1.0833,0.000374,0.005026,1
cyclosporine,chediak-higashi syndrome,1.0,0.008527,1.0313,4.5e-05,0.005008,1
cyclosporine,leukemia,1.0,0.012531,1.065,0.000254,0.005023,1
cyclosporine,"anemia, refractory",1.0,0.008024,1.0306,3.7e-05,0.005008,1
cyclosporine,"lymphohistiocytosis, hemophagocytic",1.0,0.008527,1.0313,4.5e-05,0.005008,1
cyclosporine,"leukemia, myelomonocytic, chronic",1.0,0.007893,1.0338,4.5e-05,0.005008,1
cyclosporine,sjogren's syndrome,1.0,0.008814,1.039,9.7e-05,0.005008,1
cyclosporine,infections,1.0,0.008567,1.0374,0.000134,0.005007,1
cyclosporine,glaucoma,1.0,0.00944,1.0388,0.000164,0.005006,1
cyclosporine,lymphoproliferative disorders,1.0,0.009248,1.0373,7.5e-05,0.005012,1
cyclosporine,"anemia, refractory, with excess of blasts",1.0,0.008024,1.0306,3.7e-05,0.005008,1
cyclosporine,hiv infections,1.0,0.015467,1.1482,0.000897,0.005028,1
cyclosporine,breast neoplasms,1.0,0.01048,1.0892,0.000426,0.005015,1
vorinostat,gliosarcoma,1.0,0.041303,1.0175,2.3e-05,0.005005,1
vorinostat,astrocytoma,1.0,0.040409,1.0145,1.8e-05,0.005004,1
vorinostat,carcinoma,1.0,0.041879,1.0371,4.3e-05,0.005006,1
vorinostat,diffuse intrinsic pontine glioma,1.0,0.03822,1.009,1e-05,0.005003,1
flurazepam,psychophysiologic disorders,1.0,0.114008,1.0651,6e-05,0.005022,1
flurazepam,dementia,1.0,0.117642,1.0873,6.9e-05,0.005024,1
gliclazide,non-alcoholic fatty liver disease,1.0,0.080079,1.0173,1e-05,0.005003,1
gliclazide,"diabetes mellitus, type 2",1.0,0.088464,1.0752,4.8e-05,0.00501,1
"serum albumin, human",sepsis,1.0,0.17455,1.0033,2e-06,0.005001,1
nebivolol,ischemia,1.0,0.042804,1.0065,4e-06,0.005001,1
nebivolol,stroke,1.0,0.052291,1.0321,3.8e-05,0.005005,1
nebivolol,hypertension,1.0,0.054282,1.1041,0.000134,0.005014,1
nebivolol,prehypertension,1.0,0.040367,1.0116,1.1e-05,0.005002,1
glucose,obesity,1.0,0.036149,1.1316,0.000216,0.00502,1
glucose,multiple sclerosis,1.0,0.027429,1.0176,2.4e-05,0.005002,1
glucose,synesthesia,1.0,0.029408,1.0282,5.9e-05,0.005006,1
glucose,rectal diseases,1.0,0.025205,1.0191,2.2e-05,0.005002,1
glucose,tobacco use disorder,1.0,0.028612,1.0137,1.4e-05,0.005002,1
glucose,"diabetes mellitus, type 2",1.0,0.03184,1.0812,0.000145,0.005014,1
vincristine,"lymphoma, non-hodgkin",1.0,0.009255,1.0516,0.000171,0.005021,1
vincristine,"lymphoma, follicular",1.0,0.007738,1.0384,9e-05,0.005012,1
vincristine,"lymphoma, b-cell",1.0,0.007303,1.0376,7.3e-05,0.005012,1
vincristine,medulloblastoma,1.0,0.007174,1.0344,6.5e-05,0.005011,1
vincristine,"lymphoma, large-cell, immunoblastic",1.0,0.008197,1.0408,9.8e-05,0.005016,1
vincristine,gliosarcoma,1.0,0.009414,1.0375,0.000139,0.005013,1
vincristine,teratoma,1.0,0.006925,1.0305,4.9e-05,0.005008,1
vincristine,optic nerve glioma,1.0,0.007389,1.0285,4.9e-05,0.005008,1
vincristine,precursor cell lymphoblastic leukemia-lymphoma,1.0,0.009723,1.0543,0.000187,0.005022,1
vincristine,glioma,1.0,0.008489,1.0363,0.000122,0.005011,1
vincristine,rhabdomyosarcoma,1.0,0.009061,1.038,0.000106,0.005014,1
vincristine,burkitt lymphoma,1.0,0.008589,1.0457,0.000122,0.005018,1
vincristine,sarcoma,1.0,0.008919,1.0424,0.000139,0.005016,1
vincristine,"lymphoma, large-cell, anaplastic",1.0,0.006663,1.0314,4.1e-05,0.005009,1
vincristine,"histiocytosis, langerhans-cell",1.0,0.007213,1.0345,9e-05,0.005008,1
vincristine,lymphoma,1.0,0.013232,1.0808,0.000408,0.00503,1
vincristine,astrocytoma,1.0,0.008878,1.0345,0.000106,0.005012,1
vincristine,leukemia,1.0,0.010416,1.0626,0.000277,0.005023,1
vincristine,kidney neoplasms,1.0,0.00767,1.0425,0.000106,0.005012,1
vincristine,mediastinal neoplasms,1.0,0.008197,1.0408,9.8e-05,0.005016,1
vincristine,"lymphoma, large b-cell, diffuse",1.0,0.007919,1.0384,8.2e-05,0.005015,1
vincristine,diffuse intrinsic pontine glioma,1.0,0.00784,1.0289,5.7e-05,0.005008,1
vincristine,precancerous conditions,1.0,0.007562,1.0367,8.2e-05,0.005011,1
vincristine,glioblastoma,1.0,0.009571,1.0436,0.000179,0.005014,1
nitroglycerin,pulmonary edema,1.0,0.042995,1.0054,1e-06,0.005001,1
nitroglycerin,hypertension,1.0,0.056823,1.104,0.000134,0.005013,1
nitroglycerin,chest pain,1.0,0.045613,1.0064,4e-06,0.005001,1
nitroglycerin,"anemia, sickle cell",1.0,0.047422,1.0233,2.3e-05,0.005003,1
acetazolamide,diabetic retinopathy,1.0,0.016926,1.0121,1.5e-05,0.005003,1
acetazolamide,landau-kleffner syndrome,1.0,0.015961,1.0088,7e-06,0.005002,1
acetazolamide,macular degeneration,1.0,0.016768,1.0097,1.1e-05,0.005002,1
acetazolamide,macular edema,1.0,0.018468,1.0129,2.2e-05,0.005003,1
acetazolamide,"sleep apnea, obstructive",1.0,0.01842,1.0148,3.7e-05,0.005003,1
acetazolamide,hypertension,1.0,0.024798,1.1071,0.00037,0.005015,1
acetazolamide,status epilepticus,1.0,0.017634,1.0152,3.7e-05,0.005003,1
acetazolamide,pseudotumor cerebri,1.0,0.014741,1.0083,4e-06,0.005001,1
acetazolamide,glaucoma,1.0,0.026271,1.0211,8.2e-05,0.005005,1
acetazolamide,altitude sickness,1.0,0.016889,1.0091,1.1e-05,0.005002,1
acetazolamide,"hypertension, pulmonary",1.0,0.01822,1.0148,4.1e-05,0.005003,1
oxandrolone,hiv wasting syndrome,1.0,0.21146,1.0015,1e-06,0.005,1
dexmedetomidine,glucose intolerance,1.0,0.007868,1.0391,0.000127,0.005009,1
dexmedetomidine,sleep initiation and maintenance disorders,1.0,0.006958,1.0297,8.5e-05,0.005006,1
dexmedetomidine,pain,1.0,0.01083,1.0555,0.000314,0.005017,1
dexmedetomidine,inflammation,1.0,0.006847,1.0347,0.000102,0.005007,1
dexmedetomidine,abdominal neoplasms,1.0,0.007832,1.0258,4.2e-05,0.005007,1
dexmedetomidine,insulin resistance,1.0,0.008108,1.045,0.000187,0.005011,1
dexmedetomidine,headache,1.0,0.00845,1.0302,7.6e-05,0.005009,1
dexmedetomidine,obesity,1.0,0.014967,1.1466,0.0009,0.00503,1
dexmedetomidine,neoplasms,1.0,0.009996,1.0591,0.000297,0.005015,1
dexmedetomidine,vomiting,1.0,0.010179,1.0361,0.000153,0.005012,1
dexmedetomidine,hypoxia,1.0,0.006575,1.024,2.5e-05,0.005003,1
dexmedetomidine,synesthesia,1.0,0.010782,1.0419,0.000246,0.005014,1
dexmedetomidine,frailty,1.0,0.006074,1.0274,2.5e-05,0.005004,1
dexmedetomidine,brain neoplasms,1.0,0.006725,1.0335,0.000102,0.005006,1
dexmedetomidine,neurofibromatoses,1.0,0.007832,1.0258,4.2e-05,0.005007,1
dexmedetomidine,hydrocephalus,1.0,0.008119,1.0264,5.1e-05,0.005008,1
dexmedetomidine,brain diseases,1.0,0.006965,1.03,6.8e-05,0.005006,1
dexmedetomidine,glaucoma,1.0,0.009307,1.0359,0.000187,0.005008,1
dexmedetomidine,delirium,1.0,0.007358,1.0332,0.000102,0.005008,1
dexmedetomidine,epilepsy,1.0,0.013015,1.0849,0.00056,0.005021,1
dexmedetomidine,central nervous system diseases,1.0,0.005886,1.0256,1.7e-05,0.005004,1
dexmedetomidine,cleft palate,1.0,0.006184,1.0256,2.5e-05,0.005004,1
dexmedetomidine,"hypertension, pulmonary",1.0,0.007322,1.0295,9.3e-05,0.005005,1
dexmedetomidine,postoperative nausea and vomiting,1.0,0.010055,1.0347,0.000144,0.005012,1
dexmedetomidine,opioid-related disorders,1.0,0.007445,1.0288,8.5e-05,0.005006,1
fluorescein-5-isothiocyanate,sexually transmitted diseases,1.0,0.032599,1.0077,8e-06,0.005001,1
fluorescein-5-isothiocyanate,"hepatitis b, chronic",1.0,0.036662,1.0109,1.7e-05,0.005004,1
fluorescein-5-isothiocyanate,hepatitis b,1.0,0.033705,1.0095,1.4e-05,0.005003,1
fluorescein-5-isothiocyanate,acquired immunodeficiency syndrome,1.0,0.036046,1.0205,3.9e-05,0.005006,1
fluorescein-5-isothiocyanate,hiv infections,1.0,0.053716,1.1254,0.000204,0.005019,1
tretinoin,anti-neutrophil cytoplasmic antibody-associated vasculitis,1.0,0.075436,1.0048,3e-06,0.005001,1
tretinoin,neuroblastoma,1.0,0.080689,1.011,7e-06,0.005001,1
