Drug,Disease,DegreeCentrality,EigenvectorCentrality,BetweennessCentrality,ClusteringCoefficient,RandomWalkCentrality,PhaseSuccess
interferon beta-1a,alzheimer disease,0.0909090909090909,0.0392703384800921,0.0,1.0,0.0025298661858938,0
dexamethasone,alzheimer disease,0.1590909090909091,0.0652531387586349,0.0464260603554097,0.3892339544513457,0.00674613978314,1
dexamethasone,dementia,0.1590909090909091,0.0652531387586349,0.0464260603554097,0.3892339544513457,0.00674613978314,1
dexamethasone,brain diseases,0.1590909090909091,0.0652531387586349,0.0464260603554097,0.3892339544513457,0.00674613978314,1
dexamethasone,central nervous system diseases,0.1590909090909091,0.0652531387586349,0.0464260603554097,0.3892339544513457,0.00674613978314,1
dexamethasone,nervous system diseases,0.1590909090909091,0.0652531387586349,0.0464260603554097,0.3892339544513457,0.00674613978314,1
dexamethasone,neurodegenerative diseases,0.1590909090909091,0.0652531387586349,0.0464260603554097,0.3892339544513457,0.00674613978314,1
dexamethasone,rectal diseases,0.1590909090909091,0.0652531387586349,0.0464260603554097,0.3892339544513457,0.00674613978314,1
donepezil,communication disorders,0.1045454545454545,0.040866746404877,0.0024700270274597,0.7980676328502415,0.0033495243470343,1
trazodone,sleep wake disorders,0.0954545454545454,0.0395716517076334,0.0014575278666258,0.908246225319396,0.0027589719606372,1
trazodone,sleep initiation and maintenance disorders,0.0954545454545454,0.0395716517076334,0.0014575278666258,0.908246225319396,0.0027589719606372,1
trazodone,alzheimer disease,0.0954545454545454,0.0395716517076334,0.0014575278666258,0.908246225319396,0.0027589719606372,1
galantamine,dementia,0.1022727272727272,0.0406884558591436,0.0011346439074096,0.8323232323232324,0.003212242625885,1
nimodipine,dementia,0.0886363636363636,0.0209861211208552,0.0046213323582611,0.6248313090418354,0.00273406855325,1
triethylenephosphoramide,alzheimer disease,0.0909090909090909,0.0392703384800921,0.0,1.0,0.0025298661858938,0
rivastigmine,alzheimer disease,0.0931818181818181,0.0394486290258255,0.0008684657480378,0.9536585365853658,0.0026670390691833,1
escitalopram,alzheimer disease,0.1636363636363636,0.0501473540397052,0.014056565613507,0.4741784037558685,0.0050948004524528,1
dasatinib,alzheimer disease,0.0909090909090909,0.0392703384800921,0.0,1.0,0.0025298661858938,0
quercetin,alzheimer disease,0.0909090909090909,0.0392703384800921,0.0,1.0,0.0025298661858938,0
bumetanide,alzheimer disease,0.0909090909090909,0.0392703384800921,0.0,1.0,0.0025298661858938,0
valacyclovir,alzheimer disease,0.1113636363636363,0.043294166170163,0.0081486838347109,0.6964285714285714,0.0034080074486297,0
valacyclovir,herpes simplex,0.1113636363636363,0.043294166170163,0.0081486838347109,0.6964285714285714,0.0034080074486297,0
valacyclovir,herpes simplex,0.1113636363636363,0.043294166170163,0.0081486838347109,0.6964285714285714,0.0034080074486297,0
donepezil,alzheimer disease,0.1045454545454545,0.040866746404877,0.0024700270274597,0.7980676328502415,0.0033495243470343,1
alpha-tocopherol,alzheimer disease,0.0909090909090909,0.0392703384800921,0.0,1.0,0.0025298661858938,1
memantine,alzheimer disease,0.0977272727272727,0.0399130362441756,0.018804539443947,0.867109634551495,0.003075982834992,1
alpha-tocopherol,alzheimer disease,0.0909090909090909,0.0392703384800921,0.0,1.0,0.0025298661858938,1
memantine,alzheimer disease,0.0977272727272727,0.0399130362441756,0.018804539443947,0.867109634551495,0.003075982834992,1
donepezil,alzheimer disease,0.1045454545454545,0.040866746404877,0.0024700270274597,0.7980676328502415,0.0033495243470343,0
tryptophan,alzheimer disease,0.0909090909090909,0.0392703384800921,0.0,1.0,0.0025298661858938,1
rivastigmine,alzheimer disease,0.0931818181818181,0.0394486290258255,0.0008684657480378,0.9536585365853658,0.0026670390691833,1
rivastigmine,communication disorders,0.0931818181818181,0.0394486290258255,0.0008684657480378,0.9536585365853658,0.0026670390691833,1
galantamine,alzheimer disease,0.1022727272727272,0.0406884558591436,0.0011346439074096,0.8323232323232324,0.003212242625885,1
salmine,alzheimer disease,0.1931818181818181,0.0495352769344616,0.0490214587846664,0.3535014005602241,0.0057580326903994,0
glycerylphosphorylcholine,stroke,0.0022727272727272,0.0001816737894672,0.0,0.0,0.0004410368087925,1
aspirin,communication disorders,0.075,0.0095740365765078,0.0134074955592477,0.5681818181818182,0.0036418383814519,0
aspirin,stroke,0.075,0.0095740365765078,0.0134074955592477,0.5681818181818182,0.0036418383814519,0
"analgesics, opioid",pain,0.0318181818181818,0.0068767420862376,0.0,1.0,0.0013742832219207,0
guanfacine,alzheimer disease,0.0909090909090909,0.0392703384800921,0.0,1.0,0.0025298661858938,1
medroxyprogesterone,alzheimer disease,0.0909090909090909,0.0392703384800921,0.0,1.0,0.0025298661858938,1
lithium,alzheimer disease,0.0931818181818181,0.0395554308453559,0.0008111740739283,0.951219512195122,0.0025924219927093,0
lithium,folliculitis,0.0931818181818181,0.0395554308453559,0.0008111740739283,0.951219512195122,0.0025924219927093,0
acetaminophen,pain,0.1181818181818181,0.0269549455953716,0.01050774284028,0.4374057315233786,0.0040452823533584,1
buprenorphine,pain,0.0568181818181818,0.0134925671722328,0.0046203273415136,0.5433333333333333,0.0022414754009237,1
acetaminophen,dementia,0.1181818181818181,0.0269549455953716,0.01050774284028,0.4374057315233786,0.0040452823533584,1
buprenorphine,dementia,0.0568181818181818,0.0134925671722328,0.0046203273415136,0.5433333333333333,0.0022414754009237,1
naloxone,alzheimer disease,0.1272727272727272,0.0470309847511955,0.0099573787412827,0.5844155844155844,0.0039163931677379,1
nicorandil,dementia,0.0249999999999999,0.0073591165729694,0.0,1.0,0.0010146396305985,0
donepezil,alzheimer disease,0.1045454545454545,0.040866746404877,0.0024700270274597,0.7980676328502415,0.0033495243470343,1
niacinamide,alzheimer disease,0.0977272727272727,0.0393136626663929,0.0126734313522468,0.867109634551495,0.0033484996365146,0
memantine,neuromyelitis optica,0.0977272727272727,0.0399130362441756,0.018804539443947,0.867109634551495,0.003075982834992,1
memantine,alzheimer disease,0.0977272727272727,0.0399130362441756,0.018804539443947,0.867109634551495,0.003075982834992,1
aspirin,diabetes mellitus,0.075,0.0095740365765078,0.0134074955592477,0.5681818181818182,0.0036418383814519,1
ritonavir,alzheimer disease,0.2181818181818181,0.1583843768493212,0.0209640644969209,0.4629385964912281,0.0064483011749309,0
donepezil,alzheimer disease,0.1045454545454545,0.040866746404877,0.0024700270274597,0.7980676328502415,0.0033495243470343,0
donepezil,alzheimer disease,0.1045454545454545,0.040866746404877,0.0024700270274597,0.7980676328502415,0.0033495243470343,1
folic acid,alzheimer disease,0.1704545454545454,0.0639169464990251,0.0125199449346153,0.518918918918919,0.0045605693331159,1
vitamin b 6,alzheimer disease,0.0909090909090909,0.0392703384800921,0.0,1.0,0.0025298661858938,1
vitamin b 12,alzheimer disease,0.0909090909090909,0.0392703384800921,0.0,1.0,0.0025298661858938,1
escitalopram,dementia,0.1636363636363636,0.0501473540397052,0.014056565613507,0.4741784037558685,0.0050948004524528,1
lovastatin,alzheimer disease,0.0909090909090909,0.0392703384800921,0.0,1.0,0.0025298661858938,1
ibuprofen,alzheimer disease,0.1204545454545454,0.046945589664641,0.0071827640713776,0.6262699564586357,0.0034443587344088,1
citalopram,dementia,0.0249999999999999,0.0073591165729694,0.0,1.0,0.0010146396305985,0
risperidone,dementia,0.1022727272727272,0.0406884558591436,0.0011346439074096,0.8323232323232324,0.003212242625885,0
probucol,alzheimer disease,0.0909090909090909,0.0392703384800921,0.0,1.0,0.0025298661858938,0
risperidone,dementia,0.1022727272727272,0.0406884558591436,0.0011346439074096,0.8323232323232324,0.003212242625885,1
risperidone,alzheimer disease,0.1022727272727272,0.0406884558591436,0.0011346439074096,0.8323232323232324,0.003212242625885,1
risperidone,"dementia, vascular",0.1022727272727272,0.0406884558591436,0.0011346439074096,0.8323232323232324,0.003212242625885,1
doxycycline,alzheimer disease,0.0909090909090909,0.0392703384800921,0.0,1.0,0.0025298661858938,1
rifampin,alzheimer disease,0.2045454545454545,0.1567908651507052,0.0104489328960396,0.5215980024968789,0.0055812060612407,1
thioctic acid,alzheimer disease,0.0909090909090909,0.0392703384800921,0.0,1.0,0.0025298661858938,0
methylprednisolone,frontotemporal dementia,0.1204545454545454,0.030863407527866,0.014168409146348,0.5595065312046444,0.0040245999684449,0
rivastigmine,alzheimer disease,0.0931818181818181,0.0394486290258255,0.0008684657480378,0.9536585365853658,0.0026670390691833,1
acetylcarnitine,alzheimer disease,0.0909090909090909,0.0392703384800921,0.0,1.0,0.0025298661858938,1
sorbitol,alzheimer disease,0.0977272727272727,0.0397090287010622,0.0040472574286829,0.8682170542635659,0.0028901423778126,0
sorbitol,parkinson disease,0.0977272727272727,0.0397090287010622,0.0040472574286829,0.8682170542635659,0.0028901423778126,0
donepezil,alzheimer disease,0.1045454545454545,0.040866746404877,0.0024700270274597,0.7980676328502415,0.0033495243470343,1
donepezil,dementia,0.1045454545454545,0.040866746404877,0.0024700270274597,0.7980676328502415,0.0033495243470343,1
methylene blue,alzheimer disease,0.0909090909090909,0.0392703384800921,0.0,1.0,0.0025298661858938,0
indigo carmine,alzheimer disease,0.0909090909090909,0.0392703384800921,0.0,1.0,0.0025298661858938,0
phenazopyridine,alzheimer disease,0.0909090909090909,0.0392703384800921,0.0,1.0,0.0025298661858938,0
donepezil,alzheimer disease,0.1045454545454545,0.040866746404877,0.0024700270274597,0.7980676328502415,0.0033495243470343,0
donepezil,alzheimer disease,0.1045454545454545,0.040866746404877,0.0024700270274597,0.7980676328502415,0.0033495243470343,0
rosiglitazone,alzheimer disease,0.3204545454545454,0.1692608476552259,0.1140955847402656,0.2822695035460993,0.0088995891468643,0
memantine,alzheimer disease,0.0977272727272727,0.0399130362441756,0.018804539443947,0.867109634551495,0.003075982834992,1
galantamine,dementia,0.1022727272727272,0.0406884558591436,0.0011346439074096,0.8323232323232324,0.003212242625885,1
galantamine,alzheimer disease,0.1022727272727272,0.0406884558591436,0.0011346439074096,0.8323232323232324,0.003212242625885,1
vortioxetine,frontotemporal dementia,0.0454545454545454,0.0028903100881223,0.0046022900494143,0.8105263157894737,0.0019107350643093,0
vortioxetine,frontotemporal dementia,0.0454545454545454,0.0028903100881223,0.0046022900494143,0.8105263157894737,0.0019107350643093,0
vortioxetine,frontotemporal lobar degeneration,0.0454545454545454,0.0028903100881223,0.0046022900494143,0.8105263157894737,0.0019107350643093,0
vortioxetine,frontotemporal dementia,0.0454545454545454,0.0028903100881223,0.0046022900494143,0.8105263157894737,0.0019107350643093,0
vortioxetine,frontotemporal dementia,0.0454545454545454,0.0028903100881223,0.0046022900494143,0.8105263157894737,0.0019107350643093,0
vortioxetine,frontotemporal dementia,0.0454545454545454,0.0028903100881223,0.0046022900494143,0.8105263157894737,0.0019107350643093,0
methylphenidate,alzheimer disease,0.1022727272727272,0.0406884558591436,0.0011346439074096,0.8323232323232324,0.003212242625885,1
methylphenidate,dementia,0.1022727272727272,0.0406884558591436,0.0011346439074096,0.8323232323232324,0.003212242625885,1
memantine,frontotemporal dementia,0.0977272727272727,0.0399130362441756,0.018804539443947,0.867109634551495,0.003075982834992,1
memantine,frontotemporal dementia,0.0977272727272727,0.0399130362441756,0.018804539443947,0.867109634551495,0.003075982834992,1
memantine,frontotemporal dementia,0.0977272727272727,0.0399130362441756,0.018804539443947,0.867109634551495,0.003075982834992,1
galantamine,dementia,0.1022727272727272,0.0406884558591436,0.0011346439074096,0.8323232323232324,0.003212242625885,1
galantamine,alzheimer disease,0.1022727272727272,0.0406884558591436,0.0011346439074096,0.8323232323232324,0.003212242625885,1
atorvastatin,alzheimer disease,0.2272727272727272,0.070943725580264,0.0345996528567034,0.3676767676767676,0.0064765220567699,0
cholinesterase inhibitors,alzheimer disease,0.1022727272727272,0.0406884558591436,0.0011346439074096,0.8323232323232324,0.003212242625885,1
cholinesterase inhibitors,dementia,0.1022727272727272,0.0406884558591436,0.0011346439074096,0.8323232323232324,0.003212242625885,1
naloxone,alzheimer disease,0.1272727272727272,0.0470309847511955,0.0099573787412827,0.5844155844155844,0.0039163931677379,1
naloxone,weight loss,0.1272727272727272,0.0470309847511955,0.0099573787412827,0.5844155844155844,0.0039163931677379,1
naloxone,pain,0.1272727272727272,0.0470309847511955,0.0099573787412827,0.5844155844155844,0.0039163931677379,1
budesonide,"colitis, collagenous",0.084090909090909,0.0157158144728431,0.0094291963240673,0.6306306306306306,0.0043967315763943,1
mesalamine,"colitis, collagenous",0.0022727272727272,0.0002982232289067,0.0,0.0,0.0004240977026029,1
fentanyl,"pulmonary disease, chronic obstructive",0.0522727272727272,0.0093560433063091,0.0031681107310372,0.5177865612648221,0.0019473577214519,1
mometasone furoate,asthma,0.0636363636363636,0.0147206779006596,0.0,1.0,0.0021015447939821,1
mometasone furoate,asthma,0.0636363636363636,0.0147206779006596,0.0,1.0,0.0021015447939821,1
salmeterol xinafoate,asthma,0.0727272727272727,0.0153378567969784,0.0011299888257763,0.8286290322580645,0.0034600793577923,1
fluticasone,asthma,0.0931818181818181,0.0192712928398759,0.0120890327832118,0.5329268292682927,0.0049064047294772,1
tiotropium bromide,lung diseases,0.0727272727272727,0.0153378567969784,0.0011299888257763,0.8286290322580645,0.003327219588905,1
tiotropium bromide,lung diseases,0.0727272727272727,0.0153378567969784,0.0011299888257763,0.8286290322580645,0.003327219588905,1
tiotropium bromide,lung diseases,0.0727272727272727,0.0153378567969784,0.0011299888257763,0.8286290322580645,0.003327219588905,1
beclomethasone,asthma,0.0727272727272727,0.0158359258838035,0.0009110751904111,0.8185483870967742,0.0027317632442586,1
formoterol fumarate,asthma,0.0727272727272727,0.0153378567969784,0.0011299888257763,0.8286290322580645,0.003327219588905,1
beclomethasone,asthma,0.0727272727272727,0.0158359258838035,0.0009110751904111,0.8185483870967742,0.0027317632442586,1
triamcinolone acetonide,"dermatitis, atopic",0.0045454545454545,0.0002868146878117,0.0,1.0,0.0007679667846142,1
hydrocortisone,"dermatitis, atopic",0.0045454545454545,0.0002868146878117,0.0,1.0,0.0007679667846142,1
mometasone furoate,asthma,0.0636363636363636,0.0147206779006596,0.0,1.0,0.0021015447939821,0
doxazosin,"rhinitis, allergic",0.0113636363636363,0.0012496871267064,0.0,1.0,0.000778487260254,1
azithromycin,asthma,0.0636363636363636,0.0147206779006596,0.0,1.0,0.0021648860445658,1
prednisolone,asthma,0.1954545454545454,0.0410112226145668,0.0584665116519279,0.3269493844049247,0.0069649229822454,1
azithromycin,respiratory sounds,0.0636363636363636,0.0147206779006596,0.0,1.0,0.0021648860445658,1
prednisolone,respiratory sounds,0.1954545454545454,0.0410112226145668,0.0584665116519279,0.3269493844049247,0.0069649229822454,1
nitric oxide,neuralgia,0.0022727272727272,2.9896461367760456e-05,0.0,0.0,0.0004667597081789,0
dexmedetomidine,pain,0.1022727272727272,0.0204772142328113,0.0075972564304542,0.5333333333333333,0.004795345026455,1
lidocaine,pain,0.034090909090909,0.0076404715063185,0.0019488970191844,0.8666666666666667,0.0014391666839239,1
epinephrine,pain,0.0454545454545454,0.008422944972202,0.0089681193833296,0.5473684210526316,0.0026211164917113,1
tiotropium bromide,lung diseases,0.0727272727272727,0.0153378567969784,0.0011299888257763,0.8286290322580645,0.003327219588905,1
fluticasone,"pulmonary disease, chronic obstructive",0.0931818181818181,0.0192712928398759,0.0120890327832118,0.5329268292682927,0.0049064047294772,0
formoterol fumarate,"pulmonary disease, chronic obstructive",0.0727272727272727,0.0153378567969784,0.0011299888257763,0.8286290322580645,0.003327219588905,0
fluticasone,"pulmonary disease, chronic obstructive",0.0931818181818181,0.0192712928398759,0.0120890327832118,0.5329268292682927,0.0049064047294772,0
formoterol fumarate,"pulmonary disease, chronic obstructive",0.0727272727272727,0.0153378567969784,0.0011299888257763,0.8286290322580645,0.003327219588905,0
fluticasone,"pulmonary disease, chronic obstructive",0.0931818181818181,0.0192712928398759,0.0120890327832118,0.5329268292682927,0.0049064047294772,0
formoterol fumarate,"pulmonary disease, chronic obstructive",0.0727272727272727,0.0153378567969784,0.0011299888257763,0.8286290322580645,0.003327219588905,0
fluticasone,"pulmonary disease, chronic obstructive",0.0931818181818181,0.0192712928398759,0.0120890327832118,0.5329268292682927,0.0049064047294772,0
formoterol fumarate,"pulmonary disease, chronic obstructive",0.0727272727272727,0.0153378567969784,0.0011299888257763,0.8286290322580645,0.003327219588905,0
fluticasone,"pulmonary disease, chronic obstructive",0.0931818181818181,0.0192712928398759,0.0120890327832118,0.5329268292682927,0.0049064047294772,0
formoterol fumarate,"pulmonary disease, chronic obstructive",0.0727272727272727,0.0153378567969784,0.0011299888257763,0.8286290322580645,0.003327219588905,0
fluticasone,"pulmonary disease, chronic obstructive",0.0931818181818181,0.0192712928398759,0.0120890327832118,0.5329268292682927,0.0049064047294772,0
salmeterol xinafoate,"pulmonary disease, chronic obstructive",0.0727272727272727,0.0153378567969784,0.0011299888257763,0.8286290322580645,0.0034600793577923,0
budesonide,"sleep apnea, obstructive",0.084090909090909,0.0157158144728431,0.0094291963240673,0.6306306306306306,0.0043967315763943,1
fluticasone,asthma,0.0931818181818181,0.0192712928398759,0.0120890327832118,0.5329268292682927,0.0049064047294772,1
tiotropium bromide,lung diseases,0.0727272727272727,0.0153378567969784,0.0011299888257763,0.8286290322580645,0.003327219588905,1
fluticasone,asthma,0.0931818181818181,0.0192712928398759,0.0120890327832118,0.5329268292682927,0.0049064047294772,0
cilostazol,cardiovascular diseases,0.0977272727272727,0.0287000445596706,0.0132493349509756,0.716500553709856,0.0035767891720623,1
prednisolone,"aspergillosis, allergic bronchopulmonary",0.1954545454545454,0.0410112226145668,0.0584665116519279,0.3269493844049247,0.0069649229822454,1
itraconazole,"aspergillosis, allergic bronchopulmonary",0.0022727272727272,0.0007782221191064,0.0,0.0,0.0004203539363935,1
loratadine,"rhinitis, allergic",0.0727272727272727,0.0147917642981479,0.0046907821517704,0.782258064516129,0.0030333423098815,1
budesonide,asthma,0.084090909090909,0.0157158144728431,0.0094291963240673,0.6306306306306306,0.0043967315763943,0
budesonide,asthma,0.084090909090909,0.0157158144728431,0.0094291963240673,0.6306306306306306,0.0043967315763943,0
budesonide,asthma,0.084090909090909,0.0157158144728431,0.0094291963240673,0.6306306306306306,0.0043967315763943,0
budesonide,asthma,0.084090909090909,0.0157158144728431,0.0094291963240673,0.6306306306306306,0.0043967315763943,0
escitalopram,asthma,0.1636363636363636,0.0501473540397052,0.014056565613507,0.4741784037558685,0.0050948004524528,0
tiotropium bromide,lung diseases,0.0727272727272727,0.0153378567969784,0.0011299888257763,0.8286290322580645,0.003327219588905,1
betamethasone valerate,paronychia,0.0,2.5494772664681652e-62,0.0,0.0,0.0003573555687909,1
fluticasone,asthma,0.0931818181818181,0.0192712928398759,0.0120890327832118,0.5329268292682927,0.0049064047294772,1
budesonide,bronchiolitis obliterans syndrome,0.084090909090909,0.0157158144728431,0.0094291963240673,0.6306306306306306,0.0043967315763943,1
budesonide,graft vs host disease,0.084090909090909,0.0157158144728431,0.0094291963240673,0.6306306306306306,0.0043967315763943,1
aspirin,cerebral infarction,0.075,0.0095740365765078,0.0134074955592477,0.5681818181818182,0.0036418383814519,1
cilostazol,cerebral infarction,0.0977272727272727,0.0287000445596706,0.0132493349509756,0.716500553709856,0.0035767891720623,1
fluticasone,asthma,0.0931818181818181,0.0192712928398759,0.0120890327832118,0.5329268292682927,0.0049064047294772,0
cilostazol,raynaud disease,0.0977272727272727,0.0287000445596706,0.0132493349509756,0.716500553709856,0.0035767891720623,1
formoterol fumarate,"pulmonary disease, chronic obstructive",0.0727272727272727,0.0153378567969784,0.0011299888257763,0.8286290322580645,0.003327219588905,1
tacrolimus,asthma,0.15,0.0382420011834982,0.0128777968094813,0.4769230769230769,0.0048860365495628,0
tacrolimus,asthma,0.15,0.0382420011834982,0.0128777968094813,0.4769230769230769,0.0048860365495628,0
levalbuterol,asthma,0.0636363636363636,0.0147206779006596,0.0,1.0,0.0021015447939821,1
dexpramipexole,asthma,0.0636363636363636,0.0147206779006596,0.0,1.0,0.0021015447939821,0
prednisone,"arthritis, rheumatoid",0.2181818181818181,0.0681982275744613,0.0532324850629091,0.2839912280701754,0.007066133597273,0
clopidogrel,cerebral infarction,0.0068181818181818,0.0007623009475241,9.491268033409264e-06,0.6666666666666666,0.0009664846298366,1
cilostazol,cerebral infarction,0.0977272727272727,0.0287000445596706,0.0132493349509756,0.716500553709856,0.0035767891720623,1
clopidogrel,atherosclerosis,0.0068181818181818,0.0007623009475241,9.491268033409264e-06,0.6666666666666666,0.0009664846298366,1
cilostazol,atherosclerosis,0.0977272727272727,0.0287000445596706,0.0132493349509756,0.716500553709856,0.0035767891720623,1
omalizumab,chronic urticaria,0.0795454545454545,0.0148277606319627,0.0183669898955568,0.653781512605042,0.0037643006218033,1
histamine antagonists,chronic urticaria,0.0068181818181818,0.0003259861046757,0.0,1.0,0.0007812747704304,1
histamine antagonists,chronic urticaria,0.0068181818181818,0.0003259861046757,0.0,1.0,0.0007812747704304,1
leukotriene antagonists,chronic urticaria,0.0068181818181818,0.0003259861046757,0.0,1.0,0.0007812747704304,1
diphenhydramine,chronic urticaria,0.0204545454545454,0.0020251657115499,0.0018550343789351,0.5,0.0012528745463456,1
ropivacaine,synesthesia,0.0068181818181818,0.000603925903564,0.0,1.0,0.0005957665361508,1
epinephrine,synesthesia,0.0454545454545454,0.008422944972202,0.0089681193833296,0.5473684210526316,0.0026211164917113,1
epinephrine,heart arrest,0.0454545454545454,0.008422944972202,0.0089681193833296,0.5473684210526316,0.0026211164917113,0
atropine,heart arrest,0.0113636363636363,0.0002989358855667,9.9833333665891e-05,0.5,0.001416049953147,0
amiodarone,heart arrest,0.0045454545454545,0.0001655006667266,0.0,1.0,0.0006994549917494,0
formoterol fumarate,lung diseases,0.0727272727272727,0.0153378567969784,0.0011299888257763,0.8286290322580645,0.003327219588905,1
vitamin d,food hypersensitivity,0.1477272727272727,0.0425098404425733,0.0136488772804632,0.5043269230769231,0.0043439146963661,1
cholecalciferol,"rhinitis, allergic, seasonal",0.0772727272727272,0.0091120875884905,0.0089121617459679,0.5650623885918004,0.00290745696533,1
fluticasone,"rhinitis, allergic, seasonal",0.0931818181818181,0.0192712928398759,0.0120890327832118,0.5329268292682927,0.0049064047294772,1
propranolol,asthma,0.0636363636363636,0.0147206779006596,0.0,1.0,0.0021015447939821,0
salmeterol xinafoate,asthma,0.0727272727272727,0.0153378567969784,0.0011299888257763,0.8286290322580645,0.0034600793577923,1
fluticasone,asthma,0.0931818181818181,0.0192712928398759,0.0120890327832118,0.5329268292682927,0.0049064047294772,1
bupivacaine,cleft lip,0.0045454545454545,0.0013980360741172,0.0,1.0,0.0006258416690214,1
epinephrine,cleft lip,0.0454545454545454,0.008422944972202,0.0089681193833296,0.5473684210526316,0.0026211164917113,1
tiotropium bromide,"pulmonary disease, chronic obstructive",0.0727272727272727,0.0153378567969784,0.0011299888257763,0.8286290322580645,0.003327219588905,1
tiotropium bromide,lung diseases,0.0727272727272727,0.0153378567969784,0.0011299888257763,0.8286290322580645,0.003327219588905,0
tiotropium bromide,lung diseases,0.0727272727272727,0.0153378567969784,0.0011299888257763,0.8286290322580645,0.003327219588905,0
prednisone,asthma,0.2181818181818181,0.0681982275744613,0.0532324850629091,0.2839912280701754,0.007066133597273,0
budesonide,"pulmonary disease, chronic obstructive",0.084090909090909,0.0157158144728431,0.0094291963240673,0.6306306306306306,0.0043967315763943,1
salmeterol xinafoate,asthma,0.0727272727272727,0.0153378567969784,0.0011299888257763,0.8286290322580645,0.0034600793577923,1
fluticasone,asthma,0.0931818181818181,0.0192712928398759,0.0120890327832118,0.5329268292682927,0.0049064047294772,1
"budesonide, formoterol fumarate drug combination",asthma,0.0636363636363636,0.0147206779006596,0.0,1.0,0.0021015447939821,1
budesonide,asthma,0.084090909090909,0.0157158144728431,0.0094291963240673,0.6306306306306306,0.0043967315763943,1
fluticasone,asthma,0.0931818181818181,0.0192712928398759,0.0120890327832118,0.5329268292682927,0.0049064047294772,1
fluticasone,asthma,0.0931818181818181,0.0192712928398759,0.0120890327832118,0.5329268292682927,0.0049064047294772,1
metoprolol,lung diseases,0.1272727272727272,0.019082127821677,0.0191613739015314,0.475974025974026,0.0044506124998778,1
carvedilol,lung diseases,0.0704545454545454,0.0150388616924167,0.0008483759853223,0.8559139784946237,0.0028131243113632,1
metoprolol,asthma,0.1272727272727272,0.019082127821677,0.0191613739015314,0.475974025974026,0.0044506124998778,1
carvedilol,asthma,0.0704545454545454,0.0150388616924167,0.0008483759853223,0.8559139784946237,0.0028131243113632,1
fluticasone,asthma,0.0931818181818181,0.0192712928398759,0.0120890327832118,0.5329268292682927,0.0049064047294772,0
budesonide,asthma,0.084090909090909,0.0157158144728431,0.0094291963240673,0.6306306306306306,0.0043967315763943,1
formoterol fumarate,asthma,0.0727272727272727,0.0153378567969784,0.0011299888257763,0.8286290322580645,0.003327219588905,1
albuterol,asthma,0.0727272727272727,0.0153378567969784,0.0011299888257763,0.8286290322580645,0.003327219588905,1
tiotropium bromide,lung diseases,0.0727272727272727,0.0153378567969784,0.0011299888257763,0.8286290322580645,0.003327219588905,0
fluticasone-salmeterol drug combination,asthma,0.0681818181818181,0.0148406810898814,0.0005034631451627,0.9103448275862068,0.0027510923593348,1
methacholine chloride,asthma,0.0636363636363636,0.0147206779006596,0.0,1.0,0.0021015447939821,1
albuterol,asthma,0.0727272727272727,0.0153378567969784,0.0011299888257763,0.8286290322580645,0.003327219588905,1
beclomethasone,psoriasis,0.0727272727272727,0.0158359258838035,0.0009110751904111,0.8185483870967742,0.0027317632442586,1
cholecalciferol,asthma-chronic obstructive pulmonary disease overlap syndrome,0.0772727272727272,0.0091120875884905,0.0089121617459679,0.5650623885918004,0.00290745696533,0
fluticasone,lung diseases,0.0931818181818181,0.0192712928398759,0.0120890327832118,0.5329268292682927,0.0049064047294772,1
albuterol,asthma,0.0727272727272727,0.0153378567969784,0.0011299888257763,0.8286290322580645,0.003327219588905,0
albuterol,asthma,0.0727272727272727,0.0153378567969784,0.0011299888257763,0.8286290322580645,0.003327219588905,0
cilostazol,coronary artery disease,0.0977272727272727,0.0287000445596706,0.0132493349509756,0.716500553709856,0.0035767891720623,1
aspirin,coronary artery disease,0.075,0.0095740365765078,0.0134074955592477,0.5681818181818182,0.0036418383814519,1
clopidogrel,coronary artery disease,0.0068181818181818,0.0007623009475241,9.491268033409264e-06,0.6666666666666666,0.0009664846298366,1
budesonide,asthma,0.084090909090909,0.0157158144728431,0.0094291963240673,0.6306306306306306,0.0043967315763943,1
simvastatin,asthma,0.0636363636363636,0.0147206779006596,0.0,1.0,0.0021015447939821,1
rosiglitazone,asthma,0.3204545454545454,0.1692608476552259,0.1140955847402656,0.2822695035460993,0.0088995891468643,1
theophylline,asthma,0.0636363636363636,0.0147206779006596,0.0,1.0,0.0021015447939821,1
beclomethasone,asthma,0.0727272727272727,0.0158359258838035,0.0009110751904111,0.8185483870967742,0.0027317632442586,1
tiotropium bromide,lung diseases,0.0727272727272727,0.0153378567969784,0.0011299888257763,0.8286290322580645,0.003327219588905,1
fluticasone,bronchial spasm,0.0931818181818181,0.0192712928398759,0.0120890327832118,0.5329268292682927,0.0049064047294772,1
salmeterol xinafoate,bronchial spasm,0.0727272727272727,0.0153378567969784,0.0011299888257763,0.8286290322580645,0.0034600793577923,1
fluticasone,bronchial spasm,0.0931818181818181,0.0192712928398759,0.0120890327832118,0.5329268292682927,0.0049064047294772,1
fluticasone,"asthma, exercise-induced",0.0931818181818181,0.0192712928398759,0.0120890327832118,0.5329268292682927,0.0049064047294772,1
salmeterol xinafoate,"asthma, exercise-induced",0.0727272727272727,0.0153378567969784,0.0011299888257763,0.8286290322580645,0.0034600793577923,1
fluticasone,"asthma, exercise-induced",0.0931818181818181,0.0192712928398759,0.0120890327832118,0.5329268292682927,0.0049064047294772,1
beclomethasone,asthma,0.0727272727272727,0.0158359258838035,0.0009110751904111,0.8185483870967742,0.0027317632442586,1
glycopyrrolate,"pulmonary disease, chronic obstructive",0.0977272727272727,0.0173424452750804,0.0089864110192978,0.5227021040974529,0.0042375164664361,1
tiotropium bromide,"pulmonary disease, chronic obstructive",0.0727272727272727,0.0153378567969784,0.0011299888257763,0.8286290322580645,0.003327219588905,1
budesonide,lung diseases,0.084090909090909,0.0157158144728431,0.0094291963240673,0.6306306306306306,0.0043967315763943,1
formoterol fumarate,lung diseases,0.0727272727272727,0.0153378567969784,0.0011299888257763,0.8286290322580645,0.003327219588905,1
albuterol,lung diseases,0.0727272727272727,0.0153378567969784,0.0011299888257763,0.8286290322580645,0.003327219588905,1
albuterol,lung diseases,0.0727272727272727,0.0153378567969784,0.0011299888257763,0.8286290322580645,0.003327219588905,1
formoterol fumarate,lung diseases,0.0727272727272727,0.0153378567969784,0.0011299888257763,0.8286290322580645,0.003327219588905,1
tiotropium bromide,lung diseases,0.0727272727272727,0.0153378567969784,0.0011299888257763,0.8286290322580645,0.003327219588905,1
fluticasone,asthma,0.0931818181818181,0.0192712928398759,0.0120890327832118,0.5329268292682927,0.0049064047294772,0
cilostazol,acute coronary syndrome,0.0977272727272727,0.0287000445596706,0.0132493349509756,0.716500553709856,0.0035767891720623,1
celecoxib,arthritis,0.0409090909090909,0.0094893477693523,0.0050826469134277,0.5228758169934641,0.001910866853333,1
ibuprofen,arthritis,0.1204545454545454,0.046945589664641,0.0071827640713776,0.6262699564586357,0.0034443587344088,1
naproxen,arthritis,0.0954545454545454,0.0301144998226125,0.0029356083280062,0.7770034843205574,0.0033324947056621,1
phenylephrine,rhinitis,0.0068181818181818,0.0006588805220604,0.0,1.0,0.0006909667794977,1
pseudoephedrine,rhinitis,0.0068181818181818,0.0006588805220604,0.0,1.0,0.0006909667794977,1
omalizumab,asthma,0.0795454545454545,0.0148277606319627,0.0183669898955568,0.653781512605042,0.0037643006218033,1
omalizumab,"rhinitis, allergic",0.0795454545454545,0.0148277606319627,0.0183669898955568,0.653781512605042,0.0037643006218033,1
omalizumab,"dermatitis, atopic",0.0795454545454545,0.0148277606319627,0.0183669898955568,0.653781512605042,0.0037643006218033,1
tiotropium bromide,lung diseases,0.0727272727272727,0.0153378567969784,0.0011299888257763,0.8286290322580645,0.003327219588905,1
tiotropium bromide,lung diseases,0.0727272727272727,0.0153378567969784,0.0011299888257763,0.8286290322580645,0.003327219588905,1
tiotropium bromide,lung diseases,0.0727272727272727,0.0153378567969784,0.0011299888257763,0.8286290322580645,0.003327219588905,1
tiotropium bromide,lung diseases,0.0727272727272727,0.0153378567969784,0.0011299888257763,0.8286290322580645,0.003327219588905,1
glycopyrrolate,"pulmonary disease, chronic obstructive",0.0977272727272727,0.0173424452750804,0.0089864110192978,0.5227021040974529,0.0042375164664361,1
epinephrine,heart arrest,0.0454545454545454,0.008422944972202,0.0089681193833296,0.5473684210526316,0.0026211164917113,1
epinephrine,"death, sudden, cardiac",0.0454545454545454,0.008422944972202,0.0089681193833296,0.5473684210526316,0.0026211164917113,1
epinephrine,ventricular fibrillation,0.0454545454545454,0.008422944972202,0.0089681193833296,0.5473684210526316,0.0026211164917113,1
loratadine,rhinitis,0.0727272727272727,0.0147917642981479,0.0046907821517704,0.782258064516129,0.0030333423098815,1
loratadine,asthma,0.0727272727272727,0.0147917642981479,0.0046907821517704,0.782258064516129,0.0030333423098815,1
atrial natriuretic factor,acute kidney injury,0.0022727272727272,8.759937185100996e-52,0.0,0.0,0.0023823704586063,0
mannitol,acute kidney injury,0.0022727272727272,8.759937185100996e-52,0.0,0.0,0.0023823704586063,0
azlocillin,bronchiectasis,0.0,2.5494772664681652e-62,0.0,0.0,0.0003573555687909,1
betamethasone valerate,oral submucous fibrosis,0.0,2.5494772664681652e-62,0.0,0.0,0.0003573555687909,1
fluticasone,covid-19,0.0931818181818181,0.0192712928398759,0.0120890327832118,0.5329268292682927,0.0049064047294772,1
prednisolone,cough,0.1954545454545454,0.0410112226145668,0.0584665116519279,0.3269493844049247,0.0069649229822454,1
tiotropium bromide,"pulmonary disease, chronic obstructive",0.0727272727272727,0.0153378567969784,0.0011299888257763,0.8286290322580645,0.003327219588905,1
fluticasone,rhinitis,0.0931818181818181,0.0192712928398759,0.0120890327832118,0.5329268292682927,0.0049064047294772,1
fluticasone,"rhinitis, allergic",0.0931818181818181,0.0192712928398759,0.0120890327832118,0.5329268292682927,0.0049064047294772,1
adrenal cortex hormones,asthma,0.0636363636363636,0.0147206779006596,0.0,1.0,0.0021015447939821,1
mometasone furoate,asthma,0.0636363636363636,0.0147206779006596,0.0,1.0,0.0021015447939821,1
epinephrine,inflammation,0.0454545454545454,0.008422944972202,0.0089681193833296,0.5473684210526316,0.0026211164917113,1
epinephrine,ecchymosis,0.0454545454545454,0.008422944972202,0.0089681193833296,0.5473684210526316,0.0026211164917113,1
epinephrine,hematoma,0.0454545454545454,0.008422944972202,0.0089681193833296,0.5473684210526316,0.0026211164917113,1
cilostazol,cerebral infarction,0.0977272727272727,0.0287000445596706,0.0132493349509756,0.716500553709856,0.0035767891720623,1
aspirin,cerebral infarction,0.075,0.0095740365765078,0.0134074955592477,0.5681818181818182,0.0036418383814519,1
tiotropium bromide,lung diseases,0.0727272727272727,0.0153378567969784,0.0011299888257763,0.8286290322580645,0.003327219588905,1
tiotropium bromide,lung diseases,0.0727272727272727,0.0153378567969784,0.0011299888257763,0.8286290322580645,0.003327219588905,1
ipratropium,lung diseases,0.0295454545454545,0.0036179543087516,0.0001379790477821,0.8846153846153846,0.0015601582338824,1
tiotropium bromide,lung diseases,0.0727272727272727,0.0153378567969784,0.0011299888257763,0.8286290322580645,0.003327219588905,1
fenoterol,lung diseases,0.0227272727272727,0.002825872118246,0.0,1.0,0.0009826547197653,1
nitric oxide,cystic fibrosis,0.0022727272727272,2.9896461367760456e-05,0.0,0.0,0.0004667597081789,0
fenofibrate,cystic fibrosis,0.0318181818181818,0.0015755184391374,0.0042451853385794,0.8571428571428571,0.0018013381932673,0
formoterol fumarate,"pulmonary disease, chronic obstructive",0.0727272727272727,0.0153378567969784,0.0011299888257763,0.8286290322580645,0.003327219588905,0
formoterol fumarate,"pulmonary disease, chronic obstructive",0.0727272727272727,0.0153378567969784,0.0011299888257763,0.8286290322580645,0.003327219588905,0
levalbuterol,asthma,0.0636363636363636,0.0147206779006596,0.0,1.0,0.0021015447939821,1
formoterol fumarate,asthma,0.0727272727272727,0.0153378567969784,0.0011299888257763,0.8286290322580645,0.003327219588905,0
fluticasone,asthma,0.0931818181818181,0.0192712928398759,0.0120890327832118,0.5329268292682927,0.0049064047294772,1
cilostazol,coronary artery disease,0.0977272727272727,0.0287000445596706,0.0132493349509756,0.716500553709856,0.0035767891720623,1
aspirin,coronary artery disease,0.075,0.0095740365765078,0.0134074955592477,0.5681818181818182,0.0036418383814519,1
mometasone furoate,asthma,0.0636363636363636,0.0147206779006596,0.0,1.0,0.0021015447939821,0
formoterol fumarate,asthma,0.0727272727272727,0.0153378567969784,0.0011299888257763,0.8286290322580645,0.003327219588905,0
ipratropium,"pulmonary disease, chronic obstructive",0.0295454545454545,0.0036179543087516,0.0001379790477821,0.8846153846153846,0.0015601582338824,1
albuterol,"pulmonary disease, chronic obstructive",0.0727272727272727,0.0153378567969784,0.0011299888257763,0.8286290322580645,0.003327219588905,1
fluticasone,"rhinitis, allergic",0.0931818181818181,0.0192712928398759,0.0120890327832118,0.5329268292682927,0.0049064047294772,1
fluticasone,"rhinitis, allergic",0.0931818181818181,0.0192712928398759,0.0120890327832118,0.5329268292682927,0.0049064047294772,1
fluticasone,asthma,0.0931818181818181,0.0192712928398759,0.0120890327832118,0.5329268292682927,0.0049064047294772,1
fluticasone,asthma,0.0931818181818181,0.0192712928398759,0.0120890327832118,0.5329268292682927,0.0049064047294772,1
tiotropium bromide,lung diseases,0.0727272727272727,0.0153378567969784,0.0011299888257763,0.8286290322580645,0.003327219588905,1
tiotropium bromide,lung diseases,0.0727272727272727,0.0153378567969784,0.0011299888257763,0.8286290322580645,0.003327219588905,1
tiotropium bromide,lung diseases,0.0727272727272727,0.0153378567969784,0.0011299888257763,0.8286290322580645,0.003327219588905,1
tiotropium bromide,lung diseases,0.0727272727272727,0.0153378567969784,0.0011299888257763,0.8286290322580645,0.003327219588905,1
lidocaine,pain,0.034090909090909,0.0076404715063185,0.0019488970191844,0.8666666666666667,0.0014391666839239,1
lidocaine,pain,0.034090909090909,0.0076404715063185,0.0019488970191844,0.8666666666666667,0.0014391666839239,1
epinephrine,pain,0.0454545454545454,0.008422944972202,0.0089681193833296,0.5473684210526316,0.0026211164917113,1
adenosine,atrial fibrillation,0.0022727272727272,8.759937185100996e-52,0.0,0.0,0.0023823704586063,0
isoproterenol,atrial fibrillation,0.0022727272727272,8.759937185100996e-52,0.0,0.0,0.0023823704586063,0
carticaine,pain,0.0318181818181818,0.0068767420862376,0.0,1.0,0.0013742832219207,0
lidocaine,pain,0.034090909090909,0.0076404715063185,0.0019488970191844,0.8666666666666667,0.0014391666839239,0
beclomethasone,"pulmonary disease, chronic obstructive",0.0727272727272727,0.0158359258838035,0.0009110751904111,0.8185483870967742,0.0027317632442586,1
formoterol fumarate,"pulmonary disease, chronic obstructive",0.0727272727272727,0.0153378567969784,0.0011299888257763,0.8286290322580645,0.003327219588905,1
glycopyrrolate,"pulmonary disease, chronic obstructive",0.0977272727272727,0.0173424452750804,0.0089864110192978,0.5227021040974529,0.0042375164664361,1
budesonide,asthma,0.084090909090909,0.0157158144728431,0.0094291963240673,0.6306306306306306,0.0043967315763943,1
prednisolone,asthma,0.1954545454545454,0.0410112226145668,0.0584665116519279,0.3269493844049247,0.0069649229822454,1
glycopyrrolate,"pulmonary disease, chronic obstructive",0.0977272727272727,0.0173424452750804,0.0089864110192978,0.5227021040974529,0.0042375164664361,1
tiotropium bromide,"pulmonary disease, chronic obstructive",0.0727272727272727,0.0153378567969784,0.0011299888257763,0.8286290322580645,0.003327219588905,1
albuterol,"pulmonary disease, chronic obstructive",0.0727272727272727,0.0153378567969784,0.0011299888257763,0.8286290322580645,0.003327219588905,1
albuterol,"pulmonary disease, chronic obstructive",0.0727272727272727,0.0153378567969784,0.0011299888257763,0.8286290322580645,0.003327219588905,1
saline solution,synesthesia,0.0454545454545454,0.0080928573643468,0.0017652240753624,0.6210526315789474,0.0021171051514157,1
saline solution,bradycardia,0.0454545454545454,0.0080928573643468,0.0017652240753624,0.6210526315789474,0.0021171051514157,1
fluticasone,asthma,0.0931818181818181,0.0192712928398759,0.0120890327832118,0.5329268292682927,0.0049064047294772,1
fluticasone,asthma,0.0931818181818181,0.0192712928398759,0.0120890327832118,0.5329268292682927,0.0049064047294772,1
fluticasone,lung diseases,0.0931818181818181,0.0192712928398759,0.0120890327832118,0.5329268292682927,0.0049064047294772,1
salmeterol xinafoate,lung diseases,0.0727272727272727,0.0153378567969784,0.0011299888257763,0.8286290322580645,0.0034600793577923,1
saline solution,spondylosis,0.0454545454545454,0.0080928573643468,0.0017652240753624,0.6210526315789474,0.0021171051514157,1
saline solution,synovial cyst,0.0454545454545454,0.0080928573643468,0.0017652240753624,0.6210526315789474,0.0021171051514157,1
saline solution,intervertebral disc degeneration,0.0454545454545454,0.0080928573643468,0.0017652240753624,0.6210526315789474,0.0021171051514157,1
saline solution,intervertebral disc degeneration,0.0454545454545454,0.0080928573643468,0.0017652240753624,0.6210526315789474,0.0021171051514157,1
budesonide,asthma,0.084090909090909,0.0157158144728431,0.0094291963240673,0.6306306306306306,0.0043967315763943,1
riluzole,amyotrophic lateral sclerosis,0.0,2.5494772664681652e-62,0.0,0.0,0.0003573555687909,0
fluticasone,blepharitis,0.0931818181818181,0.0192712928398759,0.0120890327832118,0.5329268292682927,0.0049064047294772,0
tiotropium bromide,"pulmonary disease, chronic obstructive",0.0727272727272727,0.0153378567969784,0.0011299888257763,0.8286290322580645,0.003327219588905,1
dexamethasone,osteoarthritis,0.1590909090909091,0.0652531387586349,0.0464260603554097,0.3892339544513457,0.00674613978314,1
bupivacaine,osteoarthritis,0.0045454545454545,0.0013980360741172,0.0,1.0,0.0006258416690214,1
epinephrine,osteoarthritis,0.0454545454545454,0.008422944972202,0.0089681193833296,0.5473684210526316,0.0026211164917113,1
fluticasone,asthma,0.0931818181818181,0.0192712928398759,0.0120890327832118,0.5329268292682927,0.0049064047294772,1
fluticasone-salmeterol drug combination,asthma,0.0681818181818181,0.0148406810898814,0.0005034631451627,0.9103448275862068,0.0027510923593348,1
budesonide,"rhinitis, allergic",0.084090909090909,0.0157158144728431,0.0094291963240673,0.6306306306306306,0.0043967315763943,1
budesonide,"conjunctivitis, allergic",0.084090909090909,0.0157158144728431,0.0094291963240673,0.6306306306306306,0.0043967315763943,1
budesonide,"rhinitis, allergic, seasonal",0.084090909090909,0.0157158144728431,0.0094291963240673,0.6306306306306306,0.0043967315763943,1
omalizumab,peanut hypersensitivity,0.0795454545454545,0.0148277606319627,0.0183669898955568,0.653781512605042,0.0037643006218033,0
hydroxyethyl starch derivatives,hemorrhage,0.0068181818181818,0.000139002058201,0.0,1.0,0.0009803706021995,0
morphine,hemorrhage,0.0386363636363636,0.0068874859619449,0.0100767954096538,0.6985294117647058,0.0022090069375852,0
ephedrine,hemorrhage,0.0068181818181818,0.000139002058201,0.0,1.0,0.0009803706021995,0
atropine,hemorrhage,0.0113636363636363,0.0002989358855667,9.9833333665891e-05,0.5,0.001416049953147,0
nasal sprays,"rhinitis, allergic",0.0113636363636363,0.0012496871267064,0.0,1.0,0.000778487260254,1
atorvastatin,asthma,0.2272727272727272,0.070943725580264,0.0345996528567034,0.3676767676767676,0.0064765220567699,1
omalizumab,asthma,0.0795454545454545,0.0148277606319627,0.0183669898955568,0.653781512605042,0.0037643006218033,1
fluticasone-salmeterol drug combination,lung diseases,0.0681818181818181,0.0148406810898814,0.0005034631451627,0.9103448275862068,0.0027510923593348,0
"fatty acids, omega-3",asthma,0.0636363636363636,0.0147206779006596,0.0,1.0,0.0021015447939821,0
aspirin,acute coronary syndrome,0.075,0.0095740365765078,0.0134074955592477,0.5681818181818182,0.0036418383814519,1
clopidogrel,acute coronary syndrome,0.0068181818181818,0.0007623009475241,9.491268033409264e-06,0.6666666666666666,0.0009664846298366,1
aspirin,acute coronary syndrome,0.075,0.0095740365765078,0.0134074955592477,0.5681818181818182,0.0036418383814519,1
clopidogrel,acute coronary syndrome,0.0068181818181818,0.0007623009475241,9.491268033409264e-06,0.6666666666666666,0.0009664846298366,1
cilostazol,acute coronary syndrome,0.0977272727272727,0.0287000445596706,0.0132493349509756,0.716500553709856,0.0035767891720623,1
tiotropium bromide,lung diseases,0.0727272727272727,0.0153378567969784,0.0011299888257763,0.8286290322580645,0.003327219588905,1
tiotropium bromide,lung diseases,0.0727272727272727,0.0153378567969784,0.0011299888257763,0.8286290322580645,0.003327219588905,1
tiotropium bromide,asthma,0.0727272727272727,0.0153378567969784,0.0011299888257763,0.8286290322580645,0.003327219588905,1
salmeterol xinafoate,asthma,0.0727272727272727,0.0153378567969784,0.0011299888257763,0.8286290322580645,0.0034600793577923,1
beclomethasone,asthma,0.0727272727272727,0.0158359258838035,0.0009110751904111,0.8185483870967742,0.0027317632442586,1
albuterol,asthma,0.0727272727272727,0.0153378567969784,0.0011299888257763,0.8286290322580645,0.003327219588905,0
fluticasone,"pulmonary disease, chronic obstructive",0.0931818181818181,0.0192712928398759,0.0120890327832118,0.5329268292682927,0.0049064047294772,1
saline solution,cerebral palsy,0.0454545454545454,0.0080928573643468,0.0017652240753624,0.6210526315789474,0.0021171051514157,1
saline solution,hip dislocation,0.0454545454545454,0.0080928573643468,0.0017652240753624,0.6210526315789474,0.0021171051514157,1
saline solution,pain,0.0454545454545454,0.0080928573643468,0.0017652240753624,0.6210526315789474,0.0021171051514157,1
vinorelbine,"carcinoma, non-small-cell lung",0.0249999999999999,0.0016102860855979,0.0001174757143445,0.7454545454545455,0.0018992638710855,1
gemcitabine,"carcinoma, non-small-cell lung",0.0863636363636363,0.0112729632064848,0.0130135433923706,0.3442389758179232,0.0043108785968346,1
adalimumab,arthritis,0.0931818181818181,0.0295715545520953,0.0016649334596325,0.8146341463414634,0.0031743930573502,0
metformin,polycystic ovary syndrome,0.1409090909090909,0.0116826628786363,0.0534285142767282,0.3046007403490217,0.0071292190177408,1
metformin,insulin resistance,0.1409090909090909,0.0116826628786363,0.0534285142767282,0.3046007403490217,0.0071292190177408,1
pemetrexed,"carcinoma, non-small-cell lung",0.0431818181818181,0.0031694105399731,0.0022259203296109,0.4269005847953216,0.0023013610509475,1
carboplatin,"carcinoma, non-small-cell lung",0.0954545454545454,0.0053070024629292,0.0138161609733309,0.3286875725900116,0.0073277378133051,1
pemetrexed,"carcinoma, non-small-cell lung",0.0431818181818181,0.0031694105399731,0.0022259203296109,0.4269005847953216,0.0023013610509475,1
cisplatin,"carcinoma, non-small-cell lung",0.0772727272727272,0.0100876323767294,0.0084059076940843,0.4688057040998217,0.0038666129582391,1
panobinostat,hodgkin disease,0.1454545454545454,0.1290642595918741,0.0124470547358633,0.6696428571428571,0.0036092222439339,1
lapatinib,cholangiocarcinoma,0.0113636363636363,0.0032960865806101,0.0001116105674324,0.5,0.0007673379285628,0
bevacizumab,glioblastoma,0.0522727272727272,0.0022145268399167,0.0087182773131942,0.3596837944664031,0.004614403413593,0
irinotecan,glioblastoma,0.0704545454545454,0.0069279404003366,0.0068326716272487,0.4043010752688172,0.005869135247709,0
lapatinib,esophageal neoplasms,0.0113636363636363,0.0032960865806101,0.0001116105674324,0.5,0.0007673379285628,0
lapatinib,esophageal neoplasms,0.0113636363636363,0.0032960865806101,0.0001116105674324,0.5,0.0007673379285628,0
vidarabine phosphate,immune system diseases,0.034090909090909,0.0026165723297371,0.0042005668296528,0.580952380952381,0.0024170797777983,0
cyclophosphamide,immune system diseases,0.1477272727272727,0.0220263367450415,0.0613567145166867,0.2134615384615384,0.009531721675135,0
vidarabine phosphate,"scleroderma, systemic",0.034090909090909,0.0026165723297371,0.0042005668296528,0.580952380952381,0.0024170797777983,0
cyclophosphamide,"scleroderma, systemic",0.1477272727272727,0.0220263367450415,0.0613567145166867,0.2134615384615384,0.009531721675135,0
vidarabine phosphate,"lupus erythematosus, systemic",0.034090909090909,0.0026165723297371,0.0042005668296528,0.580952380952381,0.0024170797777983,0
cyclophosphamide,"lupus erythematosus, systemic",0.1477272727272727,0.0220263367450415,0.0613567145166867,0.2134615384615384,0.009531721675135,0
vidarabine phosphate,lupus nephritis,0.034090909090909,0.0026165723297371,0.0042005668296528,0.580952380952381,0.0024170797777983,0
cyclophosphamide,lupus nephritis,0.1477272727272727,0.0220263367450415,0.0613567145166867,0.2134615384615384,0.009531721675135,0
abiraterone acetate,prostatic neoplasms,0.0181818181818181,0.0024649697833177,0.0,1.0,0.001133412823797,1
prednisone,prostatic neoplasms,0.2181818181818181,0.0681982275744613,0.0532324850629091,0.2839912280701754,0.007066133597273,1
lenalidomide,"lymphoma, t-cell",0.0386363636363636,0.0059665154773158,0.0031730552957614,0.4852941176470588,0.0019625401980417,0
epoetin alfa,breast neoplasms,0.0386363636363636,0.0016079736827143,0.0024566669328384,0.5808823529411765,0.0019424390290634,1
epoetin alfa,neoplasm metastasis,0.0386363636363636,0.0016079736827143,0.0024566669328384,0.5808823529411765,0.0019424390290634,1
docetaxel,"mixed tumor, malignant",0.0568181818181818,0.0039668439435579,0.0061106675347141,0.39,0.0031450974888271,0
deferasirox,beta-thalassemia,0.0227272727272727,0.000712170477728,0.000249355041345,0.8,0.0012550111510657,0
deferasirox,myelodysplastic syndromes,0.0227272727272727,0.000712170477728,0.000249355041345,0.8,0.0012550111510657,0
deferasirox,fanconi syndrome,0.0227272727272727,0.000712170477728,0.000249355041345,0.8,0.0012550111510657,0
deferasirox,anemia,0.0227272727272727,0.000712170477728,0.000249355041345,0.8,0.0012550111510657,0
deferasirox,anemia,0.0227272727272727,0.000712170477728,0.000249355041345,0.8,0.0012550111510657,0
methotrexate,squamous cell carcinoma of head and neck,0.1227272727272727,0.0312347356999842,0.0111594079134167,0.5576519916142557,0.0047850218056362,0
genistein,colonic neoplasms,0.0159090909090909,0.0035495510206134,0.0002528106641074,0.7142857142857143,0.0010403306600953,0
genistein,rectal neoplasms,0.0159090909090909,0.0035495510206134,0.0002528106641074,0.7142857142857143,0.0010403306600953,0
genistein,colorectal neoplasms,0.0159090909090909,0.0035495510206134,0.0002528106641074,0.7142857142857143,0.0010403306600953,0
cisplatin,biliary tract neoplasms,0.0772727272727272,0.0100876323767294,0.0084059076940843,0.4688057040998217,0.0038666129582391,0
gemcitabine,biliary tract neoplasms,0.0863636363636363,0.0112729632064848,0.0130135433923706,0.3442389758179232,0.0043108785968346,0
celecoxib,uterine cervical dysplasia,0.0409090909090909,0.0094893477693523,0.0050826469134277,0.5228758169934641,0.001910866853333,0
lenalidomide,"lymphoma, follicular",0.0386363636363636,0.0059665154773158,0.0031730552957614,0.4852941176470588,0.0019625401980417,0
carboplatin,breast neoplasms,0.0954545454545454,0.0053070024629292,0.0138161609733309,0.3286875725900116,0.0073277378133051,0
docetaxel,breast neoplasms,0.0568181818181818,0.0039668439435579,0.0061106675347141,0.39,0.0031450974888271,0
cyclophosphamide,immunoglobulin light-chain amyloidosis,0.1477272727272727,0.0220263367450415,0.0613567145166867,0.2134615384615384,0.009531721675135,1
bortezomib,immunoglobulin light-chain amyloidosis,0.0318181818181818,0.0052533808913349,0.0017569712845859,0.5824175824175825,0.0018646058714343,1
carboplatin,triple negative breast neoplasms,0.0954545454545454,0.0053070024629292,0.0138161609733309,0.3286875725900116,0.0073277378133051,0
gemcitabine,triple negative breast neoplasms,0.0863636363636363,0.0112729632064848,0.0130135433923706,0.3442389758179232,0.0043108785968346,0
cyclophosphamide,head and neck neoplasms,0.1477272727272727,0.0220263367450415,0.0613567145166867,0.2134615384615384,0.009531721675135,0
cyclophosphamide,uterine cervical neoplasms,0.1477272727272727,0.0220263367450415,0.0613567145166867,0.2134615384615384,0.009531721675135,0
cyclophosphamide,anus neoplasms,0.1477272727272727,0.0220263367450415,0.0613567145166867,0.2134615384615384,0.009531721675135,0
cyclophosphamide,"lymphoma, non-hodgkin",0.1477272727272727,0.0220263367450415,0.0613567145166867,0.2134615384615384,0.009531721675135,0
cyclophosphamide,"rhabdomyosarcoma, alveolar",0.1477272727272727,0.0220263367450415,0.0613567145166867,0.2134615384615384,0.009531721675135,1
irinotecan,"rhabdomyosarcoma, alveolar",0.0704545454545454,0.0069279404003366,0.0068326716272487,0.4043010752688172,0.005869135247709,1
sirolimus,"rhabdomyosarcoma, alveolar",0.0272727272727272,0.0054900615106856,0.0060435682241318,0.303030303030303,0.0023303167576494,1
vincristine,"rhabdomyosarcoma, alveolar",0.0727272727272727,0.0102632723774062,0.0053159788023224,0.5262096774193549,0.0059390410308471,1
vinorelbine,"rhabdomyosarcoma, alveolar",0.0249999999999999,0.0016102860855979,0.0001174757143445,0.7454545454545455,0.0018992638710855,1
cyclophosphamide,"rhabdomyosarcoma, embryonal",0.1477272727272727,0.0220263367450415,0.0613567145166867,0.2134615384615384,0.009531721675135,1
irinotecan,"rhabdomyosarcoma, embryonal",0.0704545454545454,0.0069279404003366,0.0068326716272487,0.4043010752688172,0.005869135247709,1
sirolimus,"rhabdomyosarcoma, embryonal",0.0272727272727272,0.0054900615106856,0.0060435682241318,0.303030303030303,0.0023303167576494,1
vincristine,"rhabdomyosarcoma, embryonal",0.0727272727272727,0.0102632723774062,0.0053159788023224,0.5262096774193549,0.0059390410308471,1
vinorelbine,"rhabdomyosarcoma, embryonal",0.0249999999999999,0.0016102860855979,0.0001174757143445,0.7454545454545455,0.0018992638710855,1
cyclophosphamide,rhabdomyosarcoma,0.1477272727272727,0.0220263367450415,0.0613567145166867,0.2134615384615384,0.009531721675135,1
irinotecan,rhabdomyosarcoma,0.0704545454545454,0.0069279404003366,0.0068326716272487,0.4043010752688172,0.005869135247709,1
sirolimus,rhabdomyosarcoma,0.0272727272727272,0.0054900615106856,0.0060435682241318,0.303030303030303,0.0023303167576494,1
vincristine,rhabdomyosarcoma,0.0727272727272727,0.0102632723774062,0.0053159788023224,0.5262096774193549,0.0059390410308471,1
vinorelbine,rhabdomyosarcoma,0.0249999999999999,0.0016102860855979,0.0001174757143445,0.7454545454545455,0.0018992638710855,1
letrozole,breast neoplasms,0.0318181818181818,0.0010158294362144,0.0019487174693453,0.6703296703296703,0.0020244198747277,0
everolimus,breast neoplasms,0.0318181818181818,0.0010185060280513,0.0045251155063604,0.6373626373626373,0.0020826363663551,0
temozolomide,central nervous system neoplasms,0.0318181818181818,0.0014423370312677,0.001297414816427,0.5274725274725275,0.0035022949767814,1
docetaxel,prostatic neoplasms,0.0568181818181818,0.0039668439435579,0.0061106675347141,0.39,0.0031450974888271,0
trastuzumab,head and neck neoplasms,0.0136363636363636,0.0032824765659643,0.0,1.0,0.0008532822582045,0
cyclophosphamide,recurrence,0.1477272727272727,0.0220263367450415,0.0613567145166867,0.2134615384615384,0.009531721675135,0
cyclophosphamide,recurrence,0.1477272727272727,0.0220263367450415,0.0613567145166867,0.2134615384615384,0.009531721675135,0
clobetasol,lichen sclerosus et atrophicus,0.009090909090909,0.0005246908011261,0.000106344070354,0.5,0.0008749314673772,0
letrozole,breast neoplasms,0.0318181818181818,0.0010158294362144,0.0019487174693453,0.6703296703296703,0.0020244198747277,1
letrozole,breast neoplasms,0.0318181818181818,0.0010158294362144,0.0019487174693453,0.6703296703296703,0.0020244198747277,1
tiagabine,carcinoma,0.009090909090909,0.0004559997786422,0.0,1.0,0.0007339352410213,0
azacitidine,leukemia,0.0318181818181818,0.0008788800959003,0.0003864472380521,0.6703296703296703,0.0023908926462002,0
lenalidomide,leukemia,0.0386363636363636,0.0059665154773158,0.0031730552957614,0.4852941176470588,0.0019625401980417,0
cladribine,myelodysplastic syndromes,0.0204545454545454,0.0006774330481928,0.0,1.0,0.0011567684797116,0
cytarabine,myelodysplastic syndromes,0.084090909090909,0.0128495730906794,0.0154016622975452,0.4234234234234234,0.0051777007088009,0
azacitidine,myelodysplastic syndromes,0.0318181818181818,0.0008788800959003,0.0003864472380521,0.6703296703296703,0.0023908926462002,0
aprepitant,uterine cervical neoplasms,0.0113636363636363,0.0017396334680986,0.0006281592453889,0.8,0.0016875432818188,1
tropisetron,uterine cervical neoplasms,0.0113636363636363,0.0017396334680986,0.0006281592453889,0.8,0.0012991581825503,1
dexamethasone,uterine cervical neoplasms,0.1590909090909091,0.0652531387586349,0.0464260603554097,0.3892339544513457,0.00674613978314,1
aprepitant,nasopharyngeal neoplasms,0.0113636363636363,0.0017396334680986,0.0006281592453889,0.8,0.0016875432818188,1
tropisetron,nasopharyngeal neoplasms,0.0113636363636363,0.0017396334680986,0.0006281592453889,0.8,0.0012991581825503,1
dexamethasone,nasopharyngeal neoplasms,0.1590909090909091,0.0652531387586349,0.0464260603554097,0.3892339544513457,0.00674613978314,1
aprepitant,vomiting,0.0113636363636363,0.0017396334680986,0.0006281592453889,0.8,0.0016875432818188,1
tropisetron,vomiting,0.0113636363636363,0.0017396334680986,0.0006281592453889,0.8,0.0012991581825503,1
dexamethasone,vomiting,0.1590909090909091,0.0652531387586349,0.0464260603554097,0.3892339544513457,0.00674613978314,1
aprepitant,vomiting,0.0113636363636363,0.0017396334680986,0.0006281592453889,0.8,0.0016875432818188,1
tropisetron,vomiting,0.0113636363636363,0.0017396334680986,0.0006281592453889,0.8,0.0012991581825503,1
dexamethasone,vomiting,0.1590909090909091,0.0652531387586349,0.0464260603554097,0.3892339544513457,0.00674613978314,1
clobetasol,colonic neoplasms,0.009090909090909,0.0005246908011261,0.000106344070354,0.5,0.0008749314673772,0
clobetasol,"carcinoma, renal cell",0.009090909090909,0.0005246908011261,0.000106344070354,0.5,0.0008749314673772,0
erlotinib hydrochloride,kidney neoplasms,0.0204545454545454,0.0024950847177344,0.0001562047524362,0.8055555555555556,0.0012483960947828,0
sunitinib,kidney neoplasms,0.034090909090909,0.0016171359056321,0.0019398025701382,0.5714285714285714,0.0021158159599684,0
panitumumab,colorectal neoplasms,0.0249999999999999,0.0040034433791305,0.0006472494854253,0.5818181818181818,0.0013415954445094,1
panitumumab,neoplasm metastasis,0.0249999999999999,0.0040034433791305,0.0006472494854253,0.5818181818181818,0.0013415954445094,1
estradiol,menorrhagia,0.0045454545454545,0.0012621582734515,0.0,1.0,0.0009770106054335,1
norethindrone acetate,menorrhagia,0.0045454545454545,0.0012621582734515,0.0,1.0,0.0009770106054335,1
estradiol,menorrhagia,0.0045454545454545,0.0012621582734515,0.0,1.0,0.0009770106054335,1
estradiol,leiomyoma,0.0045454545454545,0.0012621582734515,0.0,1.0,0.0009770106054335,1
norethindrone acetate,leiomyoma,0.0045454545454545,0.0012621582734515,0.0,1.0,0.0009770106054335,1
estradiol,leiomyoma,0.0045454545454545,0.0012621582734515,0.0,1.0,0.0009770106054335,1
bortezomib,multiple myeloma,0.0318181818181818,0.0052533808913349,0.0017569712845859,0.5824175824175825,0.0018646058714343,0
dexamethasone,multiple myeloma,0.1590909090909091,0.0652531387586349,0.0464260603554097,0.3892339544513457,0.00674613978314,0
lenalidomide,multiple myeloma,0.0386363636363636,0.0059665154773158,0.0031730552957614,0.4852941176470588,0.0019625401980417,0
etoposide,"lymphoma, non-hodgkin",0.0931818181818181,0.0134612962297106,0.0123870642627383,0.4109756097560975,0.0059387252291714,1
cytarabine,"lymphoma, non-hodgkin",0.084090909090909,0.0128495730906794,0.0154016622975452,0.4234234234234234,0.0051777007088009,1
granulocyte colony-stimulating factor,"lymphoma, non-hodgkin",0.0704545454545454,0.0131777933964808,0.0019023311357834,0.5913978494623656,0.0037992949189192,1
granulocyte colony-stimulating factor,"lymphoma, non-hodgkin",0.0704545454545454,0.0131777933964808,0.0019023311357834,0.5913978494623656,0.0037992949189192,1
carmustine,"lymphoma, large-cell, anaplastic",0.0295454545454545,0.0051254815773605,4.983804114556984e-05,0.8846153846153846,0.0019330066800111,0
cytarabine,"lymphoma, large-cell, anaplastic",0.084090909090909,0.0128495730906794,0.0154016622975452,0.4234234234234234,0.0051777007088009,0
etoposide,"lymphoma, large-cell, anaplastic",0.0931818181818181,0.0134612962297106,0.0123870642627383,0.4109756097560975,0.0059387252291714,0
lenalidomide,"lymphoma, large-cell, anaplastic",0.0386363636363636,0.0059665154773158,0.0031730552957614,0.4852941176470588,0.0019625401980417,0
melphalan,"lymphoma, large-cell, anaplastic",0.059090909090909,0.0079426436926843,0.0021911953463058,0.56,0.0033531561041128,0
carmustine,"lymphoma, large-cell, anaplastic",0.0295454545454545,0.0051254815773605,4.983804114556984e-05,0.8846153846153846,0.0019330066800111,0
cytarabine,"lymphoma, large-cell, anaplastic",0.084090909090909,0.0128495730906794,0.0154016622975452,0.4234234234234234,0.0051777007088009,0
etoposide,"lymphoma, large-cell, anaplastic",0.0931818181818181,0.0134612962297106,0.0123870642627383,0.4109756097560975,0.0059387252291714,0
lenalidomide,"lymphoma, large-cell, anaplastic",0.0386363636363636,0.0059665154773158,0.0031730552957614,0.4852941176470588,0.0019625401980417,0
melphalan,"lymphoma, large-cell, anaplastic",0.059090909090909,0.0079426436926843,0.0021911953463058,0.56,0.0033531561041128,0
nivolumab,oropharyngeal neoplasms,0.0295454545454545,0.0051632056861901,0.0009024187831987,0.5897435897435898,0.0013928412067965,0
pyrimethamine,"leukemia, lymphocytic, chronic, b-cell",0.125,0.1265394451037241,0.0036015588165634,0.8673400673400673,0.0029570403310137,0
pyrimethamine,burkitt lymphoma,0.125,0.1265394451037241,0.0036015588165634,0.8673400673400673,0.0029570403310137,0
aminolevulinic acid,uterine cervical dysplasia,0.0022727272727272,0.0001800667766463,0.0,0.0,0.000447593210805,0
aminolevulinic acid,squamous intraepithelial lesions,0.0022727272727272,0.0001800667766463,0.0,0.0,0.000447593210805,0
aminolevulinic acid,papillomavirus infections,0.0022727272727272,0.0001800667766463,0.0,0.0,0.000447593210805,0
bevacizumab,adenocarcinoma of lung,0.0522727272727272,0.0022145268399167,0.0087182773131942,0.3596837944664031,0.004614403413593,0
hydroxyurea,polycythemia vera,0.1295454545454545,0.1262038596734414,0.0071559507210774,0.8114035087719298,0.0038092941274838,1
hydroxyurea,"thrombocythemia, essential",0.1295454545454545,0.1262038596734414,0.0071559507210774,0.8114035087719298,0.0038092941274838,1
hydroxyurea,primary myelofibrosis,0.1295454545454545,0.1262038596734414,0.0071559507210774,0.8114035087719298,0.0038092941274838,1
cyclophosphamide,"leukemia, lymphocytic, chronic, b-cell",0.1477272727272727,0.0220263367450415,0.0613567145166867,0.2134615384615384,0.009531721675135,1
rituximab,"leukemia, lymphocytic, chronic, b-cell",0.1181818181818181,0.0341592601089505,0.0088094751807696,0.5580693815987934,0.0043350958230969,1
pentostatin,"leukemia, lymphocytic, chronic, b-cell",0.009090909090909,0.0036243117455748,0.0,1.0,0.0006075510389028,1
clofarabine,"leukemia, myeloid",0.0,2.5494772664681652e-62,0.0,0.0,0.0003573555687909,0
topotecan,leukemia,0.059090909090909,0.0034103583675016,0.006078269199303,0.4892307692307692,0.003465335854618,0
ondansetron,nausea,0.009090909090909,0.0013294656843968,0.0,1.0,0.0011883433659819,1
dexamethasone,nausea,0.1590909090909091,0.0652531387586349,0.0464260603554097,0.3892339544513457,0.00674613978314,1
aprepitant,nausea,0.0113636363636363,0.0017396334680986,0.0006281592453889,0.8,0.0016875432818188,1
ondansetron,nausea,0.009090909090909,0.0013294656843968,0.0,1.0,0.0011883433659819,1
dexamethasone,nausea,0.1590909090909091,0.0652531387586349,0.0464260603554097,0.3892339544513457,0.00674613978314,1
ondansetron,vomiting,0.009090909090909,0.0013294656843968,0.0,1.0,0.0011883433659819,1
dexamethasone,vomiting,0.1590909090909091,0.0652531387586349,0.0464260603554097,0.3892339544513457,0.00674613978314,1
aprepitant,vomiting,0.0113636363636363,0.0017396334680986,0.0006281592453889,0.8,0.0016875432818188,1
ondansetron,vomiting,0.009090909090909,0.0013294656843968,0.0,1.0,0.0011883433659819,1
dexamethasone,vomiting,0.1590909090909091,0.0652531387586349,0.0464260603554097,0.3892339544513457,0.00674613978314,1
thalidomide,pain,0.1545454545454545,0.1299678576918228,0.0179997972283457,0.6066725197541704,0.0043098742002128,0
sodium chloride,prostatic neoplasms,0.0227272727272727,0.0030517058030011,0.0006427524607594,0.6666666666666666,0.001421790775204,1
imatinib mesylate,gastrointestinal stromal tumors,0.0,2.5494772664681652e-62,0.0,0.0,0.0003573555687909,0
decitabine,"leukemia, myeloid, acute",0.0249999999999999,0.0006898076923533,8.311983833592222e-05,0.7818181818181819,0.0017016117878173,0
decitabine,myelodysplastic syndromes,0.0249999999999999,0.0006898076923533,8.311983833592222e-05,0.7818181818181819,0.0017016117878173,0
docetaxel,breast neoplasms,0.0568181818181818,0.0039668439435579,0.0061106675347141,0.39,0.0031450974888271,0
epirubicin,breast neoplasms,0.0249999999999999,0.000970694318061,0.0,1.0,0.0014719746930209,0
docetaxel,breast neoplasms,0.0568181818181818,0.0039668439435579,0.0061106675347141,0.39,0.0031450974888271,0
docetaxel,prostatic neoplasms,0.0568181818181818,0.0039668439435579,0.0061106675347141,0.39,0.0031450974888271,0
erlotinib hydrochloride,prostatic neoplasms,0.0204545454545454,0.0024950847177344,0.0001562047524362,0.8055555555555556,0.0012483960947828,0
"botulinum toxins, type a",cluster headache,0.0,2.5494772664681652e-62,0.0,0.0,0.0003573555687909,0
gefitinib,neuroblastoma,0.0318181818181818,0.00256100800511,0.0,1.0,0.0013261755305839,0
irinotecan,neuroblastoma,0.0704545454545454,0.0069279404003366,0.0068326716272487,0.4043010752688172,0.005869135247709,0
cyclophosphamide,neuroblastoma,0.1477272727272727,0.0220263367450415,0.0613567145166867,0.2134615384615384,0.009531721675135,0
doxorubicin,neuroblastoma,0.059090909090909,0.0097657629517018,0.0013273129426588,0.6923076923076923,0.0027945223263669,0
etoposide,neuroblastoma,0.0931818181818181,0.0134612962297106,0.0123870642627383,0.4109756097560975,0.0059387252291714,0
cisplatin,neuroblastoma,0.0772727272727272,0.0100876323767294,0.0084059076940843,0.4688057040998217,0.0038666129582391,0
topotecan,neuroblastoma,0.059090909090909,0.0034103583675016,0.006078269199303,0.4892307692307692,0.003465335854618,0
carboplatin,neuroblastoma,0.0954545454545454,0.0053070024629292,0.0138161609733309,0.3286875725900116,0.0073277378133051,0
melphalan,neuroblastoma,0.059090909090909,0.0079426436926843,0.0021911953463058,0.56,0.0033531561041128,0
isotretinoin,neuroblastoma,0.0318181818181818,0.00256100800511,0.0,1.0,0.0013261755305839,0
gemcitabine,pancreatic neoplasms,0.0863636363636363,0.0112729632064848,0.0130135433923706,0.3442389758179232,0.0043108785968346,1
pemetrexed,pancreatic neoplasms,0.0431818181818181,0.0031694105399731,0.0022259203296109,0.4269005847953216,0.0023013610509475,1
gemcitabine,neoplasm metastasis,0.0863636363636363,0.0112729632064848,0.0130135433923706,0.3442389758179232,0.0043108785968346,1
pemetrexed,neoplasm metastasis,0.0431818181818181,0.0031694105399731,0.0022259203296109,0.4269005847953216,0.0023013610509475,1
gemcitabine,neoplasms,0.0863636363636363,0.0112729632064848,0.0130135433923706,0.3442389758179232,0.0043108785968346,1
pemetrexed,neoplasms,0.0431818181818181,0.0031694105399731,0.0022259203296109,0.4269005847953216,0.0023013610509475,1
cisplatin,hypopharyngeal neoplasms,0.0772727272727272,0.0100876323767294,0.0084059076940843,0.4688057040998217,0.0038666129582391,0
albumin-bound paclitaxel,hypopharyngeal neoplasms,0.0045454545454545,0.0002334389924321,0.0,1.0,0.0005074109863521,0
ramipril,glioblastoma,0.1181818181818181,0.0110092115397643,0.024065040008477,0.4788838612368024,0.004250713111743,0
gemcitabine,carcinoma,0.0863636363636363,0.0112729632064848,0.0130135433923706,0.3442389758179232,0.0043108785968346,0
cisplatin,carcinoma,0.0772727272727272,0.0100876323767294,0.0084059076940843,0.4688057040998217,0.0038666129582391,0
gemcitabine,"carcinoma, non-small-cell lung",0.0863636363636363,0.0112729632064848,0.0130135433923706,0.3442389758179232,0.0043108785968346,0
cisplatin,"carcinoma, non-small-cell lung",0.0772727272727272,0.0100876323767294,0.0084059076940843,0.4688057040998217,0.0038666129582391,0
paclitaxel,triple negative breast neoplasms,0.0113636363636363,0.0011733003341038,0.0,1.0,0.0009061130443133,0
carboplatin,triple negative breast neoplasms,0.0954545454545454,0.0053070024629292,0.0138161609733309,0.3286875725900116,0.0073277378133051,0
doxorubicin,triple negative breast neoplasms,0.059090909090909,0.0097657629517018,0.0013273129426588,0.6923076923076923,0.0027945223263669,0
cyclophosphamide,triple negative breast neoplasms,0.1477272727272727,0.0220263367450415,0.0613567145166867,0.2134615384615384,0.009531721675135,0
paclitaxel,triple negative breast neoplasms,0.0113636363636363,0.0011733003341038,0.0,1.0,0.0009061130443133,0
carboplatin,triple negative breast neoplasms,0.0954545454545454,0.0053070024629292,0.0138161609733309,0.3286875725900116,0.0073277378133051,0
doxorubicin,triple negative breast neoplasms,0.059090909090909,0.0097657629517018,0.0013273129426588,0.6923076923076923,0.0027945223263669,0
cyclophosphamide,triple negative breast neoplasms,0.1477272727272727,0.0220263367450415,0.0613567145166867,0.2134615384615384,0.009531721675135,0
triptorelin pamoate,prostatic neoplasms,0.0181818181818181,0.0024649697833177,0.0,1.0,0.001133412823797,1
leuprolide,prostatic neoplasms,0.0477272727272727,0.0039660735579197,0.0061951526349061,0.5095238095238095,0.0022298845848372,1
cetuximab,head and neck neoplasms,0.0136363636363636,0.0032824765659643,0.0,1.0,0.0013779827575779,0
hydroxyurea,head and neck neoplasms,0.1295454545454545,0.1262038596734414,0.0071559507210774,0.8114035087719298,0.0038092941274838,0
fluorouracil,head and neck neoplasms,0.0636363636363636,0.0120540717413842,0.0040499668468395,0.4788359788359788,0.0035617295160401,0
cetuximab,pharyngeal neoplasms,0.0136363636363636,0.0032824765659643,0.0,1.0,0.0013779827575779,0
hydroxyurea,pharyngeal neoplasms,0.1295454545454545,0.1262038596734414,0.0071559507210774,0.8114035087719298,0.0038092941274838,0
fluorouracil,pharyngeal neoplasms,0.0636363636363636,0.0120540717413842,0.0040499668468395,0.4788359788359788,0.0035617295160401,0
cetuximab,laryngeal neoplasms,0.0136363636363636,0.0032824765659643,0.0,1.0,0.0013779827575779,0
hydroxyurea,laryngeal neoplasms,0.1295454545454545,0.1262038596734414,0.0071559507210774,0.8114035087719298,0.0038092941274838,0
fluorouracil,laryngeal neoplasms,0.0636363636363636,0.0120540717413842,0.0040499668468395,0.4788359788359788,0.0035617295160401,0
cetuximab,nose neoplasms,0.0136363636363636,0.0032824765659643,0.0,1.0,0.0013779827575779,0
hydroxyurea,nose neoplasms,0.1295454545454545,0.1262038596734414,0.0071559507210774,0.8114035087719298,0.0038092941274838,0
fluorouracil,nose neoplasms,0.0636363636363636,0.0120540717413842,0.0040499668468395,0.4788359788359788,0.0035617295160401,0
cetuximab,paranasal sinus neoplasms,0.0136363636363636,0.0032824765659643,0.0,1.0,0.0013779827575779,0
hydroxyurea,paranasal sinus neoplasms,0.1295454545454545,0.1262038596734414,0.0071559507210774,0.8114035087719298,0.0038092941274838,0
fluorouracil,paranasal sinus neoplasms,0.0636363636363636,0.0120540717413842,0.0040499668468395,0.4788359788359788,0.0035617295160401,0
nivolumab,"carcinoma, non-small-cell lung",0.0295454545454545,0.0051632056861901,0.0009024187831987,0.5897435897435898,0.0013928412067965,1
carboplatin,"carcinoma, non-small-cell lung",0.0954545454545454,0.0053070024629292,0.0138161609733309,0.3286875725900116,0.0073277378133051,1
pemetrexed,"carcinoma, non-small-cell lung",0.0431818181818181,0.0031694105399731,0.0022259203296109,0.4269005847953216,0.0023013610509475,1
cisplatin,"carcinoma, non-small-cell lung",0.0772727272727272,0.0100876323767294,0.0084059076940843,0.4688057040998217,0.0038666129582391,1
everolimus,urinary bladder neoplasms,0.0318181818181818,0.0010185060280513,0.0045251155063604,0.6373626373626373,0.0020826363663551,0
valacyclovir,prostatic neoplasms,0.1113636363636363,0.043294166170163,0.0081486838347109,0.6964285714285714,0.0034080074486297,0
melphalan,multiple myeloma,0.059090909090909,0.0079426436926843,0.0021911953463058,0.56,0.0033531561041128,0
nivolumab,multiple myeloma,0.0295454545454545,0.0051632056861901,0.0009024187831987,0.5897435897435898,0.0013928412067965,0
cisplatin,"carcinoma, non-small-cell lung",0.0772727272727272,0.0100876323767294,0.0084059076940843,0.4688057040998217,0.0038666129582391,1
docetaxel,"carcinoma, non-small-cell lung",0.0568181818181818,0.0039668439435579,0.0061106675347141,0.39,0.0031450974888271,1
cisplatin,"carcinoma, non-small-cell lung",0.0772727272727272,0.0100876323767294,0.0084059076940843,0.4688057040998217,0.0038666129582391,1
docetaxel,"carcinoma, non-small-cell lung",0.0568181818181818,0.0039668439435579,0.0061106675347141,0.39,0.0031450974888271,1
enoxaparin,"carcinoma, non-small-cell lung",0.0181818181818181,0.0011879194003239,0.0,1.0,0.0009708932069746,1
azacitidine,"leukemia, myeloid, acute",0.0318181818181818,0.0008788800959003,0.0003864472380521,0.6703296703296703,0.0023908926462002,1
cytarabine,"leukemia, myeloid, acute",0.084090909090909,0.0128495730906794,0.0154016622975452,0.4234234234234234,0.0051777007088009,1
lenograstim,"leukemia, myeloid, acute",0.0113636363636363,0.0003322573296132,0.0,1.0,0.0008543355040039,1
filgrastim,"leukemia, myeloid, acute",0.0113636363636363,0.0003322573296132,0.0,1.0,0.0008543355040039,1
carboplatin,small cell lung carcinoma,0.0954545454545454,0.0053070024629292,0.0138161609733309,0.3286875725900116,0.0073277378133051,0
etoposide,small cell lung carcinoma,0.0931818181818181,0.0134612962297106,0.0123870642627383,0.4109756097560975,0.0059387252291714,0
paclitaxel,small cell lung carcinoma,0.0113636363636363,0.0011733003341038,0.0,1.0,0.0009061130443133,0
carboplatin,"carcinoma, neuroendocrine",0.0954545454545454,0.0053070024629292,0.0138161609733309,0.3286875725900116,0.0073277378133051,0
etoposide,"carcinoma, neuroendocrine",0.0931818181818181,0.0134612962297106,0.0123870642627383,0.4109756097560975,0.0059387252291714,0
paclitaxel,"carcinoma, neuroendocrine",0.0113636363636363,0.0011733003341038,0.0,1.0,0.0009061130443133,0
tretinoin,"breast neoplasms, male",0.0272727272727272,0.0008665054517398,0.0001028959066687,0.8181818181818182,0.0018416375796508,0
lenalidomide,multiple myeloma,0.0386363636363636,0.0059665154773158,0.0031730552957614,0.4852941176470588,0.0019625401980417,1
everolimus,breast neoplasms,0.0318181818181818,0.0010185060280513,0.0045251155063604,0.6373626373626373,0.0020826363663551,0
carboplatin,breast neoplasms,0.0954545454545454,0.0053070024629292,0.0138161609733309,0.3286875725900116,0.0073277378133051,0
cyclophosphamide,multiple myeloma,0.1477272727272727,0.0220263367450415,0.0613567145166867,0.2134615384615384,0.009531721675135,0
dexamethasone,multiple myeloma,0.1590909090909091,0.0652531387586349,0.0464260603554097,0.3892339544513457,0.00674613978314,0
cytarabine,leukemia,0.084090909090909,0.0128495730906794,0.0154016622975452,0.4234234234234234,0.0051777007088009,1
daunorubicin,leukemia,0.0272727272727272,0.0008665054517398,0.0001028959066687,0.8181818181818182,0.0018416375796508,1
etoposide,leukemia,0.0931818181818181,0.0134612962297106,0.0123870642627383,0.4109756097560975,0.0059387252291714,1
vidarabine phosphate,leukemia,0.034090909090909,0.0026165723297371,0.0042005668296528,0.580952380952381,0.0024170797777983,1
tretinoin,leukemia,0.0272727272727272,0.0008665054517398,0.0001028959066687,0.8181818181818182,0.0018416375796508,1
cytarabine,myelodysplastic syndromes,0.084090909090909,0.0128495730906794,0.0154016622975452,0.4234234234234234,0.0051777007088009,1
daunorubicin,myelodysplastic syndromes,0.0272727272727272,0.0008665054517398,0.0001028959066687,0.8181818181818182,0.0018416375796508,1
etoposide,myelodysplastic syndromes,0.0931818181818181,0.0134612962297106,0.0123870642627383,0.4109756097560975,0.0059387252291714,1
vidarabine phosphate,myelodysplastic syndromes,0.034090909090909,0.0026165723297371,0.0042005668296528,0.580952380952381,0.0024170797777983,1
tretinoin,myelodysplastic syndromes,0.0272727272727272,0.0008665054517398,0.0001028959066687,0.8181818181818182,0.0018416375796508,1
cyclophosphamide,lymphoma,0.1477272727272727,0.0220263367450415,0.0613567145166867,0.2134615384615384,0.009531721675135,0
gemcitabine,lymphoma,0.0863636363636363,0.0112729632064848,0.0130135433923706,0.3442389758179232,0.0043108785968346,0
prednisolone,lymphoma,0.1954545454545454,0.0410112226145668,0.0584665116519279,0.3269493844049247,0.0069649229822454,0
vincristine,lymphoma,0.0727272727272727,0.0102632723774062,0.0053159788023224,0.5262096774193549,0.0059390410308471,0
bevacizumab,glioblastoma,0.0522727272727272,0.0022145268399167,0.0087182773131942,0.3596837944664031,0.004614403413593,0
oxaliplatin,head and neck neoplasms,0.0181818181818181,0.0061457371232844,0.0001852292692584,0.7142857142857143,0.0012570769761664,0
capecitabine,colorectal neoplasms,0.0159090909090909,0.003601157609166,2.3579837877462957e-05,0.8095238095238095,0.0009908317336963,0
azacitidine,"leukemia, myeloid, acute",0.0318181818181818,0.0008788800959003,0.0003864472380521,0.6703296703296703,0.0023908926462002,1
methionine,jaundice,0.0068181818181818,0.0007754516696151,0.0,1.0,0.0009775865261755,1
inosine,jaundice,0.0068181818181818,0.0007754516696151,0.0,1.0,0.0009775865261755,1
niacinamide,jaundice,0.0977272727272727,0.0393136626663929,0.0126734313522468,0.867109634551495,0.0033484996365146,1
ringer's solution,jaundice,0.0068181818181818,0.0007754516696151,0.0,1.0,0.0009775865261755,1
celecoxib,colorectal neoplasms,0.0409090909090909,0.0094893477693523,0.0050826469134277,0.5228758169934641,0.001910866853333,1
fluorouracil,colorectal neoplasms,0.0636363636363636,0.0120540717413842,0.0040499668468395,0.4788359788359788,0.0035617295160401,1
leucovorin,colorectal neoplasms,0.2431818181818181,0.1504674136672513,0.04849142249252,0.3729500969846588,0.0071946113632105,1
sunitinib,squamous cell carcinoma of head and neck,0.034090909090909,0.0016171359056321,0.0019398025701382,0.5714285714285714,0.0021158159599684,0
sunitinib,squamous cell carcinoma of head and neck,0.034090909090909,0.0016171359056321,0.0019398025701382,0.5714285714285714,0.0021158159599684,0
carboplatin,neuroblastoma,0.0954545454545454,0.0053070024629292,0.0138161609733309,0.3286875725900116,0.0073277378133051,0
etoposide,neuroblastoma,0.0931818181818181,0.0134612962297106,0.0123870642627383,0.4109756097560975,0.0059387252291714,0
melphalan,neuroblastoma,0.059090909090909,0.0079426436926843,0.0021911953463058,0.56,0.0033531561041128,0
interleukin-6 inhibitors,breast neoplasms,0.0249999999999999,0.000970694318061,0.0,1.0,0.0014719746930209,0
interleukin-6 inhibitors,breast neoplasms,0.0249999999999999,0.000970694318061,0.0,1.0,0.0014719746930209,0
cisplatin,lymphoma,0.0772727272727272,0.0100876323767294,0.0084059076940843,0.4688057040998217,0.0038666129582391,0
methotrexate,"arthritis, rheumatoid",0.1227272727272727,0.0312347356999842,0.0111594079134167,0.5576519916142557,0.0047850218056362,1
ibandronic acid,pain,0.0454545454545454,0.007406050393693,0.004574508176292,0.5684210526315789,0.00185134312699,1
ibandronic acid,bone neoplasms,0.0454545454545454,0.007406050393693,0.004574508176292,0.5684210526315789,0.00185134312699,1
ibandronic acid,neoplasm metastasis,0.0454545454545454,0.007406050393693,0.004574508176292,0.5684210526315789,0.00185134312699,1
bendamustine hydrochloride,hodgkin disease,0.0272727272727272,0.0050143752392077,4.185880195904136e-05,0.9545454545454546,0.001644566342233,0
carmustine,hodgkin disease,0.0295454545454545,0.0051254815773605,4.983804114556984e-05,0.8846153846153846,0.0019330066800111,0
etoposide,hodgkin disease,0.0931818181818181,0.0134612962297106,0.0123870642627383,0.4109756097560975,0.0059387252291714,0
melphalan,hodgkin disease,0.059090909090909,0.0079426436926843,0.0021911953463058,0.56,0.0033531561041128,0
cytarabine,hodgkin disease,0.084090909090909,0.0128495730906794,0.0154016622975452,0.4234234234234234,0.0051777007088009,0
alemtuzumab,hodgkin disease,0.0386363636363636,0.0082836934403245,0.000914466348821,0.5514705882352942,0.0022522441784848,0
rituximab,hodgkin disease,0.1181818181818181,0.0341592601089505,0.0088094751807696,0.5580693815987934,0.0043350958230969,0
bendamustine hydrochloride,"lymphoma, non-hodgkin",0.0272727272727272,0.0050143752392077,4.185880195904136e-05,0.9545454545454546,0.001644566342233,0
carmustine,"lymphoma, non-hodgkin",0.0295454545454545,0.0051254815773605,4.983804114556984e-05,0.8846153846153846,0.0019330066800111,0
etoposide,"lymphoma, non-hodgkin",0.0931818181818181,0.0134612962297106,0.0123870642627383,0.4109756097560975,0.0059387252291714,0
melphalan,"lymphoma, non-hodgkin",0.059090909090909,0.0079426436926843,0.0021911953463058,0.56,0.0033531561041128,0
cytarabine,"lymphoma, non-hodgkin",0.084090909090909,0.0128495730906794,0.0154016622975452,0.4234234234234234,0.0051777007088009,0
alemtuzumab,"lymphoma, non-hodgkin",0.0386363636363636,0.0082836934403245,0.000914466348821,0.5514705882352942,0.0022522441784848,0
rituximab,"lymphoma, non-hodgkin",0.1181818181818181,0.0341592601089505,0.0088094751807696,0.5580693815987934,0.0043350958230969,0
darbepoetin alfa,anemia,0.0181818181818181,0.001865419772501,0.0006908623404525,0.75,0.0009001799699996,0
darbepoetin alfa,neoplasms,0.0181818181818181,0.001865419772501,0.0006908623404525,0.75,0.0009001799699996,0
cyproterone acetate,prostatic neoplasms,0.0181818181818181,0.0024649697833177,0.0,1.0,0.001133412823797,0
cyproterone acetate,prostatic neoplasms,0.0181818181818181,0.0024649697833177,0.0,1.0,0.001133412823797,0
cyproterone acetate,prostatic neoplasms,0.0181818181818181,0.0024649697833177,0.0,1.0,0.001133412823797,0
docetaxel,lung neoplasms,0.0568181818181818,0.0039668439435579,0.0061106675347141,0.39,0.0031450974888271,0
carboplatin,lung neoplasms,0.0954545454545454,0.0053070024629292,0.0138161609733309,0.3286875725900116,0.0073277378133051,0
docetaxel,lung neoplasms,0.0568181818181818,0.0039668439435579,0.0061106675347141,0.39,0.0031450974888271,0
gemcitabine,lung neoplasms,0.0863636363636363,0.0112729632064848,0.0130135433923706,0.3442389758179232,0.0043108785968346,0
pilocarpine,head and neck neoplasms,0.0136363636363636,0.0032824765659643,0.0,1.0,0.0008532822582045,1
pilocarpine,obstetric labor complications,0.0136363636363636,0.0032824765659643,0.0,1.0,0.0008532822582045,1
antibodies,precursor cell lymphoblastic leukemia-lymphoma,0.0454545454545454,0.002759540836998,0.0023203394971886,0.5157894736842106,0.0024944635162507,1
antibodies,"leukemia, myeloid, acute",0.0454545454545454,0.002759540836998,0.0023203394971886,0.5157894736842106,0.0024944635162507,1
antibodies,"leukemia, myelogenous, chronic, bcr-abl positive",0.0454545454545454,0.002759540836998,0.0023203394971886,0.5157894736842106,0.0024944635162507,1
antibodies,"leukemia, myelomonocytic, juvenile",0.0454545454545454,0.002759540836998,0.0023203394971886,0.5157894736842106,0.0024944635162507,1
antibodies,myelodysplastic syndromes,0.0454545454545454,0.002759540836998,0.0023203394971886,0.5157894736842106,0.0024944635162507,1
antibodies,hemoglobinuria,0.0454545454545454,0.002759540836998,0.0023203394971886,0.5157894736842106,0.0024944635162507,1
antibodies,"lymphoma, non-hodgkin",0.0454545454545454,0.002759540836998,0.0023203394971886,0.5157894736842106,0.0024944635162507,1
cytarabine,leukemia,0.084090909090909,0.0128495730906794,0.0154016622975452,0.4234234234234234,0.0051777007088009,0
homoharringtonine,leukemia,0.0181818181818181,0.0007763940023714,0.0,1.0,0.0010098424056264,0
cyclophosphamide,"leukemia, lymphocytic, chronic, b-cell",0.1477272727272727,0.0220263367450415,0.0613567145166867,0.2134615384615384,0.009531721675135,0
alemtuzumab,"leukemia, lymphocytic, chronic, b-cell",0.0386363636363636,0.0082836934403245,0.000914466348821,0.5514705882352942,0.0022522441784848,0
rituximab,"leukemia, lymphocytic, chronic, b-cell",0.1181818181818181,0.0341592601089505,0.0088094751807696,0.5580693815987934,0.0043350958230969,0
pemetrexed,"carcinoma, non-small-cell lung",0.0431818181818181,0.0031694105399731,0.0022259203296109,0.4269005847953216,0.0023013610509475,1
pemetrexed,lung neoplasms,0.0431818181818181,0.0031694105399731,0.0022259203296109,0.4269005847953216,0.0023013610509475,1
fluorouracil,colorectal neoplasms,0.0636363636363636,0.0120540717413842,0.0040499668468395,0.4788359788359788,0.0035617295160401,0
irinotecan,colorectal neoplasms,0.0704545454545454,0.0069279404003366,0.0068326716272487,0.4043010752688172,0.005869135247709,0
leucovorin,colorectal neoplasms,0.2431818181818181,0.1504674136672513,0.04849142249252,0.3729500969846588,0.0071946113632105,0
panobinostat,multiple myeloma,0.1454545454545454,0.1290642595918741,0.0124470547358633,0.6696428571428571,0.0036092222439339,0
lenalidomide,multiple myeloma,0.0386363636363636,0.0059665154773158,0.0031730552957614,0.4852941176470588,0.0019625401980417,0
dexamethasone,multiple myeloma,0.1590909090909091,0.0652531387586349,0.0464260603554097,0.3892339544513457,0.00674613978314,0
fluorouracil,esophageal neoplasms,0.0636363636363636,0.0120540717413842,0.0040499668468395,0.4788359788359788,0.0035617295160401,0
leucovorin,esophageal neoplasms,0.2431818181818181,0.1504674136672513,0.04849142249252,0.3729500969846588,0.0071946113632105,0
oxaliplatin,esophageal neoplasms,0.0181818181818181,0.0061457371232844,0.0001852292692584,0.7142857142857143,0.0012570769761664,0
fluorouracil,stomach neoplasms,0.0636363636363636,0.0120540717413842,0.0040499668468395,0.4788359788359788,0.0035617295160401,0
leucovorin,stomach neoplasms,0.2431818181818181,0.1504674136672513,0.04849142249252,0.3729500969846588,0.0071946113632105,0
oxaliplatin,stomach neoplasms,0.0181818181818181,0.0061457371232844,0.0001852292692584,0.7142857142857143,0.0012570769761664,0
mifepristone,adenomyosis,0.0022727272727272,0.0002216813128424,0.0,0.0,0.0004371280610899,1
carboplatin,ovarian neoplasms,0.0954545454545454,0.0053070024629292,0.0138161609733309,0.3286875725900116,0.0073277378133051,0
carboplatin,fallopian tube neoplasms,0.0954545454545454,0.0053070024629292,0.0138161609733309,0.3286875725900116,0.0073277378133051,0
carboplatin,peritoneal neoplasms,0.0954545454545454,0.0053070024629292,0.0138161609733309,0.3286875725900116,0.0073277378133051,0
bevacizumab,carcinoma,0.0522727272727272,0.0022145268399167,0.0087182773131942,0.3596837944664031,0.004614403413593,0
clomiphene,polycystic ovary syndrome,0.0136363636363636,0.0005330579922687,0.0047570529769438,0.4,0.0013734626222597,1
letrozole,polycystic ovary syndrome,0.0318181818181818,0.0010158294362144,0.0019487174693453,0.6703296703296703,0.0020244198747277,1
irinotecan,sarcoma,0.0704545454545454,0.0069279404003366,0.0068326716272487,0.4043010752688172,0.005869135247709,0
temozolomide,sarcoma,0.0318181818181818,0.0014423370312677,0.001297414816427,0.5274725274725275,0.0035022949767814,0
irinotecan,neoplasm metastasis,0.0704545454545454,0.0069279404003366,0.0068326716272487,0.4043010752688172,0.005869135247709,0
temozolomide,neoplasm metastasis,0.0318181818181818,0.0014423370312677,0.001297414816427,0.5274725274725275,0.0035022949767814,0
sorafenib,carcinoma,0.009090909090909,0.0004559997786422,0.0,1.0,0.0007339352410213,1
lenalidomide,recurrence,0.0386363636363636,0.0059665154773158,0.0031730552957614,0.4852941176470588,0.0019625401980417,1
rituximab,recurrence,0.1181818181818181,0.0341592601089505,0.0088094751807696,0.5580693815987934,0.0043350958230969,1
lapatinib,esophageal squamous cell carcinoma,0.0113636363636363,0.0032960865806101,0.0001116105674324,0.5,0.0007673379285628,0
capecitabine,esophageal squamous cell carcinoma,0.0159090909090909,0.003601157609166,2.3579837877462957e-05,0.8095238095238095,0.0009908317336963,0
pemetrexed,"carcinoma, non-small-cell lung",0.0431818181818181,0.0031694105399731,0.0022259203296109,0.4269005847953216,0.0023013610509475,1
carboplatin,"carcinoma, non-small-cell lung",0.0954545454545454,0.0053070024629292,0.0138161609733309,0.3286875725900116,0.0073277378133051,1
axitinib,"carcinoma, renal cell",0.0068181818181818,0.0004585933249338,0.0,1.0,0.0007281799844593,0
bevacizumab,"carcinoma, ovarian epithelial",0.0522727272727272,0.0022145268399167,0.0087182773131942,0.3596837944664031,0.004614403413593,0
albumin-bound paclitaxel,"carcinoma, ovarian epithelial",0.0045454545454545,0.0002334389924321,0.0,1.0,0.0005074109863521,0
omeprazole,dyspepsia,0.0,2.5494772664681652e-62,0.0,0.0,0.0003573555687909,1
omeprazole,dyspepsia,0.0,2.5494772664681652e-62,0.0,0.0,0.0003573555687909,1
omeprazole,dyspepsia,0.0,2.5494772664681652e-62,0.0,0.0,0.0003573555687909,1
omeprazole,dyspepsia,0.0,2.5494772664681652e-62,0.0,0.0,0.0003573555687909,1
alitretinoin,eczema,0.0,2.5494772664681652e-62,0.0,0.0,0.0003573555687909,1
amoxicillin-potassium clavulanate combination,pneumonia,0.0022727272727272,0.0028550476860106,0.0,0.0,0.0004100566370675,1
pramipexole,anhedonia,0.0,2.5494772664681652e-62,0.0,0.0,0.0003573555687909,1
fentanyl,"pulmonary disease, chronic obstructive",0.0522727272727272,0.0093560433063091,0.0031681107310372,0.5177865612648221,0.0019473577214519,1
ribavirin,hepatitis c,0.1181818181818181,0.1254159999424746,0.0007664295113237,0.9630467571644042,0.0029419357011374,0
minocycline,delirium,0.0045454545454545,3.686488807522214e-05,0.0,1.0,0.0005981316770723,0
minocycline,coma,0.0045454545454545,3.686488807522214e-05,0.0,1.0,0.0005981316770723,0
eszopiclone,sleep initiation and maintenance disorders,0.0295454545454545,0.0077937409759762,0.0001234933542929,0.7435897435897436,0.001122158714691,1
escitalopram,sleep initiation and maintenance disorders,0.1636363636363636,0.0501473540397052,0.014056565613507,0.4741784037558685,0.0050948004524528,1
interferon beta-1a,alzheimer disease,0.0909090909090909,0.0392703384800921,0.0,1.0,0.0025298661858938,0
pregabalin,pain,0.0977272727272727,0.02026736738771,0.0055906036731923,0.5791805094130675,0.0037351455131797,1
pregabalin,pain,0.0977272727272727,0.02026736738771,0.0055906036731923,0.5791805094130675,0.0037351455131797,1
pregabalin,pain,0.0977272727272727,0.02026736738771,0.0055906036731923,0.5791805094130675,0.0037351455131797,1
pregabalin,hernia,0.0977272727272727,0.02026736738771,0.0055906036731923,0.5791805094130675,0.0037351455131797,1
pregabalin,hernia,0.0977272727272727,0.02026736738771,0.0055906036731923,0.5791805094130675,0.0037351455131797,1
pregabalin,hernia,0.0977272727272727,0.02026736738771,0.0055906036731923,0.5791805094130675,0.0037351455131797,1
paroxetine,heat stress disorders,0.0022727272727272,8.119815086003322e-05,0.0,0.0,0.0004388944537493,1
oxytocin,neuromyelitis optica,0.009090909090909,0.0007582460829761,0.0126734313522468,0.5,0.0019344539104272,0
lenalidomide,recurrence,0.0386363636363636,0.0059665154773158,0.0031730552957614,0.4852941176470588,0.0019625401980417,1
rituximab,recurrence,0.1181818181818181,0.0341592601089505,0.0088094751807696,0.5580693815987934,0.0043350958230969,1
human growth hormone,fibromyalgia,0.0068181818181818,1.495660297679658e-05,0.0,1.0,0.0017801333669107,1
human growth hormone,fibromyalgia,0.0068181818181818,1.495660297679658e-05,0.0,1.0,0.0017801333669107,1
chlorthalidone,"renal insufficiency, chronic",0.0681818181818181,0.0053198418805652,0.0013149075921382,0.7954022988505747,0.0025402281933708,1
furosemide,"renal insufficiency, chronic",0.0727272727272727,0.0055051512623299,0.0025798749300764,0.719758064516129,0.0028536377359254,1
torsemide,"renal insufficiency, chronic",0.0681818181818181,0.0053198418805652,0.0013149075921382,0.7954022988505747,0.0025402281933708,1
chlorthalidone,hypertension,0.0681818181818181,0.0053198418805652,0.0013149075921382,0.7954022988505747,0.0025402281933708,1
furosemide,hypertension,0.0727272727272727,0.0055051512623299,0.0025798749300764,0.719758064516129,0.0028536377359254,1
torsemide,hypertension,0.0681818181818181,0.0053198418805652,0.0013149075921382,0.7954022988505747,0.0025402281933708,1
morphine,pain,0.0386363636363636,0.0068874859619449,0.0100767954096538,0.6985294117647058,0.0022090069375852,1
morphine,respiratory insufficiency,0.0386363636363636,0.0068874859619449,0.0100767954096538,0.6985294117647058,0.0022090069375852,1
adalimumab,psoriasis,0.0931818181818181,0.0295715545520953,0.0016649334596325,0.8146341463414634,0.0031743930573502,1
adalimumab,arthritis,0.0931818181818181,0.0295715545520953,0.0016649334596325,0.8146341463414634,0.0031743930573502,1
lithium carbonate,marijuana abuse,0.0,2.5494772664681652e-62,0.0,0.0,0.0003573555687909,0
lithium carbonate,substance withdrawal syndrome,0.0,2.5494772664681652e-62,0.0,0.0,0.0003573555687909,0
vortioxetine,"diabetes mellitus, type 2",0.0454545454545454,0.0028903100881223,0.0046022900494143,0.8105263157894737,0.0019107350643093,1
sertraline,"diabetes mellitus, type 2",0.0659090909090909,0.0042791242585804,0.0114309955888039,0.4975369458128079,0.0027810582221078,1
lamotrigine,alcoholism,0.0704545454545454,0.0153097933083153,0.0014356228616543,0.875268817204301,0.0023546638502462,1
lamotrigine,mania,0.0704545454545454,0.0153097933083153,0.0014356228616543,0.875268817204301,0.0023546638502462,1
lamotrigine,folliculitis,0.0704545454545454,0.0153097933083153,0.0014356228616543,0.875268817204301,0.0023546638502462,1
modafinil,sleep wake disorders,0.0136363636363636,0.0083867630933765,0.0002703624470406,0.4,0.0008490612184815,1
modafinil,"sleep apnea, obstructive",0.0136363636363636,0.0083867630933765,0.0002703624470406,0.4,0.0008490612184815,1
modafinil,dystonic disorders,0.0136363636363636,0.0083867630933765,0.0002703624470406,0.4,0.0008490612184815,1
fentanyl,pain,0.0522727272727272,0.0093560433063091,0.0031681107310372,0.5177865612648221,0.0019473577214519,1
salmine,pain,0.1931818181818181,0.0495352769344616,0.0490214587846664,0.3535014005602241,0.0057580326903994,1
modafinil,post-acute covid-19 syndrome,0.0136363636363636,0.0083867630933765,0.0002703624470406,0.4,0.0008490612184815,0
melatonin,post-acute covid-19 syndrome,0.009090909090909,0.0073571619371998,0.0,1.0,0.0006970259973909,0
modafinil,post-acute covid-19 syndrome,0.0136363636363636,0.0083867630933765,0.0002703624470406,0.4,0.0008490612184815,0
melatonin,post-acute covid-19 syndrome,0.009090909090909,0.0073571619371998,0.0,1.0,0.0006970259973909,0
modafinil,disorders of excessive somnolence,0.0136363636363636,0.0083867630933765,0.0002703624470406,0.4,0.0008490612184815,0
melatonin,disorders of excessive somnolence,0.009090909090909,0.0073571619371998,0.0,1.0,0.0006970259973909,0
sunitinib,breast neoplasms,0.034090909090909,0.0016171359056321,0.0019398025701382,0.5714285714285714,0.0021158159599684,1
docetaxel,breast neoplasms,0.0568181818181818,0.0039668439435579,0.0061106675347141,0.39,0.0031450974888271,1
gabapentin,"pain, postoperative",0.1886363636363636,0.1358346543616375,0.0187173477445972,0.5007346459006758,0.0049475134685049,1
gabapentin,"pain, postoperative",0.1886363636363636,0.1358346543616375,0.0187173477445972,0.5007346459006758,0.0049475134685049,1
gabapentin,"pain, postoperative",0.1886363636363636,0.1358346543616375,0.0187173477445972,0.5007346459006758,0.0049475134685049,1
gabapentin,"pain, postoperative",0.1886363636363636,0.1358346543616375,0.0187173477445972,0.5007346459006758,0.0049475134685049,1
acamprosate,alcoholism,0.0045454545454545,0.0028678698132927,0.0,1.0,0.0004693410870141,0
docetaxel,"carcinoma, non-small-cell lung",0.0568181818181818,0.0039668439435579,0.0061106675347141,0.39,0.0031450974888271,0
escitalopram,asthma,0.1636363636363636,0.0501473540397052,0.014056565613507,0.4741784037558685,0.0050948004524528,0
gemcitabine,pancreatic neoplasms,0.0863636363636363,0.0112729632064848,0.0130135433923706,0.3442389758179232,0.0043108785968346,0
oxycodone,parkinson disease,0.0136363636363636,0.0046496452525453,0.0002431127432964,0.5333333333333333,0.0009239495613788,1
levodopa,parkinson disease,0.0068181818181818,0.0011781800780612,0.0,1.0,0.0006063329307378,1
aripiprazole,"depression, postpartum",0.0,2.5494772664681652e-62,0.0,0.0,0.0003573555687909,1
clomiphene,hypogonadism,0.0136363636363636,0.0005330579922687,0.0047570529769438,0.4,0.0013734626222597,0
clomiphene,opioid-related disorders,0.0136363636363636,0.0005330579922687,0.0047570529769438,0.4,0.0013734626222597,0
clomiphene,"infertility, male",0.0136363636363636,0.0005330579922687,0.0047570529769438,0.4,0.0013734626222597,0
oxycodone,chronic pain,0.0136363636363636,0.0046496452525453,0.0002431127432964,0.5333333333333333,0.0009239495613788,1
naloxone,chronic pain,0.1272727272727272,0.0470309847511955,0.0099573787412827,0.5844155844155844,0.0039163931677379,1
biphasic insulins,diabetes mellitus,0.0545454545454545,0.0073243197708688,0.0,1.0,0.0020002589321135,1
pioglitazone,"diabetes mellitus, type 2",0.0954545454545454,0.0095411733593122,0.0076005154677096,0.5365853658536586,0.0038678185177455,1
pioglitazone,cardiovascular diseases,0.0954545454545454,0.0095411733593122,0.0076005154677096,0.5365853658536586,0.0038678185177455,1
vildagliptin,"diabetes mellitus, type 2",0.0409090909090909,0.0015722696024403,0.0,1.0,0.0017867285947179,1
eplerenone,"diabetes mellitus, type 2",0.0999999999999999,0.0059642908778948,0.0048941391739032,0.554968287526427,0.0039737250736694,1
pantoprazole,pediatric obesity,0.0431818181818181,0.001572825432135,0.0042451853385794,0.8947368421052632,0.0021604275841109,1
pantoprazole,non-alcoholic fatty liver disease,0.0431818181818181,0.001572825432135,0.0042451853385794,0.8947368421052632,0.0021604275841109,1
pantoprazole,gastroesophageal reflux,0.0431818181818181,0.001572825432135,0.0042451853385794,0.8947368421052632,0.0021604275841109,1
sitagliptin phosphate,diabetes mellitus,0.0863636363636363,0.0080137974870272,0.0035193821947559,0.6273115220483642,0.0034453930308986,1
hypoglycemic agents,non-alcoholic fatty liver disease,0.0022727272727272,2.984611983844085e-05,0.0,0.0,0.0004540426871799,0
cholecalciferol,diabetes mellitus,0.0772727272727272,0.0091120875884905,0.0089121617459679,0.5650623885918004,0.00290745696533,1
pioglitazone,diabetes mellitus,0.0954545454545454,0.0095411733593122,0.0076005154677096,0.5365853658536586,0.0038678185177455,1
metformin,diabetes mellitus,0.1409090909090909,0.0116826628786363,0.0534285142767282,0.3046007403490217,0.0071292190177408,0
spironolactone,"hypertension, renal",0.0999999999999999,0.010344623142858,0.001471153826164,0.6405919661733616,0.0036991086445367,1
spironolactone,hypertension,0.0999999999999999,0.010344623142858,0.001471153826164,0.6405919661733616,0.0036991086445367,1
spironolactone,diabetes mellitus,0.0999999999999999,0.010344623142858,0.001471153826164,0.6405919661733616,0.0036991086445367,1
metformin,"polycystic kidney, autosomal dominant",0.1409090909090909,0.0116826628786363,0.0534285142767282,0.3046007403490217,0.0071292190177408,1
exenatide,"diabetes mellitus, type 2",0.0636363636363636,0.0026707823310017,0.0009027908736624,0.6322751322751323,0.0028702626619241,1
exenatide,"diabetes mellitus, type 2",0.0636363636363636,0.0026707823310017,0.0009027908736624,0.6322751322751323,0.0028702626619241,1
exenatide,"diabetes mellitus, type 2",0.0636363636363636,0.0026707823310017,0.0009027908736624,0.6322751322751323,0.0028702626619241,1
metformin,"diabetes mellitus, type 2",0.1409090909090909,0.0116826628786363,0.0534285142767282,0.3046007403490217,0.0071292190177408,1
thyroxine,hypothyroidism,0.0,2.5494772664681652e-62,0.0,0.0,0.0003573555687909,1
chlorthalidone,"renal insufficiency, chronic",0.0681818181818181,0.0053198418805652,0.0013149075921382,0.7954022988505747,0.0025402281933708,1
furosemide,"renal insufficiency, chronic",0.0727272727272727,0.0055051512623299,0.0025798749300764,0.719758064516129,0.0028536377359254,1
torsemide,"renal insufficiency, chronic",0.0681818181818181,0.0053198418805652,0.0013149075921382,0.7954022988505747,0.0025402281933708,1
chlorthalidone,hypertension,0.0681818181818181,0.0053198418805652,0.0013149075921382,0.7954022988505747,0.0025402281933708,1
furosemide,hypertension,0.0727272727272727,0.0055051512623299,0.0025798749300764,0.719758064516129,0.0028536377359254,1
torsemide,hypertension,0.0681818181818181,0.0053198418805652,0.0013149075921382,0.7954022988505747,0.0025402281933708,1
nitric oxide,neuralgia,0.0022727272727272,2.9896461367760456e-05,0.0,0.0,0.0004667597081789,0
pioglitazone,"diabetes mellitus, type 2",0.0954545454545454,0.0095411733593122,0.0076005154677096,0.5365853658536586,0.0038678185177455,0
rosiglitazone,"diabetes mellitus, type 1",0.3204545454545454,0.1692608476552259,0.1140955847402656,0.2822695035460993,0.0088995891468643,1
lubiprostone,constipation,0.0,2.5494772664681652e-62,0.0,0.0,0.0003573555687909,1
metformin,intermittent claudication,0.1409090909090909,0.0116826628786363,0.0534285142767282,0.3046007403490217,0.0071292190177408,1
liraglutide,diabetes mellitus,0.1045454545454545,0.0085609114299958,0.0068157606108421,0.4927536231884058,0.0046216705820895,1
insulin detemir,diabetes mellitus,0.0545454545454545,0.0073243197708688,0.0,1.0,0.0020002589321135,1
metformin,diabetes mellitus,0.1409090909090909,0.0116826628786363,0.0534285142767282,0.3046007403490217,0.0071292190177408,1
insulin glargine,"diabetes mellitus, type 2",0.0977272727272727,0.0096069862237969,0.0082352417110428,0.5138427464008859,0.0041429729043437,1
metformin,"diabetes mellitus, type 2",0.1409090909090909,0.0116826628786363,0.0534285142767282,0.3046007403490217,0.0071292190177408,1
vortioxetine,"diabetes mellitus, type 2",0.0454545454545454,0.0028903100881223,0.0046022900494143,0.8105263157894737,0.0019107350643093,1
sertraline,"diabetes mellitus, type 2",0.0659090909090909,0.0042791242585804,0.0114309955888039,0.4975369458128079,0.0027810582221078,1
acarbose,"diabetes mellitus, type 2",0.0409090909090909,0.0015722696024403,0.0,1.0,0.0017867285947179,0
acarbose,"hypotension, orthostatic",0.0409090909090909,0.0015722696024403,0.0,1.0,0.0017867285947179,0
liraglutide,diabetes mellitus,0.1045454545454545,0.0085609114299958,0.0068157606108421,0.4927536231884058,0.0046216705820895,1
pioglitazone,diabetes mellitus,0.0954545454545454,0.0095411733593122,0.0076005154677096,0.5365853658536586,0.0038678185177455,1
rosiglitazone,hiv-associated lipodystrophy syndrome,0.3204545454545454,0.1692608476552259,0.1140955847402656,0.2822695035460993,0.0088995891468643,0
growth hormone,hiv-associated lipodystrophy syndrome,0.1227272727272727,0.1259135493944708,0.0056320671589985,0.8944793850454228,0.0030277230105513,0
rosiglitazone,hiv-associated lipodystrophy syndrome,0.3204545454545454,0.1692608476552259,0.1140955847402656,0.2822695035460993,0.0088995891468643,0
rosiglitazone,insulin resistance,0.3204545454545454,0.1692608476552259,0.1140955847402656,0.2822695035460993,0.0088995891468643,0
growth hormone,insulin resistance,0.1227272727272727,0.1259135493944708,0.0056320671589985,0.8944793850454228,0.0030277230105513,0
rosiglitazone,insulin resistance,0.3204545454545454,0.1692608476552259,0.1140955847402656,0.2822695035460993,0.0088995891468643,0
rosiglitazone,hiv infections,0.3204545454545454,0.1692608476552259,0.1140955847402656,0.2822695035460993,0.0088995891468643,0
growth hormone,hiv infections,0.1227272727272727,0.1259135493944708,0.0056320671589985,0.8944793850454228,0.0030277230105513,0
rosiglitazone,hiv infections,0.3204545454545454,0.1692608476552259,0.1140955847402656,0.2822695035460993,0.0088995891468643,0
rosiglitazone,metabolic syndrome,0.3204545454545454,0.1692608476552259,0.1140955847402656,0.2822695035460993,0.0088995891468643,0
growth hormone,metabolic syndrome,0.1227272727272727,0.1259135493944708,0.0056320671589985,0.8944793850454228,0.0030277230105513,0
rosiglitazone,metabolic syndrome,0.3204545454545454,0.1692608476552259,0.1140955847402656,0.2822695035460993,0.0088995891468643,0
rosiglitazone,body weight changes,0.3204545454545454,0.1692608476552259,0.1140955847402656,0.2822695035460993,0.0088995891468643,0
growth hormone,body weight changes,0.1227272727272727,0.1259135493944708,0.0056320671589985,0.8944793850454228,0.0030277230105513,0
rosiglitazone,body weight changes,0.3204545454545454,0.1692608476552259,0.1140955847402656,0.2822695035460993,0.0088995891468643,0
insulin,"diabetes mellitus, type 1",0.0068181818181818,0.0035342183055876,0.0,1.0,0.0005488779246463,0
insulin aspart,diabetes mellitus,0.0568181818181818,0.0073901326353535,0.0002696876959238,0.9266666666666666,0.002274896143587,1
butyric acid,magnesium deficiency,0.0022727272727272,0.0001816737894672,0.0,0.0,0.0004410368087925,1
butyric acid,premature birth,0.0022727272727272,0.0001816737894672,0.0,0.0,0.0004410368087925,1
losartan,"diabetes mellitus, type 2",0.0999999999999999,0.0059642908778948,0.0048941391739032,0.554968287526427,0.0041615192935926,1
dextromethorphan,"diabetes mellitus, type 2",0.0409090909090909,0.0015722696024403,0.0,1.0,0.0017867285947179,0
amantadine,"diabetes mellitus, type 2",0.0409090909090909,0.0015722696024403,0.0,1.0,0.0017867285947179,0
exenatide,"diabetes mellitus, type 2",0.0636363636363636,0.0026707823310017,0.0009027908736624,0.6322751322751323,0.0028702626619241,1
pioglitazone,"diabetes mellitus, type 2",0.0954545454545454,0.0095411733593122,0.0076005154677096,0.5365853658536586,0.0038678185177455,1
pioglitazone,"diabetes mellitus, type 2",0.0954545454545454,0.0095411733593122,0.0076005154677096,0.5365853658536586,0.0038678185177455,1
metformin,"diabetes mellitus, type 2",0.1409090909090909,0.0116826628786363,0.0534285142767282,0.3046007403490217,0.0071292190177408,1
cholecalciferol,"renal insufficiency, chronic",0.0772727272727272,0.0091120875884905,0.0089121617459679,0.5650623885918004,0.00290745696533,1
calcitriol,"renal insufficiency, chronic",0.0136363636363636,0.0010236988958644,0.0,1.0,0.0008070699135056,1
octreotide,acromegaly,0.0,2.5494772664681652e-62,0.0,0.0,0.0003573555687909,1
vasopressins,"shock, traumatic",0.0,2.5494772664681652e-62,0.0,0.0,0.0003573555687909,0
sitagliptin phosphate,"diabetes mellitus, type 2",0.0863636363636363,0.0080137974870272,0.0035193821947559,0.6273115220483642,0.0034453930308986,1
sitagliptin phosphate,"diabetes mellitus, type 2",0.0863636363636363,0.0080137974870272,0.0035193821947559,0.6273115220483642,0.0034453930308986,1
insulin glargine,"diabetes mellitus, type 2",0.0977272727272727,0.0096069862237969,0.0082352417110428,0.5138427464008859,0.0041429729043437,1
insulin glargine,cardiovascular diseases,0.0977272727272727,0.0096069862237969,0.0082352417110428,0.5138427464008859,0.0041429729043437,1
ranibizumab,diabetic retinopathy,0.0113636363636363,0.0018839581011123,0.0,1.0,0.000726653322497,0
ranibizumab,retinal diseases,0.0113636363636363,0.0018839581011123,0.0,1.0,0.000726653322497,0
ranibizumab,eye diseases,0.0113636363636363,0.0018839581011123,0.0,1.0,0.000726653322497,0
ranibizumab,diabetic angiopathies,0.0113636363636363,0.0018839581011123,0.0,1.0,0.000726653322497,0
ranibizumab,vascular diseases,0.0113636363636363,0.0018839581011123,0.0,1.0,0.000726653322497,0
ranibizumab,cardiovascular diseases,0.0113636363636363,0.0018839581011123,0.0,1.0,0.000726653322497,0
islet amyloid polypeptide,weight gain,0.0,2.5494772664681652e-62,0.0,0.0,0.0003573555687909,1
mifepristone,endocrine system diseases,0.0022727272727272,0.0002216813128424,0.0,0.0,0.0004371280610899,0
sitagliptin phosphate,"diabetes mellitus, type 2",0.0863636363636363,0.0080137974870272,0.0035193821947559,0.6273115220483642,0.0034453930308986,1
metformin,"diabetes mellitus, type 2",0.1409090909090909,0.0116826628786363,0.0534285142767282,0.3046007403490217,0.0071292190177408,1
insulin glargine,"diabetes mellitus, type 2",0.0977272727272727,0.0096069862237969,0.0082352417110428,0.5138427464008859,0.0041429729043437,1
"insulin, isophane","diabetes mellitus, type 2",0.0409090909090909,0.0015722696024403,0.0,1.0,0.0017867285947179,1
pantoprazole,"diabetes mellitus, type 2",0.0431818181818181,0.001572825432135,0.0042451853385794,0.8947368421052632,0.0021604275841109,1
glucagon,hypoglycemia,0.0545454545454545,0.0073243197708688,0.0,1.0,0.0020002589321135,1
glucagon,diabetes mellitus,0.0545454545454545,0.0073243197708688,0.0,1.0,0.0020002589321135,1
teriparatide,"renal insufficiency, chronic",0.0954545454545454,0.0276665452611362,0.0092359270472074,0.7491289198606271,0.0028836546281255,1
teriparatide,heart diseases,0.0954545454545454,0.0276665452611362,0.0092359270472074,0.7491289198606271,0.0028836546281255,1
amlodipine,hypertension,0.1295454545454545,0.0186187896831198,0.0130190246252335,0.43734335839599,0.005413068159478,1
valsartan,hypertension,0.1045454545454545,0.0106420449276574,0.0028385193277934,0.5932367149758454,0.0045626658832071,1
hydrochlorothiazide,hypertension,0.1045454545454545,0.0127066071179724,0.0032015922035127,0.5942028985507246,0.0046625854023606,1
amlodipine,diabetes mellitus,0.1295454545454545,0.0186187896831198,0.0130190246252335,0.43734335839599,0.005413068159478,1
valsartan,diabetes mellitus,0.1045454545454545,0.0106420449276574,0.0028385193277934,0.5932367149758454,0.0045626658832071,1
hydrochlorothiazide,diabetes mellitus,0.1045454545454545,0.0127066071179724,0.0032015922035127,0.5942028985507246,0.0046625854023606,1
amlodipine,albuminuria,0.1295454545454545,0.0186187896831198,0.0130190246252335,0.43734335839599,0.005413068159478,1
valsartan,albuminuria,0.1045454545454545,0.0106420449276574,0.0028385193277934,0.5932367149758454,0.0045626658832071,1
hydrochlorothiazide,albuminuria,0.1045454545454545,0.0127066071179724,0.0032015922035127,0.5942028985507246,0.0046625854023606,1
sodium-glucose transporter 2 inhibitors,polycystic ovary syndrome,0.009090909090909,0.0002816051984944,0.0,1.0,0.0008457701594399,1
metformin,polycystic ovary syndrome,0.1409090909090909,0.0116826628786363,0.0534285142767282,0.3046007403490217,0.0071292190177408,1
alemtuzumab,liver diseases,0.0386363636363636,0.0082836934403245,0.000914466348821,0.5514705882352942,0.0022522441784848,0
cyclosporine,liver diseases,0.0204545454545454,0.0047290874193012,0.0010320941175954,0.4166666666666667,0.0011570700594169,0
mycophenolic acid,liver diseases,0.0204545454545454,0.0024338849501303,0.0047099038223747,0.3611111111111111,0.0015799555276769,0
tacrolimus,liver diseases,0.15,0.0382420011834982,0.0128777968094813,0.4769230769230769,0.0048860365495628,0
insulin aspart,diabetes mellitus,0.0568181818181818,0.0073901326353535,0.0002696876959238,0.9266666666666666,0.002274896143587,1
liraglutide,nutrition disorders,0.1045454545454545,0.0085609114299958,0.0068157606108421,0.4927536231884058,0.0046216705820895,0
orlistat,nutrition disorders,0.0295454545454545,0.0015749616898234,0.0,1.0,0.0014934268680821,0
liraglutide,obesity,0.1045454545454545,0.0085609114299958,0.0068157606108421,0.4927536231884058,0.0046216705820895,0
orlistat,obesity,0.0295454545454545,0.0015749616898234,0.0,1.0,0.0014934268680821,0
insulin glargine,diabetes mellitus,0.0977272727272727,0.0096069862237969,0.0082352417110428,0.5138427464008859,0.0041429729043437,1
biphasic insulins,diabetes mellitus,0.0545454545454545,0.0073243197708688,0.0,1.0,0.0020002589321135,1
insulin aspart,"diabetes mellitus, type 1",0.0568181818181818,0.0073901326353535,0.0002696876959238,0.9266666666666666,0.002274896143587,1
caspofungin,"diabetes mellitus, type 2",0.0409090909090909,0.0015722696024403,0.0,1.0,0.0017867285947179,0
metformin,"diabetes mellitus, type 2",0.1409090909090909,0.0116826628786363,0.0534285142767282,0.3046007403490217,0.0071292190177408,0
insulin lispro,diabetes mellitus,0.0545454545454545,0.0073243197708688,0.0,1.0,0.0020002589321135,0
insulin glargine,diabetes mellitus,0.0977272727272727,0.0096069862237969,0.0082352417110428,0.5138427464008859,0.0041429729043437,0
canagliflozin,diabetes mellitus,0.0545454545454545,0.0073243197708688,0.0,1.0,0.0020002589321135,1
pioglitazone,diabetes mellitus,0.0954545454545454,0.0095411733593122,0.0076005154677096,0.5365853658536586,0.0038678185177455,1
gliclazide,diabetes mellitus,0.0545454545454545,0.0073243197708688,0.0,1.0,0.0020002589321135,1
metformin,breast neoplasms,0.1409090909090909,0.0116826628786363,0.0534285142767282,0.3046007403490217,0.0071292190177408,0
metformin,diabetes mellitus,0.1409090909090909,0.0116826628786363,0.0534285142767282,0.3046007403490217,0.0071292190177408,0
metformin,diabetes mellitus,0.1409090909090909,0.0116826628786363,0.0534285142767282,0.3046007403490217,0.0071292190177408,0
metformin,endocrine system diseases,0.1409090909090909,0.0116826628786363,0.0534285142767282,0.3046007403490217,0.0071292190177408,0
metformin,metabolic diseases,0.1409090909090909,0.0116826628786363,0.0534285142767282,0.3046007403490217,0.0071292190177408,0
metformin,diabetes mellitus,0.1409090909090909,0.0116826628786363,0.0534285142767282,0.3046007403490217,0.0071292190177408,1
insulin glargine,"diabetes mellitus, type 1",0.0977272727272727,0.0096069862237969,0.0082352417110428,0.5138427464008859,0.0041429729043437,1
sitagliptin phosphate,"diabetes mellitus, type 2",0.0863636363636363,0.0080137974870272,0.0035193821947559,0.6273115220483642,0.0034453930308986,0
metformin,"diabetes mellitus, type 2",0.1409090909090909,0.0116826628786363,0.0534285142767282,0.3046007403490217,0.0071292190177408,0
metformin,diabetes mellitus,0.1409090909090909,0.0116826628786363,0.0534285142767282,0.3046007403490217,0.0071292190177408,1
metformin,diabetes mellitus,0.1409090909090909,0.0116826628786363,0.0534285142767282,0.3046007403490217,0.0071292190177408,1
metformin,diabetes mellitus,0.1409090909090909,0.0116826628786363,0.0534285142767282,0.3046007403490217,0.0071292190177408,1
metformin,"diabetes mellitus, type 2",0.1409090909090909,0.0116826628786363,0.0534285142767282,0.3046007403490217,0.0071292190177408,1
tirzepatide,"diabetes mellitus, type 2",0.0636363636363636,0.0026707823310017,0.0009027908736624,0.6322751322751323,0.0028702626619241,1
insulin glargine,"diabetes mellitus, type 2",0.0977272727272727,0.0096069862237969,0.0082352417110428,0.5138427464008859,0.0041429729043437,1
liraglutide,diabetes mellitus,0.1045454545454545,0.0085609114299958,0.0068157606108421,0.4927536231884058,0.0046216705820895,1
rosiglitazone,diabetes mellitus,0.3204545454545454,0.1692608476552259,0.1140955847402656,0.2822695035460993,0.0088995891468643,1
telmisartan,diabetes mellitus,0.1227272727272727,0.0109912104354152,0.0075486013722149,0.4828791055206149,0.0047876597546245,1
ramipril,diabetes mellitus,0.1181818181818181,0.0110092115397643,0.024065040008477,0.4788838612368024,0.004250713111743,1
telmisartan,hypertension,0.1227272727272727,0.0109912104354152,0.0075486013722149,0.4828791055206149,0.0047876597546245,1
ramipril,hypertension,0.1181818181818181,0.0110092115397643,0.024065040008477,0.4788838612368024,0.004250713111743,1
topiramate,obesity,0.0999999999999999,0.0159296360030127,0.0167524818407732,0.5338266384778013,0.0037854268908082,1
influenza vaccines,covid-19,0.009090909090909,0.0040515409566697,0.0,1.0,0.0006687455868772,0
influenza vaccines,"influenza, human",0.009090909090909,0.0040515409566697,0.0,1.0,0.0006687455868772,0
tirzepatide,"diabetes mellitus, type 2",0.0636363636363636,0.0026707823310017,0.0009027908736624,0.6322751322751323,0.0028702626619241,1
betaine,obesity,0.0295454545454545,0.0015749616898234,0.0,1.0,0.0014210058662957,0
metformin,gout,0.1409090909090909,0.0116826628786363,0.0534285142767282,0.3046007403490217,0.0071292190177408,0
fluvoxamine,covid-19,0.009090909090909,0.0040515409566697,0.0,1.0,0.0006687455868772,1
metformin,"diabetes mellitus, type 2",0.1409090909090909,0.0116826628786363,0.0534285142767282,0.3046007403490217,0.0071292190177408,1
colesevelam hydrochloride,"diabetes mellitus, type 2",0.0454545454545454,0.0015775127443637,0.0045058457558565,0.8105263157894737,0.0025473751708707,1
metformin,hypercholesterolemia,0.1409090909090909,0.0116826628786363,0.0534285142767282,0.3046007403490217,0.0071292190177408,1
colesevelam hydrochloride,hypercholesterolemia,0.0454545454545454,0.0015775127443637,0.0045058457558565,0.8105263157894737,0.0025473751708707,1
metformin,prediabetic state,0.1409090909090909,0.0116826628786363,0.0534285142767282,0.3046007403490217,0.0071292190177408,1
colesevelam hydrochloride,prediabetic state,0.0454545454545454,0.0015775127443637,0.0045058457558565,0.8105263157894737,0.0025473751708707,1
ceftaroline,diabetes mellitus,0.0545454545454545,0.0073243197708688,0.0,1.0,0.0020002589321135,1
ceftaroline,diabetes mellitus,0.0545454545454545,0.0073243197708688,0.0,1.0,0.0020002589321135,1
exenatide,"diabetes mellitus, type 2",0.0636363636363636,0.0026707823310017,0.0009027908736624,0.6322751322751323,0.0028702626619241,1
insulin glargine,diabetes mellitus,0.0977272727272727,0.0096069862237969,0.0082352417110428,0.5138427464008859,0.0041429729043437,0
cinacalcet,"hyperparathyroidism, secondary",0.0136363636363636,0.0010236988958644,0.0,1.0,0.0008070699135056,1
cinacalcet,"renal insufficiency, chronic",0.0136363636363636,0.0010236988958644,0.0,1.0,0.0008070699135056,1
insulin glargine,diabetes mellitus,0.0977272727272727,0.0096069862237969,0.0082352417110428,0.5138427464008859,0.0041429729043437,1
metformin,"diabetes mellitus, type 2",0.1409090909090909,0.0116826628786363,0.0534285142767282,0.3046007403490217,0.0071292190177408,0
liraglutide,"diabetes mellitus, type 2",0.1045454545454545,0.0085609114299958,0.0068157606108421,0.4927536231884058,0.0046216705820895,1
phenytoin,epilepsy,0.0659090909090909,0.0145197611580594,0.0,1.0,0.0021741904470362,0
lacosamide,"epilepsies, partial",0.0659090909090909,0.0145197611580594,0.0,1.0,0.002175554497093,1
topiramate,epilepsy,0.0999999999999999,0.0159296360030127,0.0167524818407732,0.5338266384778013,0.0037854268908082,1
topiramate,epilepsy,0.0999999999999999,0.0159296360030127,0.0167524818407732,0.5338266384778013,0.0037854268908082,1
topiramate,epilepsy,0.0999999999999999,0.0159296360030127,0.0167524818407732,0.5338266384778013,0.0037854268908082,1
topiramate,seizures,0.0999999999999999,0.0159296360030127,0.0167524818407732,0.5338266384778013,0.0037854268908082,1
chlorpromazine,delirium,0.0272727272727272,0.0009713808317368,0.0021174156139987,0.8484848484848485,0.0018400837155771,1
haloperidol,delirium,0.0272727272727272,0.0009713808317368,0.0021174156139987,0.8484848484848485,0.0018400837155771,1
chlorpromazine,breast neoplasms,0.0272727272727272,0.0009713808317368,0.0021174156139987,0.8484848484848485,0.0018400837155771,1
haloperidol,breast neoplasms,0.0272727272727272,0.0009713808317368,0.0021174156139987,0.8484848484848485,0.0018400837155771,1
topiramate,epilepsy,0.0999999999999999,0.0159296360030127,0.0167524818407732,0.5338266384778013,0.0037854268908082,1
levetiracetam,epilepsy,0.109090909090909,0.0177301675494244,0.0207264166139735,0.4592198581560284,0.0041600325673831,1
oxcarbazepine,epilepsy,0.0704545454545454,0.014651309105706,0.0006600533746604,0.9096774193548388,0.00269692919925,1
vigabatrin,tuberous sclerosis,0.0022727272727272,0.0001041738966606,0.0,0.0,0.0004564323692954,1
sirolimus,tuberous sclerosis,0.0272727272727272,0.0054900615106856,0.0060435682241318,0.303030303030303,0.0023303167576494,1
clonazepam,status epilepticus,0.0659090909090909,0.0145197611580594,0.0,1.0,0.0021741904470362,1
phenytoin,status epilepticus,0.0659090909090909,0.0145197611580594,0.0,1.0,0.0021741904470362,1
lorazepam,status epilepticus,0.0659090909090909,0.0145197611580594,0.0,1.0,0.0021741904470362,1
clonazepam,epilepsy,0.0659090909090909,0.0145197611580594,0.0,1.0,0.0021741904470362,1
phenytoin,epilepsy,0.0659090909090909,0.0145197611580594,0.0,1.0,0.0021741904470362,1
lorazepam,epilepsy,0.0659090909090909,0.0145197611580594,0.0,1.0,0.0021741904470362,1
pregabalin,epilepsy,0.0977272727272727,0.02026736738771,0.0055906036731923,0.5791805094130675,0.0037351455131797,1
lamotrigine,epilepsy,0.0704545454545454,0.0153097933083153,0.0014356228616543,0.875268817204301,0.0023546638502462,1
levetiracetam,"epilepsy, generalized",0.109090909090909,0.0177301675494244,0.0207264166139735,0.4592198581560284,0.0041600325673831,1
levetiracetam,epilepsy,0.109090909090909,0.0177301675494244,0.0207264166139735,0.4592198581560284,0.0041600325673831,0
acetaminophen,epilepsy,0.1181818181818181,0.0269549455953716,0.01050774284028,0.4374057315233786,0.0040452823533584,0
nimodipine,epilepsy,0.0886363636363636,0.0209861211208552,0.0046213323582611,0.6248313090418354,0.00273406855325,0
sertraline,seizures,0.0659090909090909,0.0042791242585804,0.0114309955888039,0.4975369458128079,0.0027810582221078,1
sertraline,heat stress disorders,0.0659090909090909,0.0042791242585804,0.0114309955888039,0.4975369458128079,0.0027810582221078,1
topiramate,epilepsy,0.0999999999999999,0.0159296360030127,0.0167524818407732,0.5338266384778013,0.0037854268908082,0
lacosamide,"epilepsies, partial",0.0659090909090909,0.0145197611580594,0.0,1.0,0.002175554497093,1
levetiracetam,seizures,0.109090909090909,0.0177301675494244,0.0207264166139735,0.4592198581560284,0.0041600325673831,1
levetiracetam,brain neoplasms,0.109090909090909,0.0177301675494244,0.0207264166139735,0.4592198581560284,0.0041600325673831,1
simvastatin,"multiple sclerosis, chronic progressive",0.0636363636363636,0.0147206779006596,0.0,1.0,0.0021015447939821,0
opipramol,tourette syndrome,0.0,2.5494772664681652e-62,0.0,0.0,0.0003573555687909,1
eszopiclone,sleep initiation and maintenance disorders,0.0295454545454545,0.0077937409759762,0.0001234933542929,0.7435897435897436,0.001122158714691,1
eszopiclone,sleep initiation and maintenance disorders,0.0295454545454545,0.0077937409759762,0.0001234933542929,0.7435897435897436,0.001122158714691,1
levetiracetam,"epilepsy, generalized",0.109090909090909,0.0177301675494244,0.0207264166139735,0.4592198581560284,0.0041600325673831,1
phenytoin,epilepsy,0.0659090909090909,0.0145197611580594,0.0,1.0,0.0021741904470362,1
valproic acid,epilepsy,0.1795454545454545,0.1347525768504958,0.0116098626020731,0.549172346640701,0.0043342253786403,1
levetiracetam,epilepsy,0.109090909090909,0.0177301675494244,0.0207264166139735,0.4592198581560284,0.0041600325673831,1
valproic acid,epilepsy,0.1795454545454545,0.1347525768504958,0.0116098626020731,0.549172346640701,0.0043342253786403,1
propofol,headache,0.0863636363636363,0.0153115062303989,0.0060071565999975,0.647226173541963,0.0046403186393172,1
dexmedetomidine,headache,0.1022727272727272,0.0204772142328113,0.0075972564304542,0.5333333333333333,0.004795345026455,1
glycopyrrolate,headache,0.0977272727272727,0.0173424452750804,0.0089864110192978,0.5227021040974529,0.0042375164664361,1
nitrous oxide,headache,0.0772727272727272,0.0150118601957494,0.0016262757298453,0.7700534759358288,0.0036586191052767,1
sevoflurane,headache,0.0772727272727272,0.0150118601957494,0.0016262757298453,0.7700534759358288,0.0036586191052767,1
propofol,neoplasms,0.0863636363636363,0.0153115062303989,0.0060071565999975,0.647226173541963,0.0046403186393172,1
dexmedetomidine,neoplasms,0.1022727272727272,0.0204772142328113,0.0075972564304542,0.5333333333333333,0.004795345026455,1
glycopyrrolate,neoplasms,0.0977272727272727,0.0173424452750804,0.0089864110192978,0.5227021040974529,0.0042375164664361,1
nitrous oxide,neoplasms,0.0772727272727272,0.0150118601957494,0.0016262757298453,0.7700534759358288,0.0036586191052767,1
sevoflurane,neoplasms,0.0772727272727272,0.0150118601957494,0.0016262757298453,0.7700534759358288,0.0036586191052767,1
propofol,epilepsy,0.0863636363636363,0.0153115062303989,0.0060071565999975,0.647226173541963,0.0046403186393172,1
dexmedetomidine,epilepsy,0.1022727272727272,0.0204772142328113,0.0075972564304542,0.5333333333333333,0.004795345026455,1
glycopyrrolate,epilepsy,0.0977272727272727,0.0173424452750804,0.0089864110192978,0.5227021040974529,0.0042375164664361,1
nitrous oxide,epilepsy,0.0772727272727272,0.0150118601957494,0.0016262757298453,0.7700534759358288,0.0036586191052767,1
sevoflurane,epilepsy,0.0772727272727272,0.0150118601957494,0.0016262757298453,0.7700534759358288,0.0036586191052767,1
propofol,neurofibromatoses,0.0863636363636363,0.0153115062303989,0.0060071565999975,0.647226173541963,0.0046403186393172,1
dexmedetomidine,neurofibromatoses,0.1022727272727272,0.0204772142328113,0.0075972564304542,0.5333333333333333,0.004795345026455,1
glycopyrrolate,neurofibromatoses,0.0977272727272727,0.0173424452750804,0.0089864110192978,0.5227021040974529,0.0042375164664361,1
nitrous oxide,neurofibromatoses,0.0772727272727272,0.0150118601957494,0.0016262757298453,0.7700534759358288,0.0036586191052767,1
sevoflurane,neurofibromatoses,0.0772727272727272,0.0150118601957494,0.0016262757298453,0.7700534759358288,0.0036586191052767,1
propofol,hydrocephalus,0.0863636363636363,0.0153115062303989,0.0060071565999975,0.647226173541963,0.0046403186393172,1
dexmedetomidine,hydrocephalus,0.1022727272727272,0.0204772142328113,0.0075972564304542,0.5333333333333333,0.004795345026455,1
glycopyrrolate,hydrocephalus,0.0977272727272727,0.0173424452750804,0.0089864110192978,0.5227021040974529,0.0042375164664361,1
nitrous oxide,hydrocephalus,0.0772727272727272,0.0150118601957494,0.0016262757298453,0.7700534759358288,0.0036586191052767,1
sevoflurane,hydrocephalus,0.0772727272727272,0.0150118601957494,0.0016262757298453,0.7700534759358288,0.0036586191052767,1
propofol,abdominal neoplasms,0.0863636363636363,0.0153115062303989,0.0060071565999975,0.647226173541963,0.0046403186393172,1
dexmedetomidine,abdominal neoplasms,0.1022727272727272,0.0204772142328113,0.0075972564304542,0.5333333333333333,0.004795345026455,1
glycopyrrolate,abdominal neoplasms,0.0977272727272727,0.0173424452750804,0.0089864110192978,0.5227021040974529,0.0042375164664361,1
nitrous oxide,abdominal neoplasms,0.0772727272727272,0.0150118601957494,0.0016262757298453,0.7700534759358288,0.0036586191052767,1
sevoflurane,abdominal neoplasms,0.0772727272727272,0.0150118601957494,0.0016262757298453,0.7700534759358288,0.0036586191052767,1
pregabalin,epilepsy,0.0977272727272727,0.02026736738771,0.0055906036731923,0.5791805094130675,0.0037351455131797,1
gabapentin,epilepsy,0.1886363636363636,0.1358346543616375,0.0187173477445972,0.5007346459006758,0.0049475134685049,1
carbamates,epilepsy,0.0704545454545454,0.014651309105706,0.0006600533746604,0.9096774193548388,0.00269692919925,1
carbamates,seizures,0.0704545454545454,0.014651309105706,0.0006600533746604,0.9096774193548388,0.00269692919925,1
carbamates,epilepsy,0.0704545454545454,0.014651309105706,0.0006600533746604,0.9096774193548388,0.00269692919925,1
carbamates,epilepsy,0.0704545454545454,0.014651309105706,0.0006600533746604,0.9096774193548388,0.00269692919925,1
anticonvulsants,epilepsy,0.0704545454545454,0.014651309105706,0.0006600533746604,0.9096774193548388,0.00269692919925,1
anticonvulsants,epilepsy,0.0704545454545454,0.014651309105706,0.0006600533746604,0.9096774193548388,0.00269692919925,1
anticonvulsants,seizures,0.0704545454545454,0.014651309105706,0.0006600533746604,0.9096774193548388,0.00269692919925,1
valproic acid,epilepsy,0.1795454545454545,0.1347525768504958,0.0116098626020731,0.549172346640701,0.0043342253786403,1
risedronic acid,epilepsy,0.0704545454545454,0.0196770196699245,0.0001490695735417,0.8924731182795699,0.0022503162210739,1
calcium,epilepsy,0.1477272727272727,0.0425098404425734,0.0136488772804632,0.5043269230769231,0.0042867743085828,1
vitamin d,epilepsy,0.1477272727272727,0.0425098404425733,0.0136488772804632,0.5043269230769231,0.0043439146963661,1
risedronic acid,osteoporosis,0.0704545454545454,0.0196770196699245,0.0001490695735417,0.8924731182795699,0.0022503162210739,1
calcium,osteoporosis,0.1477272727272727,0.0425098404425734,0.0136488772804632,0.5043269230769231,0.0042867743085828,1
vitamin d,osteoporosis,0.1477272727272727,0.0425098404425733,0.0136488772804632,0.5043269230769231,0.0043439146963661,1
cholecalciferol,drug resistant epilepsy,0.0772727272727272,0.0091120875884905,0.0089121617459679,0.5650623885918004,0.00290745696533,1
lapatinib,central nervous system neoplasms,0.0113636363636363,0.0032960865806101,0.0001116105674324,0.5,0.0007673379285628,0
cannabidiol,sturge-weber syndrome,0.0,2.5494772664681652e-62,0.0,0.0,0.0003573555687909,0
acetylcysteine,drug resistant epilepsy,0.0045454545454545,0.000451895227291,0.0,1.0,0.0005016061886165,0
pregabalin,seizures,0.0977272727272727,0.02026736738771,0.0055906036731923,0.5791805094130675,0.0037351455131797,1
lacosamide,epilepsy,0.0659090909090909,0.0145197611580594,0.0,1.0,0.002175554497093,1
lacosamide,epilepsy,0.0659090909090909,0.0145197611580594,0.0,1.0,0.002175554497093,1
oxcarbazepine,epilepsy,0.0704545454545454,0.014651309105706,0.0006600533746604,0.9096774193548388,0.00269692919925,1
oxcarbazepine,seizures,0.0704545454545454,0.014651309105706,0.0006600533746604,0.9096774193548388,0.00269692919925,1
lacosamide,epilepsy,0.0659090909090909,0.0145197611580594,0.0,1.0,0.002175554497093,1
levetiracetam,epilepsy,0.109090909090909,0.0177301675494244,0.0207264166139735,0.4592198581560284,0.0041600325673831,1
pregabalin,epilepsy,0.0977272727272727,0.02026736738771,0.0055906036731923,0.5791805094130675,0.0037351455131797,1
pregabalin,seizures,0.0977272727272727,0.02026736738771,0.0055906036731923,0.5791805094130675,0.0037351455131797,1
pregabalin,epilepsy,0.0977272727272727,0.02026736738771,0.0055906036731923,0.5791805094130675,0.0037351455131797,1
pregabalin,seizures,0.0977272727272727,0.02026736738771,0.0055906036731923,0.5791805094130675,0.0037351455131797,1
topiramate,epilepsy,0.0999999999999999,0.0159296360030127,0.0167524818407732,0.5338266384778013,0.0037854268908082,1
valproic acid,epilepsy,0.1795454545454545,0.1347525768504958,0.0116098626020731,0.549172346640701,0.0043342253786403,1
lacosamide,epilepsy,0.0659090909090909,0.0145197611580594,0.0,1.0,0.002175554497093,1
topiramate,epilepsy,0.0999999999999999,0.0159296360030127,0.0167524818407732,0.5338266384778013,0.0037854268908082,0
topiramate,epilepsy,0.0999999999999999,0.0159296360030127,0.0167524818407732,0.5338266384778013,0.0037854268908082,0
topiramate,seizures,0.0999999999999999,0.0159296360030127,0.0167524818407732,0.5338266384778013,0.0037854268908082,0
lacosamide,epilepsy,0.0659090909090909,0.0145197611580594,0.0,1.0,0.002175554497093,0
zonisamide,epilepsy,0.0659090909090909,0.0145197611580594,0.0,1.0,0.0020543658033304,1
lacosamide,epilepsy,0.0659090909090909,0.0145197611580594,0.0,1.0,0.002175554497093,1
lacosamide,epilepsy,0.0659090909090909,0.0145197611580594,0.0,1.0,0.002175554497093,1
zonisamide,epilepsy,0.0659090909090909,0.0145197611580594,0.0,1.0,0.0020543658033304,1
topiramate,epilepsy,0.0999999999999999,0.0159296360030127,0.0167524818407732,0.5338266384778013,0.0037854268908082,1
lamotrigine,epilepsy,0.0704545454545454,0.0153097933083153,0.0014356228616543,0.875268817204301,0.0023546638502462,1
lamotrigine,epilepsy,0.0704545454545454,0.0153097933083153,0.0014356228616543,0.875268817204301,0.0023546638502462,1
carbamazepine,epilepsy,0.0659090909090909,0.0145197611580594,0.0,1.0,0.002175554497093,1
bevacizumab,glioma,0.0522727272727272,0.0022145268399167,0.0087182773131942,0.3596837944664031,0.004614403413593,0
temozolomide,glioma,0.0318181818181818,0.0014423370312677,0.001297414816427,0.5274725274725275,0.0035022949767814,0
topotecan,glioma,0.059090909090909,0.0034103583675016,0.006078269199303,0.4892307692307692,0.003465335854618,0
bevacizumab,glioblastoma,0.0522727272727272,0.0022145268399167,0.0087182773131942,0.3596837944664031,0.004614403413593,0
temozolomide,glioblastoma,0.0318181818181818,0.0014423370312677,0.001297414816427,0.5274725274725275,0.0035022949767814,0
topotecan,glioblastoma,0.059090909090909,0.0034103583675016,0.006078269199303,0.4892307692307692,0.003465335854618,0
bevacizumab,gliosarcoma,0.0522727272727272,0.0022145268399167,0.0087182773131942,0.3596837944664031,0.004614403413593,0
temozolomide,gliosarcoma,0.0318181818181818,0.0014423370312677,0.001297414816427,0.5274725274725275,0.0035022949767814,0
topotecan,gliosarcoma,0.059090909090909,0.0034103583675016,0.006078269199303,0.4892307692307692,0.003465335854618,0
topiramate,epilepsy,0.0999999999999999,0.0159296360030127,0.0167524818407732,0.5338266384778013,0.0037854268908082,1
phenytoin,epilepsy,0.0659090909090909,0.0145197611580594,0.0,1.0,0.0021741904470362,1
lacosamide,epilepsy,0.0659090909090909,0.0145197611580594,0.0,1.0,0.002175554497093,0
verapamil,"epilepsies, myoclonic",0.0022727272727272,0.0002789882430054,0.0,0.0,0.0004289003531482,0
topiramate,lennox gastaut syndrome,0.0999999999999999,0.0159296360030127,0.0167524818407732,0.5338266384778013,0.0037854268908082,1
levetiracetam,parkinson disease,0.109090909090909,0.0177301675494244,0.0207264166139735,0.4592198581560284,0.0041600325673831,0
immunoglobulins,encephalitis,0.0,2.5494772664681652e-62,0.0,0.0,0.0003573555687909,1
sertraline,seizures,0.0659090909090909,0.0042791242585804,0.0114309955888039,0.4975369458128079,0.0027810582221078,1
sertraline,heat stress disorders,0.0659090909090909,0.0042791242585804,0.0114309955888039,0.4975369458128079,0.0027810582221078,1
topiramate,epilepsy,0.0999999999999999,0.0159296360030127,0.0167524818407732,0.5338266384778013,0.0037854268908082,0
topiramate,epilepsy,0.0999999999999999,0.0159296360030127,0.0167524818407732,0.5338266384778013,0.0037854268908082,0
topiramate,seizures,0.0999999999999999,0.0159296360030127,0.0167524818407732,0.5338266384778013,0.0037854268908082,0
eszopiclone,sleep initiation and maintenance disorders,0.0295454545454545,0.0077937409759762,0.0001234933542929,0.7435897435897436,0.001122158714691,1
eszopiclone,sleep initiation and maintenance disorders,0.0295454545454545,0.0077937409759762,0.0001234933542929,0.7435897435897436,0.001122158714691,1
levonorgestrel,epilepsy,0.0659090909090909,0.0145197611580594,0.0,1.0,0.0020543658033304,1
fenfluramine,"epilepsies, myoclonic",0.0727272727272727,0.0147030585594262,0.0071262828453386,0.8205645161290323,0.0026934947751012,1
fenfluramine,epilepsy,0.0727272727272727,0.0147030585594262,0.0071262828453386,0.8205645161290323,0.0026934947751012,1
mebendazole,astrocytoma,0.0181818181818181,0.0008696061772354,0.0,1.0,0.002827351151679,0
vincristine,astrocytoma,0.0727272727272727,0.0102632723774062,0.0053159788023224,0.5262096774193549,0.0059390410308471,0
carboplatin,astrocytoma,0.0954545454545454,0.0053070024629292,0.0138161609733309,0.3286875725900116,0.0073277378133051,0
temozolomide,astrocytoma,0.0318181818181818,0.0014423370312677,0.001297414816427,0.5274725274725275,0.0035022949767814,0
bevacizumab,astrocytoma,0.0522727272727272,0.0022145268399167,0.0087182773131942,0.3596837944664031,0.004614403413593,0
irinotecan,astrocytoma,0.0704545454545454,0.0069279404003366,0.0068326716272487,0.4043010752688172,0.005869135247709,0
mebendazole,glioma,0.0181818181818181,0.0008696061772354,0.0,1.0,0.002827351151679,0
vincristine,glioma,0.0727272727272727,0.0102632723774062,0.0053159788023224,0.5262096774193549,0.0059390410308471,0
carboplatin,glioma,0.0954545454545454,0.0053070024629292,0.0138161609733309,0.3286875725900116,0.0073277378133051,0
temozolomide,glioma,0.0318181818181818,0.0014423370312677,0.001297414816427,0.5274725274725275,0.0035022949767814,0
bevacizumab,glioma,0.0522727272727272,0.0022145268399167,0.0087182773131942,0.3596837944664031,0.004614403413593,0
irinotecan,glioma,0.0704545454545454,0.0069279404003366,0.0068326716272487,0.4043010752688172,0.005869135247709,0
mebendazole,optic nerve glioma,0.0181818181818181,0.0008696061772354,0.0,1.0,0.002827351151679,0
vincristine,optic nerve glioma,0.0727272727272727,0.0102632723774062,0.0053159788023224,0.5262096774193549,0.0059390410308471,0
carboplatin,optic nerve glioma,0.0954545454545454,0.0053070024629292,0.0138161609733309,0.3286875725900116,0.0073277378133051,0
temozolomide,optic nerve glioma,0.0318181818181818,0.0014423370312677,0.001297414816427,0.5274725274725275,0.0035022949767814,0
bevacizumab,optic nerve glioma,0.0522727272727272,0.0022145268399167,0.0087182773131942,0.3596837944664031,0.004614403413593,0
irinotecan,optic nerve glioma,0.0704545454545454,0.0069279404003366,0.0068326716272487,0.4043010752688172,0.005869135247709,0
mebendazole,astrocytoma,0.0181818181818181,0.0008696061772354,0.0,1.0,0.002827351151679,0
vincristine,astrocytoma,0.0727272727272727,0.0102632723774062,0.0053159788023224,0.5262096774193549,0.0059390410308471,0
carboplatin,astrocytoma,0.0954545454545454,0.0053070024629292,0.0138161609733309,0.3286875725900116,0.0073277378133051,0
temozolomide,astrocytoma,0.0318181818181818,0.0014423370312677,0.001297414816427,0.5274725274725275,0.0035022949767814,0
bevacizumab,astrocytoma,0.0522727272727272,0.0022145268399167,0.0087182773131942,0.3596837944664031,0.004614403413593,0
irinotecan,astrocytoma,0.0704545454545454,0.0069279404003366,0.0068326716272487,0.4043010752688172,0.005869135247709,0
mebendazole,glioblastoma,0.0181818181818181,0.0008696061772354,0.0,1.0,0.002827351151679,0
vincristine,glioblastoma,0.0727272727272727,0.0102632723774062,0.0053159788023224,0.5262096774193549,0.0059390410308471,0
carboplatin,glioblastoma,0.0954545454545454,0.0053070024629292,0.0138161609733309,0.3286875725900116,0.0073277378133051,0
temozolomide,glioblastoma,0.0318181818181818,0.0014423370312677,0.001297414816427,0.5274725274725275,0.0035022949767814,0
bevacizumab,glioblastoma,0.0522727272727272,0.0022145268399167,0.0087182773131942,0.3596837944664031,0.004614403413593,0
irinotecan,glioblastoma,0.0704545454545454,0.0069279404003366,0.0068326716272487,0.4043010752688172,0.005869135247709,0
mebendazole,astrocytoma,0.0181818181818181,0.0008696061772354,0.0,1.0,0.002827351151679,0
vincristine,astrocytoma,0.0727272727272727,0.0102632723774062,0.0053159788023224,0.5262096774193549,0.0059390410308471,0
carboplatin,astrocytoma,0.0954545454545454,0.0053070024629292,0.0138161609733309,0.3286875725900116,0.0073277378133051,0
temozolomide,astrocytoma,0.0318181818181818,0.0014423370312677,0.001297414816427,0.5274725274725275,0.0035022949767814,0
bevacizumab,astrocytoma,0.0522727272727272,0.0022145268399167,0.0087182773131942,0.3596837944664031,0.004614403413593,0
irinotecan,astrocytoma,0.0704545454545454,0.0069279404003366,0.0068326716272487,0.4043010752688172,0.005869135247709,0
mebendazole,gliosarcoma,0.0181818181818181,0.0008696061772354,0.0,1.0,0.002827351151679,0
vincristine,gliosarcoma,0.0727272727272727,0.0102632723774062,0.0053159788023224,0.5262096774193549,0.0059390410308471,0
carboplatin,gliosarcoma,0.0954545454545454,0.0053070024629292,0.0138161609733309,0.3286875725900116,0.0073277378133051,0
temozolomide,gliosarcoma,0.0318181818181818,0.0014423370312677,0.001297414816427,0.5274725274725275,0.0035022949767814,0
bevacizumab,gliosarcoma,0.0522727272727272,0.0022145268399167,0.0087182773131942,0.3596837944664031,0.004614403413593,0
irinotecan,gliosarcoma,0.0704545454545454,0.0069279404003366,0.0068326716272487,0.4043010752688172,0.005869135247709,0
mebendazole,diffuse intrinsic pontine glioma,0.0181818181818181,0.0008696061772354,0.0,1.0,0.002827351151679,0
vincristine,diffuse intrinsic pontine glioma,0.0727272727272727,0.0102632723774062,0.0053159788023224,0.5262096774193549,0.0059390410308471,0
carboplatin,diffuse intrinsic pontine glioma,0.0954545454545454,0.0053070024629292,0.0138161609733309,0.3286875725900116,0.0073277378133051,0
temozolomide,diffuse intrinsic pontine glioma,0.0318181818181818,0.0014423370312677,0.001297414816427,0.5274725274725275,0.0035022949767814,0
bevacizumab,diffuse intrinsic pontine glioma,0.0522727272727272,0.0022145268399167,0.0087182773131942,0.3596837944664031,0.004614403413593,0
irinotecan,diffuse intrinsic pontine glioma,0.0704545454545454,0.0069279404003366,0.0068326716272487,0.4043010752688172,0.005869135247709,0
lorazepam,status epilepticus,0.0659090909090909,0.0145197611580594,0.0,1.0,0.0021741904470362,1
topiramate,epilepsy,0.0999999999999999,0.0159296360030127,0.0167524818407732,0.5338266384778013,0.0037854268908082,1
topiramate,seizures,0.0999999999999999,0.0159296360030127,0.0167524818407732,0.5338266384778013,0.0037854268908082,1
lamotrigine,epilepsy,0.0704545454545454,0.0153097933083153,0.0014356228616543,0.875268817204301,0.0023546638502462,1
topiramate,epilepsy,0.0999999999999999,0.0159296360030127,0.0167524818407732,0.5338266384778013,0.0037854268908082,0
topiramate,epilepsy,0.0999999999999999,0.0159296360030127,0.0167524818407732,0.5338266384778013,0.0037854268908082,0
topiramate,seizures,0.0999999999999999,0.0159296360030127,0.0167524818407732,0.5338266384778013,0.0037854268908082,0
carbamazepine,epilepsy,0.0659090909090909,0.0145197611580594,0.0,1.0,0.002175554497093,1
lamotrigine,epilepsy,0.0704545454545454,0.0153097933083153,0.0014356228616543,0.875268817204301,0.0023546638502462,1
valproic acid,epilepsy,0.1795454545454545,0.1347525768504958,0.0116098626020731,0.549172346640701,0.0043342253786403,1
lorazepam,"epilepsy, reflex",0.0659090909090909,0.0145197611580594,0.0,1.0,0.0021741904470362,0
lamotrigine,epilepsy,0.0704545454545454,0.0153097933083153,0.0014356228616543,0.875268817204301,0.0023546638502462,1
lamotrigine,epilepsy,0.0704545454545454,0.0153097933083153,0.0014356228616543,0.875268817204301,0.0023546638502462,1
fenfluramine,"epilepsies, myoclonic",0.0727272727272727,0.0147030585594262,0.0071262828453386,0.8205645161290323,0.0026934947751012,1
tiagabine,olfaction disorders,0.009090909090909,0.0004559997786422,0.0,1.0,0.0007339352410213,1
prebiotics,epilepsy,0.0659090909090909,0.0145197611580594,0.0,1.0,0.0020543658033304,1
oxcarbazepine,epilepsy,0.0704545454545454,0.014651309105706,0.0006600533746604,0.9096774193548388,0.00269692919925,1
oxcarbazepine,seizures,0.0704545454545454,0.014651309105706,0.0006600533746604,0.9096774193548388,0.00269692919925,1
topiramate,epilepsy,0.0999999999999999,0.0159296360030127,0.0167524818407732,0.5338266384778013,0.0037854268908082,1
topiramate,seizures,0.0999999999999999,0.0159296360030127,0.0167524818407732,0.5338266384778013,0.0037854268908082,1
topiramate,epilepsy,0.0999999999999999,0.0159296360030127,0.0167524818407732,0.5338266384778013,0.0037854268908082,1
topiramate,seizures,0.0999999999999999,0.0159296360030127,0.0167524818407732,0.5338266384778013,0.0037854268908082,1
topiramate,epilepsy,0.0999999999999999,0.0159296360030127,0.0167524818407732,0.5338266384778013,0.0037854268908082,1
topiramate,epilepsy,0.0999999999999999,0.0159296360030127,0.0167524818407732,0.5338266384778013,0.0037854268908082,1
topiramate,seizures,0.0999999999999999,0.0159296360030127,0.0167524818407732,0.5338266384778013,0.0037854268908082,1
levetiracetam,"epilepsies, partial",0.109090909090909,0.0177301675494244,0.0207264166139735,0.4592198581560284,0.0041600325673831,1
carbamazepine,"epilepsies, partial",0.0659090909090909,0.0145197611580594,0.0,1.0,0.002175554497093,1
fenfluramine,drug resistant epilepsy,0.0727272727272727,0.0147030585594262,0.0071262828453386,0.8205645161290323,0.0026934947751012,1
levetiracetam,epilepsy,0.109090909090909,0.0177301675494244,0.0207264166139735,0.4592198581560284,0.0041600325673831,1
saline solution,headache,0.0454545454545454,0.0080928573643468,0.0017652240753624,0.6210526315789474,0.0021171051514157,1
diphenhydramine,headache,0.0204545454545454,0.0020251657115499,0.0018550343789351,0.5,0.0012528745463456,1
ketamine,epilepsy,0.0704545454545454,0.014651309105706,0.0006600533746604,0.9096774193548388,0.00269692919925,1
midazolam,epilepsy,0.0704545454545454,0.014651309105706,0.0006600533746604,0.9096774193548388,0.00269692919925,1
propofol,epilepsy,0.0863636363636363,0.0153115062303989,0.0060071565999975,0.647226173541963,0.0046403186393172,1
ketamine,seizures,0.0704545454545454,0.014651309105706,0.0006600533746604,0.9096774193548388,0.00269692919925,1
midazolam,seizures,0.0704545454545454,0.014651309105706,0.0006600533746604,0.9096774193548388,0.00269692919925,1
propofol,seizures,0.0863636363636363,0.0153115062303989,0.0060071565999975,0.647226173541963,0.0046403186393172,1
pregabalin,seizures,0.0977272727272727,0.02026736738771,0.0055906036731923,0.5791805094130675,0.0037351455131797,1
topiramate,epilepsy,0.0999999999999999,0.0159296360030127,0.0167524818407732,0.5338266384778013,0.0037854268908082,0
topiramate,epilepsy,0.0999999999999999,0.0159296360030127,0.0167524818407732,0.5338266384778013,0.0037854268908082,0
topiramate,seizures,0.0999999999999999,0.0159296360030127,0.0167524818407732,0.5338266384778013,0.0037854268908082,0
bevacizumab,glioblastoma,0.0522727272727272,0.0022145268399167,0.0087182773131942,0.3596837944664031,0.004614403413593,0
bortezomib,glioblastoma,0.0318181818181818,0.0052533808913349,0.0017569712845859,0.5824175824175825,0.0018646058714343,0
bevacizumab,gliosarcoma,0.0522727272727272,0.0022145268399167,0.0087182773131942,0.3596837944664031,0.004614403413593,0
bortezomib,gliosarcoma,0.0318181818181818,0.0052533808913349,0.0017569712845859,0.5824175824175825,0.0018646058714343,0
carbamates,epilepsy,0.0704545454545454,0.014651309105706,0.0006600533746604,0.9096774193548388,0.00269692919925,1
carbamates,epilepsy,0.0704545454545454,0.014651309105706,0.0006600533746604,0.9096774193548388,0.00269692919925,1
carbamates,epilepsy,0.0704545454545454,0.014651309105706,0.0006600533746604,0.9096774193548388,0.00269692919925,1
carbamates,"epilepsy, partial, motor",0.0704545454545454,0.014651309105706,0.0006600533746604,0.9096774193548388,0.00269692919925,1
levetiracetam,epilepsy,0.109090909090909,0.0177301675494244,0.0207264166139735,0.4592198581560284,0.0041600325673831,1
topiramate,migraine disorders,0.0999999999999999,0.0159296360030127,0.0167524818407732,0.5338266384778013,0.0037854268908082,1
midazolam,seizures,0.0704545454545454,0.014651309105706,0.0006600533746604,0.9096774193548388,0.00269692919925,0
diazepam,seizures,0.0227272727272727,0.002785028612828,0.0,1.0,0.0009744327169825,0
gabapentin,epilepsy,0.1886363636363636,0.1358346543616375,0.0187173477445972,0.5007346459006758,0.0049475134685049,1
gabapentin,chronic pain,0.1886363636363636,0.1358346543616375,0.0187173477445972,0.5007346459006758,0.0049475134685049,1
indinavir,hiv infections,0.1204545454545454,0.1277565458176497,0.0005791901379403,0.9426705370101596,0.0033540893782764,0
indinavir,hiv infections,0.1204545454545454,0.1277565458176497,0.0005791901379403,0.9426705370101596,0.0033540893782764,0
mirtazapine,amphetamine-related disorders,0.0113636363636363,0.001329935657529,0.0042451853385794,0.6,0.001586882053617,0
nevirapine,hiv infections,0.1204545454545454,0.1277565458176497,0.0005791901379403,0.9426705370101596,0.0032243663167307,1
emtricitabine,"hepatitis b, chronic",0.1204545454545454,0.1255645818331593,0.0017419910156338,0.9288824383164006,0.0032856733889875,0
tenofovir,"hepatitis b, chronic",0.1272727272727272,0.1282288680838359,0.0043185247547553,0.8487012987012987,0.0040405500694267,0
fluorescein-5-isothiocyanate,"hepatitis b, chronic",0.1159090909090909,0.1252714142128008,0.0,1.0,0.0030659760291163,0
interferon alpha-2,hiv infections,0.1181818181818181,0.1254505688586284,0.0008707572620771,0.9638009049773756,0.0029554335996557,1
ribavirin,hiv infections,0.1181818181818181,0.1254159999424746,0.0007664295113237,0.9630467571644042,0.0029419357011374,1
interferon alpha-2,hiv infections,0.1181818181818181,0.1254505688586284,0.0008707572620771,0.9638009049773756,0.0029554335996557,1
lamivudine,hiv infections,0.1227272727272727,0.1279357004634773,0.0018027692082066,0.909853249475891,0.004125835879464,0
zidovudine,hiv infections,0.1181818181818181,0.1254505688586284,0.0008707572620771,0.9638009049773756,0.0031675081340551,0
nevirapine,hiv infections,0.1204545454545454,0.1277565458176497,0.0005791901379403,0.9426705370101596,0.0032243663167307,0
lamivudine,lipodystrophy,0.1227272727272727,0.1279357004634773,0.0018027692082066,0.909853249475891,0.004125835879464,0
zidovudine,lipodystrophy,0.1181818181818181,0.1254505688586284,0.0008707572620771,0.9638009049773756,0.0031675081340551,0
nevirapine,lipodystrophy,0.1204545454545454,0.1277565458176497,0.0005791901379403,0.9426705370101596,0.0032243663167307,0
zidovudine,hiv infections,0.1181818181818181,0.1254505688586284,0.0008707572620771,0.9638009049773756,0.0031675081340551,0
zalcitabine,hiv infections,0.1159090909090909,0.1252714142128008,0.0,1.0,0.0028401818792649,0
interferon-alpha,hiv infections,0.1159090909090909,0.1252714142128008,0.0,1.0,0.0026253349362476,0
silymarin,hiv infections,0.1159090909090909,0.1252714142128008,0.0,1.0,0.0027141875744148,0
silymarin,hepatitis c,0.1159090909090909,0.1252714142128008,0.0,1.0,0.0027141875744148,0
tenofovir,hiv infections,0.1272727272727272,0.1282288680838359,0.0043185247547553,0.8487012987012987,0.0040405500694267,1
lamivudine,hiv infections,0.1227272727272727,0.1279357004634773,0.0018027692082066,0.909853249475891,0.004125835879464,1
lopinavir,hiv infections,0.1204545454545454,0.1277565458176497,0.0005791901379403,0.9426705370101596,0.0031383824848845,0
ritonavir,hiv infections,0.2181818181818181,0.1583843768493212,0.0209640644969209,0.4629385964912281,0.0064483011749309,0
indinavir,hiv infections,0.1204545454545454,0.1277565458176497,0.0005791901379403,0.9426705370101596,0.0033540893782764,0
tenofovir,hiv infections,0.1272727272727272,0.1282288680838359,0.0043185247547553,0.8487012987012987,0.0040405500694267,0
ritonavir,hiv infections,0.2181818181818181,0.1583843768493212,0.0209640644969209,0.4629385964912281,0.0064483011749309,0
doxorubicin,lymphoma,0.059090909090909,0.0097657629517018,0.0013273129426588,0.6923076923076923,0.0027945223263669,0
cyclophosphamide,lymphoma,0.1477272727272727,0.0220263367450415,0.0613567145166867,0.2134615384615384,0.009531721675135,0
vincristine,lymphoma,0.0727272727272727,0.0102632723774062,0.0053159788023224,0.5262096774193549,0.0059390410308471,0
prednisone,lymphoma,0.2181818181818181,0.0681982275744613,0.0532324850629091,0.2839912280701754,0.007066133597273,0
interleukin-2,hiv infections,0.1181818181818181,0.1254159999424746,0.0007664295113237,0.9630467571644042,0.0028538978979496,0
ribavirin,hiv infections,0.1181818181818181,0.1254159999424746,0.0007664295113237,0.9630467571644042,0.0029419357011374,0
interleukin-2,"hepatitis c, chronic",0.1181818181818181,0.1254159999424746,0.0007664295113237,0.9630467571644042,0.0028538978979496,0
ribavirin,"hepatitis c, chronic",0.1181818181818181,0.1254159999424746,0.0007664295113237,0.9630467571644042,0.0029419357011374,0
indinavir,hiv infections,0.1204545454545454,0.1277565458176497,0.0005791901379403,0.9426705370101596,0.0033540893782764,0
ethambutol,mycobacterium avium-intracellulare infection,0.1204545454545454,0.1277565458176497,0.0005791901379403,0.9426705370101596,0.0034468342298207,0
clarithromycin,mycobacterium avium-intracellulare infection,0.1159090909090909,0.1252714142128008,0.0,1.0,0.0026678935160053,0
ethambutol,hiv infections,0.1204545454545454,0.1277565458176497,0.0005791901379403,0.9426705370101596,0.0034468342298207,0
clarithromycin,hiv infections,0.1159090909090909,0.1252714142128008,0.0,1.0,0.0026678935160053,0
rosiglitazone,hiv-associated lipodystrophy syndrome,0.3204545454545454,0.1692608476552259,0.1140955847402656,0.2822695035460993,0.0088995891468643,0
growth hormone,hiv-associated lipodystrophy syndrome,0.1227272727272727,0.1259135493944708,0.0056320671589985,0.8944793850454228,0.0030277230105513,0
rosiglitazone,hiv-associated lipodystrophy syndrome,0.3204545454545454,0.1692608476552259,0.1140955847402656,0.2822695035460993,0.0088995891468643,0
rosiglitazone,insulin resistance,0.3204545454545454,0.1692608476552259,0.1140955847402656,0.2822695035460993,0.0088995891468643,0
growth hormone,insulin resistance,0.1227272727272727,0.1259135493944708,0.0056320671589985,0.8944793850454228,0.0030277230105513,0
rosiglitazone,insulin resistance,0.3204545454545454,0.1692608476552259,0.1140955847402656,0.2822695035460993,0.0088995891468643,0
rosiglitazone,hiv infections,0.3204545454545454,0.1692608476552259,0.1140955847402656,0.2822695035460993,0.0088995891468643,0
growth hormone,hiv infections,0.1227272727272727,0.1259135493944708,0.0056320671589985,0.8944793850454228,0.0030277230105513,0
rosiglitazone,hiv infections,0.3204545454545454,0.1692608476552259,0.1140955847402656,0.2822695035460993,0.0088995891468643,0
rosiglitazone,metabolic syndrome,0.3204545454545454,0.1692608476552259,0.1140955847402656,0.2822695035460993,0.0088995891468643,0
growth hormone,metabolic syndrome,0.1227272727272727,0.1259135493944708,0.0056320671589985,0.8944793850454228,0.0030277230105513,0
rosiglitazone,metabolic syndrome,0.3204545454545454,0.1692608476552259,0.1140955847402656,0.2822695035460993,0.0088995891468643,0
rosiglitazone,body weight changes,0.3204545454545454,0.1692608476552259,0.1140955847402656,0.2822695035460993,0.0088995891468643,0
growth hormone,body weight changes,0.1227272727272727,0.1259135493944708,0.0056320671589985,0.8944793850454228,0.0030277230105513,0
rosiglitazone,body weight changes,0.3204545454545454,0.1692608476552259,0.1140955847402656,0.2822695035460993,0.0088995891468643,0
indinavir,hiv infections,0.1204545454545454,0.1277565458176497,0.0005791901379403,0.9426705370101596,0.0033540893782764,1
lamivudine,hiv infections,0.1227272727272727,0.1279357004634773,0.0018027692082066,0.909853249475891,0.004125835879464,1
stavudine,hiv infections,0.1159090909090909,0.1252714142128008,0.0,1.0,0.0028401818792649,1
zidovudine,hiv infections,0.1181818181818181,0.1254505688586284,0.0008707572620771,0.9638009049773756,0.0031675081340551,1
zalcitabine,hiv infections,0.1159090909090909,0.1252714142128008,0.0,1.0,0.0028401818792649,1
didanosine,hiv infections,0.1159090909090909,0.1252714142128008,0.0,1.0,0.0028401818792649,1
indinavir,hemophilia a,0.1204545454545454,0.1277565458176497,0.0005791901379403,0.9426705370101596,0.0033540893782764,1
lamivudine,hemophilia a,0.1227272727272727,0.1279357004634773,0.0018027692082066,0.909853249475891,0.004125835879464,1
stavudine,hemophilia a,0.1159090909090909,0.1252714142128008,0.0,1.0,0.0028401818792649,1
zidovudine,hemophilia a,0.1181818181818181,0.1254505688586284,0.0008707572620771,0.9638009049773756,0.0031675081340551,1
zalcitabine,hemophilia a,0.1159090909090909,0.1252714142128008,0.0,1.0,0.0028401818792649,1
didanosine,hemophilia a,0.1159090909090909,0.1252714142128008,0.0,1.0,0.0028401818792649,1
dexamethasone,tuberculosis,0.1590909090909091,0.0652531387586349,0.0464260603554097,0.3892339544513457,0.00674613978314,1
dexamethasone,"tuberculosis, meningeal",0.1590909090909091,0.0652531387586349,0.0464260603554097,0.3892339544513457,0.00674613978314,1
dexamethasone,chemical and drug induced liver injury,0.1590909090909091,0.0652531387586349,0.0464260603554097,0.3892339544513457,0.00674613978314,1
ribavirin,hiv infections,0.1181818181818181,0.1254159999424746,0.0007664295113237,0.9630467571644042,0.0029419357011374,0
interferon alpha-2,hiv infections,0.1181818181818181,0.1254505688586284,0.0008707572620771,0.9638009049773756,0.0029554335996557,0
interferon alpha-2,hiv infections,0.1181818181818181,0.1254505688586284,0.0008707572620771,0.9638009049773756,0.0029554335996557,0
ribavirin,hepatitis c,0.1181818181818181,0.1254159999424746,0.0007664295113237,0.9630467571644042,0.0029419357011374,0
interferon alpha-2,hepatitis c,0.1181818181818181,0.1254505688586284,0.0008707572620771,0.9638009049773756,0.0029554335996557,0
interferon alpha-2,hepatitis c,0.1181818181818181,0.1254505688586284,0.0008707572620771,0.9638009049773756,0.0029554335996557,0
stavudine,hiv infections,0.1159090909090909,0.1252714142128008,0.0,1.0,0.0028401818792649,0
zidovudine,hiv infections,0.1181818181818181,0.1254505688586284,0.0008707572620771,0.9638009049773756,0.0031675081340551,0
didanosine,hiv infections,0.1159090909090909,0.1252714142128008,0.0,1.0,0.0028401818792649,0
"elvitegravir, cobicistat, emtricitabine, tenofovir disoproxil fumarate drug combination",hiv infections,0.1159090909090909,0.1252714142128008,0.0,1.0,0.0026253349362476,1
ritonavir,hiv infections,0.2181818181818181,0.1583843768493212,0.0209640644969209,0.4629385964912281,0.0064483011749309,1
fluorescein-5-isothiocyanate,hiv infections,0.1159090909090909,0.1252714142128008,0.0,1.0,0.0030659760291163,1
fluorescein-5-isothiocyanate,hiv infections,0.1159090909090909,0.1252714142128008,0.0,1.0,0.0030659760291163,1
indinavir,hiv infections,0.1204545454545454,0.1277565458176497,0.0005791901379403,0.9426705370101596,0.0033540893782764,0
nelfinavir,hiv infections,0.1159090909090909,0.1252714142128008,0.0,1.0,0.0026253349362476,0
lopinavir,hiv infections,0.1204545454545454,0.1277565458176497,0.0005791901379403,0.9426705370101596,0.0031383824848845,0
galantamine,cocaine-related disorders,0.1022727272727272,0.0406884558591436,0.0011346439074096,0.8323232323232324,0.003212242625885,0
nevirapine,tuberculosis,0.1204545454545454,0.1277565458176497,0.0005791901379403,0.9426705370101596,0.0032243663167307,1
lopinavir,tuberculosis,0.1204545454545454,0.1277565458176497,0.0005791901379403,0.9426705370101596,0.0031383824848845,1
ritonavir,tuberculosis,0.2181818181818181,0.1583843768493212,0.0209640644969209,0.4629385964912281,0.0064483011749309,1
tenofovir,hiv infections,0.1272727272727272,0.1282288680838359,0.0043185247547553,0.8487012987012987,0.0040405500694267,0
tenofovir,hepatitis b,0.1272727272727272,0.1282288680838359,0.0043185247547553,0.8487012987012987,0.0040405500694267,0
lamivudine,hepatitis b,0.1227272727272727,0.1279357004634773,0.0018027692082066,0.909853249475891,0.004125835879464,1
tenofovir,hiv infections,0.1272727272727272,0.1282288680838359,0.0043185247547553,0.8487012987012987,0.0040405500694267,0
emtricitabine,hiv infections,0.1204545454545454,0.1255645818331593,0.0017419910156338,0.9288824383164006,0.0032856733889875,0
lopinavir,hiv infections,0.1204545454545454,0.1277565458176497,0.0005791901379403,0.9426705370101596,0.0031383824848845,1
lamivudine,hiv infections,0.1227272727272727,0.1279357004634773,0.0018027692082066,0.909853249475891,0.004125835879464,1
ritonavir,covid-19,0.2181818181818181,0.1583843768493212,0.0209640644969209,0.4629385964912281,0.0064483011749309,1
hydroxyurea,hiv infections,0.1295454545454545,0.1262038596734414,0.0071559507210774,0.8114035087719298,0.0038092941274838,0
stavudine,hiv infections,0.1159090909090909,0.1252714142128008,0.0,1.0,0.0028401818792649,0
didanosine,hiv infections,0.1159090909090909,0.1252714142128008,0.0,1.0,0.0028401818792649,0
simeprevir,"hepatitis c, chronic",0.0068181818181818,0.0077646365211299,0.0,1.0,0.0004924732375732,0
ritonavir,"hepatitis c, chronic",0.2181818181818181,0.1583843768493212,0.0209640644969209,0.4629385964912281,0.0064483011749309,0
ribavirin,"hepatitis c, chronic",0.1181818181818181,0.1254159999424746,0.0007664295113237,0.9630467571644042,0.0029419357011374,0
prednisone,immune reconstitution inflammatory syndrome,0.2181818181818181,0.0681982275744613,0.0532324850629091,0.2839912280701754,0.007066133597273,1
prednisone,tuberculosis,0.2181818181818181,0.0681982275744613,0.0532324850629091,0.2839912280701754,0.007066133597273,1
ritonavir,"hepatitis b, chronic",0.2181818181818181,0.1583843768493212,0.0209640644969209,0.4629385964912281,0.0064483011749309,1
pentoxifylline,cardiovascular diseases,0.0136363636363636,0.0018981542861856,0.0002224042815583,0.7333333333333333,0.0009050306920244,0
pentoxifylline,atherosclerosis,0.0136363636363636,0.0018981542861856,0.0002224042815583,0.7333333333333333,0.0009050306920244,0
enfuvirtide,hiv infections,0.1159090909090909,0.1252714142128008,0.0,1.0,0.0026253349362476,0
ritonavir,hiv infections,0.2181818181818181,0.1583843768493212,0.0209640644969209,0.4629385964912281,0.0064483011749309,0
gabapentin,chronic pain,0.1886363636363636,0.1358346543616375,0.0187173477445972,0.5007346459006758,0.0049475134685049,0
gabapentin,alcoholism,0.1886363636363636,0.1358346543616375,0.0187173477445972,0.5007346459006758,0.0049475134685049,0
gabapentin,hiv infections,0.1886363636363636,0.1358346543616375,0.0187173477445972,0.5007346459006758,0.0049475134685049,0
emtricitabine,hiv infections,0.1204545454545454,0.1255645818331593,0.0017419910156338,0.9288824383164006,0.0032856733889875,1
lopinavir,hiv infections,0.1204545454545454,0.1277565458176497,0.0005791901379403,0.9426705370101596,0.0031383824848845,1
nelfinavir,hiv infections,0.1159090909090909,0.1252714142128008,0.0,1.0,0.0026253349362476,1
stavudine,hiv infections,0.1159090909090909,0.1252714142128008,0.0,1.0,0.0028401818792649,1
didanosine,hiv infections,0.1159090909090909,0.1252714142128008,0.0,1.0,0.0028401818792649,1
tamoxifen,hiv infections,0.1159090909090909,0.1252714142128008,0.0,1.0,0.0026253349362476,0
vorinostat,hiv infections,0.1159090909090909,0.1252714142128008,0.0,1.0,0.0026253349362476,0
antiviral agents,hiv infections,0.1159090909090909,0.1252714142128008,0.0,1.0,0.0026253349362476,0
lamivudine,hiv infections,0.1227272727272727,0.1279357004634773,0.0018027692082066,0.909853249475891,0.004125835879464,0
didanosine,hiv infections,0.1159090909090909,0.1252714142128008,0.0,1.0,0.0028401818792649,0
pravastatin,hiv infections,0.1181818181818181,0.1256181304052324,0.001068495832715,0.9638009049773756,0.0027777319593939,1
darunavir,hiv infections,0.1181818181818181,0.1256181304052324,0.001068495832715,0.9638009049773756,0.0027777319593939,1
ritonavir,hiv infections,0.2181818181818181,0.1583843768493212,0.0209640644969209,0.4629385964912281,0.0064483011749309,1
pravastatin,hiv infections,0.1181818181818181,0.1256181304052324,0.001068495832715,0.9638009049773756,0.0027777319593939,1
pravastatin,hyperlipidemias,0.1181818181818181,0.1256181304052324,0.001068495832715,0.9638009049773756,0.0027777319593939,1
darunavir,hyperlipidemias,0.1181818181818181,0.1256181304052324,0.001068495832715,0.9638009049773756,0.0027777319593939,1
ritonavir,hyperlipidemias,0.2181818181818181,0.1583843768493212,0.0209640644969209,0.4629385964912281,0.0064483011749309,1
pravastatin,hyperlipidemias,0.1181818181818181,0.1256181304052324,0.001068495832715,0.9638009049773756,0.0027777319593939,1
darunavir,hiv infections,0.1181818181818181,0.1256181304052324,0.001068495832715,0.9638009049773756,0.0027777319593939,0
ritonavir,hiv infections,0.2181818181818181,0.1583843768493212,0.0209640644969209,0.4629385964912281,0.0064483011749309,0
rifampin,hiv infections,0.2045454545454545,0.1567908651507052,0.0104489328960396,0.5215980024968789,0.0055812060612407,1
ethambutol,hiv infections,0.1204545454545454,0.1277565458176497,0.0005791901379403,0.9426705370101596,0.0034468342298207,1
pyrazinamide,hiv infections,0.1204545454545454,0.1277565458176497,0.0005791901379403,0.9426705370101596,0.0034030429386147,1
rifampin,hiv infections,0.2045454545454545,0.1567908651507052,0.0104489328960396,0.5215980024968789,0.0055812060612407,1
ethambutol,hiv infections,0.1204545454545454,0.1277565458176497,0.0005791901379403,0.9426705370101596,0.0034468342298207,1
pyrazinamide,hiv infections,0.1204545454545454,0.1277565458176497,0.0005791901379403,0.9426705370101596,0.0034030429386147,1
rifampin,acquired immunodeficiency syndrome,0.2045454545454545,0.1567908651507052,0.0104489328960396,0.5215980024968789,0.0055812060612407,1
ethambutol,acquired immunodeficiency syndrome,0.1204545454545454,0.1277565458176497,0.0005791901379403,0.9426705370101596,0.0034468342298207,1
pyrazinamide,acquired immunodeficiency syndrome,0.1204545454545454,0.1277565458176497,0.0005791901379403,0.9426705370101596,0.0034030429386147,1
rifampin,acquired immunodeficiency syndrome,0.2045454545454545,0.1567908651507052,0.0104489328960396,0.5215980024968789,0.0055812060612407,1
ethambutol,acquired immunodeficiency syndrome,0.1204545454545454,0.1277565458176497,0.0005791901379403,0.9426705370101596,0.0034468342298207,1
pyrazinamide,acquired immunodeficiency syndrome,0.1204545454545454,0.1277565458176497,0.0005791901379403,0.9426705370101596,0.0034030429386147,1
rifampin,tuberculosis,0.2045454545454545,0.1567908651507052,0.0104489328960396,0.5215980024968789,0.0055812060612407,1
ethambutol,tuberculosis,0.1204545454545454,0.1277565458176497,0.0005791901379403,0.9426705370101596,0.0034468342298207,1
pyrazinamide,tuberculosis,0.1204545454545454,0.1277565458176497,0.0005791901379403,0.9426705370101596,0.0034030429386147,1
rifampin,tuberculosis,0.2045454545454545,0.1567908651507052,0.0104489328960396,0.5215980024968789,0.0055812060612407,1
ethambutol,tuberculosis,0.1204545454545454,0.1277565458176497,0.0005791901379403,0.9426705370101596,0.0034468342298207,1
pyrazinamide,tuberculosis,0.1204545454545454,0.1277565458176497,0.0005791901379403,0.9426705370101596,0.0034030429386147,1
tenofovir,hiv infections,0.1272727272727272,0.1282288680838359,0.0043185247547553,0.8487012987012987,0.0040405500694267,0
cyclophosphamide,pancreatic neoplasms,0.1477272727272727,0.0220263367450415,0.0613567145166867,0.2134615384615384,0.009531721675135,0
cyclophosphamide,"carcinoma, renal cell",0.1477272727272727,0.0220263367450415,0.0613567145166867,0.2134615384615384,0.009531721675135,0
cyclophosphamide,breast neoplasms,0.1477272727272727,0.0220263367450415,0.0613567145166867,0.2134615384615384,0.009531721675135,0
cyclophosphamide,melanoma,0.1477272727272727,0.0220263367450415,0.0613567145166867,0.2134615384615384,0.009531721675135,0
cyclophosphamide,ovarian neoplasms,0.1477272727272727,0.0220263367450415,0.0613567145166867,0.2134615384615384,0.009531721675135,0
tenofovir,hiv infections,0.1272727272727272,0.1282288680838359,0.0043185247547553,0.8487012987012987,0.0040405500694267,0
cyclophosphamide,lymphoma,0.1477272727272727,0.0220263367450415,0.0613567145166867,0.2134615384615384,0.009531721675135,0
cytarabine,lymphoma,0.084090909090909,0.0128495730906794,0.0154016622975452,0.4234234234234234,0.0051777007088009,0
doxorubicin,lymphoma,0.059090909090909,0.0097657629517018,0.0013273129426588,0.6923076923076923,0.0027945223263669,0
etoposide,lymphoma,0.0931818181818181,0.0134612962297106,0.0123870642627383,0.4109756097560975,0.0059387252291714,0
ifosfamide,lymphoma,0.0545454545454545,0.0101087386351727,0.0005729975811478,0.7210144927536232,0.002276402564231,0
leucovorin,lymphoma,0.2431818181818181,0.1504674136672513,0.04849142249252,0.3729500969846588,0.0071946113632105,0
methotrexate,lymphoma,0.1227272727272727,0.0312347356999842,0.0111594079134167,0.5576519916142557,0.0047850218056362,0
vincristine,lymphoma,0.0727272727272727,0.0102632723774062,0.0053159788023224,0.5262096774193549,0.0059390410308471,0
indinavir,hiv infections,0.1204545454545454,0.1277565458176497,0.0005791901379403,0.9426705370101596,0.0033540893782764,0
lamivudine,hiv infections,0.1227272727272727,0.1279357004634773,0.0018027692082066,0.909853249475891,0.004125835879464,0
zidovudine,hiv infections,0.1181818181818181,0.1254505688586284,0.0008707572620771,0.9638009049773756,0.0031675081340551,0
hydroxyurea,hiv infections,0.1295454545454545,0.1262038596734414,0.0071559507210774,0.8114035087719298,0.0038092941274838,0
lamivudine,hiv infections,0.1227272727272727,0.1279357004634773,0.0018027692082066,0.909853249475891,0.004125835879464,0
stavudine,hiv infections,0.1159090909090909,0.1252714142128008,0.0,1.0,0.0028401818792649,0
zidovudine,hiv infections,0.1181818181818181,0.1254505688586284,0.0008707572620771,0.9638009049773756,0.0031675081340551,0
didanosine,hiv infections,0.1159090909090909,0.1252714142128008,0.0,1.0,0.0028401818792649,0
zidovudine,hiv infections,0.1181818181818181,0.1254505688586284,0.0008707572620771,0.9638009049773756,0.0031675081340551,0
cobicistat,acquired immunodeficiency syndrome,0.1159090909090909,0.1252714142128008,0.0,1.0,0.0028891463973637,1
cobicistat,hiv infections,0.1159090909090909,0.1252714142128008,0.0,1.0,0.0028891463973637,1
zidovudine,hiv infections,0.1181818181818181,0.1254505688586284,0.0008707572620771,0.9638009049773756,0.0031675081340551,0
didanosine,hiv infections,0.1159090909090909,0.1252714142128008,0.0,1.0,0.0028401818792649,0
lamivudine,hepatitis b,0.1227272727272727,0.1279357004634773,0.0018027692082066,0.909853249475891,0.004125835879464,1
interferon alpha-2,hepatitis b,0.1181818181818181,0.1254505688586284,0.0008707572620771,0.9638009049773756,0.0029554335996557,1
tenofovir,post-acute covid-19 syndrome,0.1272727272727272,0.1282288680838359,0.0043185247547553,0.8487012987012987,0.0040405500694267,0
emtricitabine,post-acute covid-19 syndrome,0.1204545454545454,0.1255645818331593,0.0017419910156338,0.9288824383164006,0.0032856733889875,0
maraviroc,post-acute covid-19 syndrome,0.1204545454545454,0.1255645818331593,0.0017419910156338,0.9288824383164006,0.0029335225243615,0
zidovudine,castleman disease,0.1181818181818181,0.1254505688586284,0.0008707572620771,0.9638009049773756,0.0031675081340551,0
zidovudine,castleman disease,0.1181818181818181,0.1254505688586284,0.0008707572620771,0.9638009049773756,0.0031675081340551,0
raltegravir potassium,hiv infections,0.1272727272727272,0.1297061972874231,0.0011093872240053,0.8538961038961039,0.0035248895892925,1
darunavir,hiv infections,0.1181818181818181,0.1256181304052324,0.001068495832715,0.9638009049773756,0.0027777319593939,1
ritonavir,hiv infections,0.2181818181818181,0.1583843768493212,0.0209640644969209,0.4629385964912281,0.0064483011749309,1
rilpivirine,hiv infections,0.1159090909090909,0.1252714142128008,0.0,1.0,0.0026253349362476,1
darunavir,hiv infections,0.1181818181818181,0.1256181304052324,0.001068495832715,0.9638009049773756,0.0027777319593939,1
fibroblast growth factor 7,hiv infections,0.1159090909090909,0.1252714142128008,0.0,1.0,0.0026253349362476,0
buprenorphine,opioid-related disorders,0.0568181818181818,0.0134925671722328,0.0046203273415136,0.5433333333333333,0.0022414754009237,1
lamivudine,hiv infections,0.1227272727272727,0.1279357004634773,0.0018027692082066,0.909853249475891,0.004125835879464,0
tenofovir,hiv infections,0.1272727272727272,0.1282288680838359,0.0043185247547553,0.8487012987012987,0.0040405500694267,0
tenofovir,hepatitis b,0.1272727272727272,0.1282288680838359,0.0043185247547553,0.8487012987012987,0.0040405500694267,1
cisplatin,lymphoma,0.0772727272727272,0.0100876323767294,0.0084059076940843,0.4688057040998217,0.0038666129582391,0
cyclophosphamide,lymphoma,0.1477272727272727,0.0220263367450415,0.0613567145166867,0.2134615384615384,0.009531721675135,0
cytarabine,lymphoma,0.084090909090909,0.0128495730906794,0.0154016622975452,0.4234234234234234,0.0051777007088009,0
doxorubicin,lymphoma,0.059090909090909,0.0097657629517018,0.0013273129426588,0.6923076923076923,0.0027945223263669,0
etoposide,lymphoma,0.0931818181818181,0.0134612962297106,0.0123870642627383,0.4109756097560975,0.0059387252291714,0
fluorouracil,lymphoma,0.0636363636363636,0.0120540717413842,0.0040499668468395,0.4788359788359788,0.0035617295160401,0
ifosfamide,lymphoma,0.0545454545454545,0.0101087386351727,0.0005729975811478,0.7210144927536232,0.002276402564231,0
leucovorin,lymphoma,0.2431818181818181,0.1504674136672513,0.04849142249252,0.3729500969846588,0.0071946113632105,0
methotrexate,lymphoma,0.1227272727272727,0.0312347356999842,0.0111594079134167,0.5576519916142557,0.0047850218056362,0
methylprednisolone,lymphoma,0.1204545454545454,0.030863407527866,0.014168409146348,0.5595065312046444,0.0040245999684449,0
pentamidine,lymphoma,0.0386363636363636,0.008831423670324,0.0,1.0,0.0014990019458709,0
prednisone,lymphoma,0.2181818181818181,0.0681982275744613,0.0532324850629091,0.2839912280701754,0.007066133597273,0
"trimethoprim, sulfamethoxazole drug combination",lymphoma,0.0409090909090909,0.0088345454657995,0.0042451853385794,0.8888888888888888,0.0018645530932377,0
vincristine,lymphoma,0.0727272727272727,0.0102632723774062,0.0053159788023224,0.5262096774193549,0.0059390410308471,0
ganciclovir,cytomegalovirus retinitis,0.1159090909090909,0.1252714142128008,0.0,1.0,0.0026253349362476,0
ganciclovir,hiv infections,0.1159090909090909,0.1252714142128008,0.0,1.0,0.0026253349362476,0
ganciclovir,gastrointestinal diseases,0.1159090909090909,0.1252714142128008,0.0,1.0,0.0026253349362476,0
acyclovir,hiv infections,0.1227272727272727,0.1270133813288594,0.0022754633934944,0.896575821104123,0.0029321843810693,1
acyclovir,ulcer,0.1227272727272727,0.1270133813288594,0.0022754633934944,0.896575821104123,0.0029321843810693,1
acyclovir,herpes simplex,0.1227272727272727,0.1270133813288594,0.0022754633934944,0.896575821104123,0.0029321843810693,1
cyclophosphamide,neuroblastoma,0.1477272727272727,0.0220263367450415,0.0613567145166867,0.2134615384615384,0.009531721675135,0
topotecan,neuroblastoma,0.059090909090909,0.0034103583675016,0.006078269199303,0.4892307692307692,0.003465335854618,0
cisplatin,neuroblastoma,0.0772727272727272,0.0100876323767294,0.0084059076940843,0.4688057040998217,0.0038666129582391,0
etoposide,neuroblastoma,0.0931818181818181,0.0134612962297106,0.0123870642627383,0.4109756097560975,0.0059387252291714,0
doxorubicin,neuroblastoma,0.059090909090909,0.0097657629517018,0.0013273129426588,0.6923076923076923,0.0027945223263669,0
vincristine,neuroblastoma,0.0727272727272727,0.0102632723774062,0.0053159788023224,0.5262096774193549,0.0059390410308471,0
busulfan,neuroblastoma,0.0568181818181818,0.0097439137008141,0.0009433071954155,0.7366666666666667,0.0024869122816582,0
melphalan,neuroblastoma,0.059090909090909,0.0079426436926843,0.0021911953463058,0.56,0.0033531561041128,0
mesna,neuroblastoma,0.0318181818181818,0.00256100800511,0.0,1.0,0.0013261755305839,0
levetiracetam,neuroblastoma,0.109090909090909,0.0177301675494244,0.0207264166139735,0.4592198581560284,0.0041600325673831,0
isotretinoin,neuroblastoma,0.0318181818181818,0.00256100800511,0.0,1.0,0.0013261755305839,0
ritonavir,hiv infections,0.2181818181818181,0.1583843768493212,0.0209640644969209,0.4629385964912281,0.0064483011749309,0
nelfinavir,hiv infections,0.1159090909090909,0.1252714142128008,0.0,1.0,0.0026253349362476,0
nevirapine,hiv infections,0.1204545454545454,0.1277565458176497,0.0005791901379403,0.9426705370101596,0.0032243663167307,0
stavudine,hiv infections,0.1159090909090909,0.1252714142128008,0.0,1.0,0.0028401818792649,0
didanosine,hiv infections,0.1159090909090909,0.1252714142128008,0.0,1.0,0.0028401818792649,0
tenofovir,hepatitis b,0.1272727272727272,0.1282288680838359,0.0043185247547553,0.8487012987012987,0.0040405500694267,1
tenofovir,hepatitis b,0.1272727272727272,0.1282288680838359,0.0043185247547553,0.8487012987012987,0.0040405500694267,1
tenofovir,hiv infections,0.1272727272727272,0.1282288680838359,0.0043185247547553,0.8487012987012987,0.0040405500694267,0
emtricitabine,hiv infections,0.1204545454545454,0.1255645818331593,0.0017419910156338,0.9288824383164006,0.0032856733889875,0
lopinavir,hiv infections,0.1204545454545454,0.1277565458176497,0.0005791901379403,0.9426705370101596,0.0031383824848845,0
ritonavir,hiv infections,0.2181818181818181,0.1583843768493212,0.0209640644969209,0.4629385964912281,0.0064483011749309,0
tenofovir,"hepatitis b, chronic",0.1272727272727272,0.1282288680838359,0.0043185247547553,0.8487012987012987,0.0040405500694267,1
tenofovir,hepatitis b,0.1272727272727272,0.1282288680838359,0.0043185247547553,0.8487012987012987,0.0040405500694267,0
tenofovir,hepatitis,0.1272727272727272,0.1282288680838359,0.0043185247547553,0.8487012987012987,0.0040405500694267,0
ribavirin,hiv infections,0.1181818181818181,0.1254159999424746,0.0007664295113237,0.9630467571644042,0.0029419357011374,1
ribavirin,hepatitis c,0.1181818181818181,0.1254159999424746,0.0007664295113237,0.9630467571644042,0.0029419357011374,1
tenofovir,hepatitis b,0.1272727272727272,0.1282288680838359,0.0043185247547553,0.8487012987012987,0.0040405500694267,0
lamivudine,hepatitis b,0.1227272727272727,0.1279357004634773,0.0018027692082066,0.909853249475891,0.004125835879464,0
zidovudine,hepatitis b,0.1181818181818181,0.1254505688586284,0.0008707572620771,0.9638009049773756,0.0031675081340551,0
lamivudine,hepatitis b,0.1227272727272727,0.1279357004634773,0.0018027692082066,0.909853249475891,0.004125835879464,0
lamivudine,"hepatitis b, chronic",0.1227272727272727,0.1279357004634773,0.0018027692082066,0.909853249475891,0.004125835879464,1
indinavir,hiv infections,0.1204545454545454,0.1277565458176497,0.0005791901379403,0.9426705370101596,0.0033540893782764,0
ritonavir,hiv infections,0.2181818181818181,0.1583843768493212,0.0209640644969209,0.4629385964912281,0.0064483011749309,0
indinavir,tuberculosis,0.1204545454545454,0.1277565458176497,0.0005791901379403,0.9426705370101596,0.0033540893782764,0
ritonavir,tuberculosis,0.2181818181818181,0.1583843768493212,0.0209640644969209,0.4629385964912281,0.0064483011749309,0
"trimethoprim, sulfamethoxazole drug combination",malaria,0.0409090909090909,0.0088345454657995,0.0042451853385794,0.8888888888888888,0.0018645530932377,1
thymidine monophosphate,malaria,0.0022727272727272,0.0001676383714307,0.0,0.0,0.0004454330930833,1
cyclophosphamide,"carcinoma, non-small-cell lung",0.1477272727272727,0.0220263367450415,0.0613567145166867,0.2134615384615384,0.009531721675135,0
cyclophosphamide,"carcinoma, squamous cell",0.1477272727272727,0.0220263367450415,0.0613567145166867,0.2134615384615384,0.009531721675135,0
cyclophosphamide,"carcinoma, adenosquamous",0.1477272727272727,0.0220263367450415,0.0613567145166867,0.2134615384615384,0.009531721675135,0
cyclophosphamide,adenocarcinoma,0.1477272727272727,0.0220263367450415,0.0613567145166867,0.2134615384615384,0.009531721675135,0
"elvitegravir, cobicistat, emtricitabine, tenofovir disoproxil fumarate drug combination",hiv infections,0.1159090909090909,0.1252714142128008,0.0,1.0,0.0026253349362476,1
"efavirenz, emtricitabine, tenofovir disoproxil fumarate drug combination",hiv infections,0.1159090909090909,0.1252714142128008,0.0,1.0,0.0026253349362476,1
zidovudine,hiv infections,0.1181818181818181,0.1254505688586284,0.0008707572620771,0.9638009049773756,0.0031675081340551,0
raltegravir potassium,infections,0.1272727272727272,0.1297061972874231,0.0011093872240053,0.8538961038961039,0.0035248895892925,1
raltegravir potassium,hiv infections,0.1272727272727272,0.1297061972874231,0.0011093872240053,0.8538961038961039,0.0035248895892925,1
sevelamer,hiv infections,0.1159090909090909,0.1252714142128008,0.0,1.0,0.0026253349362476,0
granulocyte colony-stimulating factor,lymphoma,0.0704545454545454,0.0131777933964808,0.0019023311357834,0.5913978494623656,0.0037992949189192,0
granulocyte colony-stimulating factor,hodgkin disease,0.0704545454545454,0.0131777933964808,0.0019023311357834,0.5913978494623656,0.0037992949189192,0
vincristine,neuroblastoma,0.0727272727272727,0.0102632723774062,0.0053159788023224,0.5262096774193549,0.0059390410308471,1
carboplatin,neuroblastoma,0.0954545454545454,0.0053070024629292,0.0138161609733309,0.3286875725900116,0.0073277378133051,1
etoposide,neuroblastoma,0.0931818181818181,0.0134612962297106,0.0123870642627383,0.4109756097560975,0.0059387252291714,1
cisplatin,neuroblastoma,0.0772727272727272,0.0100876323767294,0.0084059076940843,0.4688057040998217,0.0038666129582391,1
cyclophosphamide,neuroblastoma,0.1477272727272727,0.0220263367450415,0.0613567145166867,0.2134615384615384,0.009531721675135,1
doxorubicin,neuroblastoma,0.059090909090909,0.0097657629517018,0.0013273129426588,0.6923076923076923,0.0027945223263669,1
granulocyte colony-stimulating factor,neuroblastoma,0.0704545454545454,0.0131777933964808,0.0019023311357834,0.5913978494623656,0.0037992949189192,1
busulfan,neuroblastoma,0.0568181818181818,0.0097439137008141,0.0009433071954155,0.7366666666666667,0.0024869122816582,1
melphalan,neuroblastoma,0.059090909090909,0.0079426436926843,0.0021911953463058,0.56,0.0033531561041128,1
delavirdine,hiv infections,0.1159090909090909,0.1252714142128008,0.0,1.0,0.0026253349362476,1
lamivudine,hiv infections,0.1227272727272727,0.1279357004634773,0.0018027692082066,0.909853249475891,0.004125835879464,1
zidovudine,hiv infections,0.1181818181818181,0.1254505688586284,0.0008707572620771,0.9638009049773756,0.0031675081340551,1
nevirapine,hiv infections,0.1204545454545454,0.1277565458176497,0.0005791901379403,0.9426705370101596,0.0032243663167307,0
zidovudine,hiv infections,0.1181818181818181,0.1254505688586284,0.0008707572620771,0.9638009049773756,0.0031675081340551,0
leucovorin,pneumonia,0.2431818181818181,0.1504674136672513,0.04849142249252,0.3729500969846588,0.0071946113632105,1
leucovorin,hiv infections,0.2431818181818181,0.1504674136672513,0.04849142249252,0.3729500969846588,0.0071946113632105,1
lamivudine,hiv infections,0.1227272727272727,0.1279357004634773,0.0018027692082066,0.909853249475891,0.004125835879464,1
lamivudine,acquired immunodeficiency syndrome,0.1227272727272727,0.1279357004634773,0.0018027692082066,0.909853249475891,0.004125835879464,1
thalidomide,acquired immunodeficiency syndrome,0.1545454545454545,0.1299678576918228,0.0179997972283457,0.6066725197541704,0.0043098742002128,0
thalidomide,burning mouth syndrome,0.1545454545454545,0.1299678576918228,0.0179997972283457,0.6066725197541704,0.0043098742002128,0
thalidomide,hiv infections,0.1545454545454545,0.1299678576918228,0.0179997972283457,0.6066725197541704,0.0043098742002128,0
busulfan,lymphoma,0.0568181818181818,0.0097439137008141,0.0009433071954155,0.7366666666666667,0.0024869122816582,0
cyclophosphamide,lymphoma,0.1477272727272727,0.0220263367450415,0.0613567145166867,0.2134615384615384,0.009531721675135,0
fluorescein-5-isothiocyanate,acquired immunodeficiency syndrome,0.1159090909090909,0.1252714142128008,0.0,1.0,0.0030659760291163,1
fluorescein-5-isothiocyanate,acquired immunodeficiency syndrome,0.1159090909090909,0.1252714142128008,0.0,1.0,0.0030659760291163,1
fluorescein-5-isothiocyanate,hiv infections,0.1159090909090909,0.1252714142128008,0.0,1.0,0.0030659760291163,1
fluorescein-5-isothiocyanate,hiv infections,0.1159090909090909,0.1252714142128008,0.0,1.0,0.0030659760291163,1
doxycycline,sexually transmitted diseases,0.0909090909090909,0.0392703384800921,0.0,1.0,0.0025298661858938,1
ribavirin,hepatitis c,0.1181818181818181,0.1254159999424746,0.0007664295113237,0.9630467571644042,0.0029419357011374,1
interferon alpha-2,hepatitis c,0.1181818181818181,0.1254505688586284,0.0008707572620771,0.9638009049773756,0.0029554335996557,1
raltegravir potassium,"bone diseases, metabolic",0.1272727272727272,0.1297061972874231,0.0011093872240053,0.8538961038961039,0.0035248895892925,1
raltegravir potassium,osteoporosis,0.1272727272727272,0.1297061972874231,0.0011093872240053,0.8538961038961039,0.0035248895892925,1
raltegravir potassium,hiv infections,0.1272727272727272,0.1297061972874231,0.0011093872240053,0.8538961038961039,0.0035248895892925,1
nevirapine,hiv infections,0.1204545454545454,0.1277565458176497,0.0005791901379403,0.9426705370101596,0.0032243663167307,0
sirolimus,sjogren's syndrome,0.0272727272727272,0.0054900615106856,0.0060435682241318,0.303030303030303,0.0023303167576494,0
lamivudine,hiv infections,0.1227272727272727,0.1279357004634773,0.0018027692082066,0.909853249475891,0.004125835879464,1
naltrexone,amphetamine-related disorders,0.0022727272727272,2.523653294348341e-05,0.0,0.0,0.0005260040444645,0
panobinostat,hiv infections,0.1454545454545454,0.1290642595918741,0.0124470547358633,0.6696428571428571,0.0036092222439339,0
voriconazole,mycoses,0.0,2.5494772664681652e-62,0.0,0.0,0.0003573555687909,1
maraviroc,hiv infections,0.1204545454545454,0.1255645818331593,0.0017419910156338,0.9288824383164006,0.0029335225243615,0
darunavir,hiv infections,0.1181818181818181,0.1256181304052324,0.001068495832715,0.9638009049773756,0.0027777319593939,0
ritonavir,hiv infections,0.2181818181818181,0.1583843768493212,0.0209640644969209,0.4629385964912281,0.0064483011749309,0
maraviroc,hiv infections,0.1204545454545454,0.1255645818331593,0.0017419910156338,0.9288824383164006,0.0029335225243615,0
darunavir,hiv infections,0.1181818181818181,0.1256181304052324,0.001068495832715,0.9638009049773756,0.0027777319593939,0
ritonavir,hiv infections,0.2181818181818181,0.1583843768493212,0.0209640644969209,0.4629385964912281,0.0064483011749309,0
carboplatin,"lymphoma, non-hodgkin",0.0954545454545454,0.0053070024629292,0.0138161609733309,0.3286875725900116,0.0073277378133051,0
etoposide,"lymphoma, non-hodgkin",0.0931818181818181,0.0134612962297106,0.0123870642627383,0.4109756097560975,0.0059387252291714,0
ifosfamide,"lymphoma, non-hodgkin",0.0545454545454545,0.0101087386351727,0.0005729975811478,0.7210144927536232,0.002276402564231,0
alendronate,hiv infections,0.1977272727272727,0.147252003204352,0.0124434663093306,0.5180433039294307,0.0048634542740018,0
valproic acid,hiv infections,0.1795454545454545,0.1347525768504958,0.0116098626020731,0.549172346640701,0.0043342253786403,0
pyrimethamine,hiv infections,0.125,0.1265394451037241,0.0036015588165634,0.8673400673400673,0.0029570403310137,0
naltrexone,heroin dependence,0.0022727272727272,2.523653294348341e-05,0.0,0.0,0.0005260040444645,0
nevirapine,hiv infections,0.1204545454545454,0.1277565458176497,0.0005791901379403,0.9426705370101596,0.0032243663167307,1
globulins,hiv infections,0.1159090909090909,0.1252714142128008,0.0,1.0,0.0026253349362476,1
zidovudine,hiv infections,0.1181818181818181,0.1254505688586284,0.0008707572620771,0.9638009049773756,0.0031675081340551,1
buprenorphine,opioid-related disorders,0.0568181818181818,0.0134925671722328,0.0046203273415136,0.5433333333333333,0.0022414754009237,1
rosuvastatin calcium,hypercholesterolemia,0.0045454545454545,0.0002516163787105,0.0,1.0,0.000535586928742,1
fluorescein-5-isothiocyanate,hiv infections,0.1159090909090909,0.1252714142128008,0.0,1.0,0.0030659760291163,1
tenofovir,hepatitis b,0.1272727272727272,0.1282288680838359,0.0043185247547553,0.8487012987012987,0.0040405500694267,0
telbivudine,hepatitis b,0.009090909090909,0.0096211850264639,0.0,1.0,0.0005309384288891,0
tenofovir,hepatitis b,0.1272727272727272,0.1282288680838359,0.0043185247547553,0.8487012987012987,0.0040405500694267,0
atazanavir sulfate,infections,0.1159090909090909,0.1252714142128008,0.0,1.0,0.002802439849961,0
ritonavir,infections,0.2181818181818181,0.1583843768493212,0.0209640644969209,0.4629385964912281,0.0064483011749309,0
tenofovir,infections,0.1272727272727272,0.1282288680838359,0.0043185247547553,0.8487012987012987,0.0040405500694267,0
emtricitabine,infections,0.1204545454545454,0.1255645818331593,0.0017419910156338,0.9288824383164006,0.0032856733889875,0
atazanavir sulfate,hiv infections,0.1159090909090909,0.1252714142128008,0.0,1.0,0.002802439849961,0
ritonavir,hiv infections,0.2181818181818181,0.1583843768493212,0.0209640644969209,0.4629385964912281,0.0064483011749309,0
tenofovir,hiv infections,0.1272727272727272,0.1282288680838359,0.0043185247547553,0.8487012987012987,0.0040405500694267,0
emtricitabine,hiv infections,0.1204545454545454,0.1255645818331593,0.0017419910156338,0.9288824383164006,0.0032856733889875,0
ritonavir,hiv infections,0.2181818181818181,0.1583843768493212,0.0209640644969209,0.4629385964912281,0.0064483011749309,1
nelfinavir,hiv infections,0.1159090909090909,0.1252714142128008,0.0,1.0,0.0026253349362476,1
saquinavir,hiv infections,0.1159090909090909,0.1252714142128008,0.0,1.0,0.0026253349362476,1
stavudine,hiv infections,0.1159090909090909,0.1252714142128008,0.0,1.0,0.0028401818792649,1
tenofovir,hiv infections,0.1272727272727272,0.1282288680838359,0.0043185247547553,0.8487012987012987,0.0040405500694267,1
lamivudine,hiv infections,0.1227272727272727,0.1279357004634773,0.0018027692082066,0.909853249475891,0.004125835879464,1
raltegravir potassium,hiv infections,0.1272727272727272,0.1297061972874231,0.0011093872240053,0.8538961038961039,0.0035248895892925,1
tenofovir,hiv infections,0.1272727272727272,0.1282288680838359,0.0043185247547553,0.8487012987012987,0.0040405500694267,1
lamivudine,hiv infections,0.1227272727272727,0.1279357004634773,0.0018027692082066,0.909853249475891,0.004125835879464,1
tenofovir,tuberculosis,0.1272727272727272,0.1282288680838359,0.0043185247547553,0.8487012987012987,0.0040405500694267,1
lamivudine,tuberculosis,0.1227272727272727,0.1279357004634773,0.0018027692082066,0.909853249475891,0.004125835879464,1
raltegravir potassium,tuberculosis,0.1272727272727272,0.1297061972874231,0.0011093872240053,0.8538961038961039,0.0035248895892925,1
tenofovir,tuberculosis,0.1272727272727272,0.1282288680838359,0.0043185247547553,0.8487012987012987,0.0040405500694267,1
lamivudine,tuberculosis,0.1227272727272727,0.1279357004634773,0.0018027692082066,0.909853249475891,0.004125835879464,1
eplerenone,hypertension,0.0999999999999999,0.0059642908778948,0.0048941391739032,0.554968287526427,0.0039737250736694,1
clonidine,hypertension,0.059090909090909,0.0045968077886262,0.0,1.0,0.0020442994281348,0
olmesartan medoxomil,hypertension,0.0613636363636363,0.0046141662852782,0.0003020494939309,0.9430199430199432,0.0025284142602974,1
hydrochlorothiazide,hypertension,0.1045454545454545,0.0127066071179724,0.0032015922035127,0.5942028985507246,0.0046625854023606,1
nitroglycerin,hypertension,0.059090909090909,0.0045968077886262,0.0,1.0,0.0020442994281348,1
spironolactone,"hypertension, renal",0.0999999999999999,0.010344623142858,0.001471153826164,0.6405919661733616,0.0036991086445367,1
spironolactone,hypertension,0.0999999999999999,0.010344623142858,0.001471153826164,0.6405919661733616,0.0036991086445367,1
spironolactone,diabetes mellitus,0.0999999999999999,0.010344623142858,0.001471153826164,0.6405919661733616,0.0036991086445367,1
valsartan,hypertension,0.1045454545454545,0.0106420449276574,0.0028385193277934,0.5932367149758454,0.0045626658832071,1
amlodipine,hypertension,0.1295454545454545,0.0186187896831198,0.0130190246252335,0.43734335839599,0.005413068159478,1
hydrochlorothiazide,hypertension,0.1045454545454545,0.0127066071179724,0.0032015922035127,0.5942028985507246,0.0046625854023606,1
losartan,hypertension,0.0999999999999999,0.0059642908778948,0.0048941391739032,0.554968287526427,0.0041615192935926,1
valsartan,hypertrophy,0.1045454545454545,0.0106420449276574,0.0028385193277934,0.5932367149758454,0.0045626658832071,1
amlodipine,hypertrophy,0.1295454545454545,0.0186187896831198,0.0130190246252335,0.43734335839599,0.005413068159478,1
hydrochlorothiazide,hypertrophy,0.1045454545454545,0.0127066071179724,0.0032015922035127,0.5942028985507246,0.0046625854023606,1
losartan,hypertrophy,0.0999999999999999,0.0059642908778948,0.0048941391739032,0.554968287526427,0.0041615192935926,1
hydrocodone,chronic pain,0.0068181818181818,0.0035580497057803,0.0,1.0,0.0005960755183653,1
doxazosin,"rhinitis, allergic",0.0113636363636363,0.0012496871267064,0.0,1.0,0.000778487260254,1
timolol,"glaucoma, open-angle",0.0227272727272727,0.0009670539952767,0.0,1.0,0.001973200983345,1
timolol,"glaucoma, open-angle",0.0227272727272727,0.0009670539952767,0.0,1.0,0.001973200983345,1
timolol,ocular hypertension,0.0227272727272727,0.0009670539952767,0.0,1.0,0.001973200983345,1
timolol,ocular hypertension,0.0227272727272727,0.0009670539952767,0.0,1.0,0.001973200983345,1
felodipine,hypertension,0.059090909090909,0.0045968077886262,0.0,1.0,0.0020442994281348,1
felodipine,hypertension,0.059090909090909,0.0045968077886262,0.0,1.0,0.0020442994281348,1
felodipine,"hypertrophy, left ventricular",0.059090909090909,0.0045968077886262,0.0,1.0,0.0020442994281348,1
felodipine,"hypertrophy, left ventricular",0.059090909090909,0.0045968077886262,0.0,1.0,0.0020442994281348,1
chlorthalidone,"renal insufficiency, chronic",0.0681818181818181,0.0053198418805652,0.0013149075921382,0.7954022988505747,0.0025402281933708,1
furosemide,"renal insufficiency, chronic",0.0727272727272727,0.0055051512623299,0.0025798749300764,0.719758064516129,0.0028536377359254,1
torsemide,"renal insufficiency, chronic",0.0681818181818181,0.0053198418805652,0.0013149075921382,0.7954022988505747,0.0025402281933708,1
chlorthalidone,hypertension,0.0681818181818181,0.0053198418805652,0.0013149075921382,0.7954022988505747,0.0025402281933708,1
furosemide,hypertension,0.0727272727272727,0.0055051512623299,0.0025798749300764,0.719758064516129,0.0028536377359254,1
torsemide,hypertension,0.0681818181818181,0.0053198418805652,0.0013149075921382,0.7954022988505747,0.0025402281933708,1
"ferric oxide, saccharated","anemia, iron-deficiency",0.0,2.5494772664681652e-62,0.0,0.0,0.0003573555687909,1
"ferric oxide, saccharated","anemia, iron-deficiency",0.0,2.5494772664681652e-62,0.0,0.0,0.0003573555687909,1
sildenafil citrate,scleredema adultorum,0.0022727272727272,1.90965887239762e-05,0.0,0.0,0.0005858283553055,0
ramipril,glomerulonephritis,0.1181818181818181,0.0110092115397643,0.024065040008477,0.4788838612368024,0.004250713111743,1
losartan,"diabetes mellitus, type 2",0.0999999999999999,0.0059642908778948,0.0048941391739032,0.554968287526427,0.0041615192935926,1
olmesartan medoxomil,essential hypertension,0.0613636363636363,0.0046141662852782,0.0003020494939309,0.9430199430199432,0.0025284142602974,1
hydrochlorothiazide,essential hypertension,0.1045454545454545,0.0127066071179724,0.0032015922035127,0.5942028985507246,0.0046625854023606,1
olmesartan medoxomil,essential hypertension,0.0613636363636363,0.0046141662852782,0.0003020494939309,0.9430199430199432,0.0025284142602974,1
nifedipine,hypertension,0.0636363636363636,0.004782117170391,0.0008529429967128,0.8862433862433863,0.0023592011211531,1
ramipril,hypertension,0.1181818181818181,0.0110092115397643,0.024065040008477,0.4788838612368024,0.004250713111743,1
dexmedetomidine,"hypoxia-ischemia, brain",0.1022727272727272,0.0204772142328113,0.0075972564304542,0.5333333333333333,0.004795345026455,0
morphine,"hypoxia-ischemia, brain",0.0386363636363636,0.0068874859619449,0.0100767954096538,0.6985294117647058,0.0022090069375852,0
dexmedetomidine,pain,0.1022727272727272,0.0204772142328113,0.0075972564304542,0.5333333333333333,0.004795345026455,0
morphine,pain,0.0386363636363636,0.0068874859619449,0.0100767954096538,0.6985294117647058,0.0022090069375852,0
salmine,hypertension,0.1931818181818181,0.0495352769344616,0.0490214587846664,0.3535014005602241,0.0057580326903994,0
salmine,cardiovascular diseases,0.1931818181818181,0.0495352769344616,0.0490214587846664,0.3535014005602241,0.0057580326903994,0
hydrochlorothiazide,hypertension,0.1045454545454545,0.0127066071179724,0.0032015922035127,0.5942028985507246,0.0046625854023606,1
latanoprost,glaucoma,0.0227272727272727,0.0009670539952767,0.0,1.0,0.001850850893263,1
latanoprost,ocular hypertension,0.0227272727272727,0.0009670539952767,0.0,1.0,0.001850850893263,1
bosentan,hypertension,0.059090909090909,0.0045968077886262,0.0,1.0,0.0020442994281348,1
spironolactone,hyperkalemia,0.0999999999999999,0.010344623142858,0.001471153826164,0.6405919661733616,0.0036991086445367,0
vasopressins,"shock, traumatic",0.0,2.5494772664681652e-62,0.0,0.0,0.0003573555687909,0
atenolol,postoperative cognitive complications,0.0,2.5494772664681652e-62,0.0,0.0,0.0003573555687909,1
mifepristone,endocrine system diseases,0.0022727272727272,0.0002216813128424,0.0,0.0,0.0004371280610899,0
hydrochlorothiazide,hypertension,0.1045454545454545,0.0127066071179724,0.0032015922035127,0.5942028985507246,0.0046625854023606,1
amlodipine,hypertension,0.1295454545454545,0.0186187896831198,0.0130190246252335,0.43734335839599,0.005413068159478,1
valsartan,hypertension,0.1045454545454545,0.0106420449276574,0.0028385193277934,0.5932367149758454,0.0045626658832071,1
hydrochlorothiazide,hypertension,0.1045454545454545,0.0127066071179724,0.0032015922035127,0.5942028985507246,0.0046625854023606,1
amlodipine,diabetes mellitus,0.1295454545454545,0.0186187896831198,0.0130190246252335,0.43734335839599,0.005413068159478,1
valsartan,diabetes mellitus,0.1045454545454545,0.0106420449276574,0.0028385193277934,0.5932367149758454,0.0045626658832071,1
hydrochlorothiazide,diabetes mellitus,0.1045454545454545,0.0127066071179724,0.0032015922035127,0.5942028985507246,0.0046625854023606,1
amlodipine,albuminuria,0.1295454545454545,0.0186187896831198,0.0130190246252335,0.43734335839599,0.005413068159478,1
valsartan,albuminuria,0.1045454545454545,0.0106420449276574,0.0028385193277934,0.5932367149758454,0.0045626658832071,1
hydrochlorothiazide,albuminuria,0.1045454545454545,0.0127066071179724,0.0032015922035127,0.5942028985507246,0.0046625854023606,1
valsartan,hypertension,0.1045454545454545,0.0106420449276574,0.0028385193277934,0.5932367149758454,0.0045626658832071,1
amlodipine,hypertension,0.1295454545454545,0.0186187896831198,0.0130190246252335,0.43734335839599,0.005413068159478,1
telmisartan,hypertension,0.1227272727272727,0.0109912104354152,0.0075486013722149,0.4828791055206149,0.0047876597546245,1
amlodipine,hypertension,0.1295454545454545,0.0186187896831198,0.0130190246252335,0.43734335839599,0.005413068159478,1
telmisartan,hypertension,0.1227272727272727,0.0109912104354152,0.0075486013722149,0.4828791055206149,0.0047876597546245,1
amlodipine,hypertension,0.1295454545454545,0.0186187896831198,0.0130190246252335,0.43734335839599,0.005413068159478,1
telmisartan,hypertension,0.1227272727272727,0.0109912104354152,0.0075486013722149,0.4828791055206149,0.0047876597546245,1
amlodipine,hypertension,0.1295454545454545,0.0186187896831198,0.0130190246252335,0.43734335839599,0.005413068159478,1
telmisartan,hypertension,0.1227272727272727,0.0109912104354152,0.0075486013722149,0.4828791055206149,0.0047876597546245,1
amlodipine,hypertension,0.1295454545454545,0.0186187896831198,0.0130190246252335,0.43734335839599,0.005413068159478,1
brimonidine tartrate,glaucoma,0.0227272727272727,0.0009670539952767,0.0,1.0,0.001850850893263,1
brimonidine tartrate,ocular hypertension,0.0227272727272727,0.0009670539952767,0.0,1.0,0.001850850893263,1
bimatoprost,glaucoma,0.0227272727272727,0.0009670539952767,0.0,1.0,0.0014846963505554,1
brimonidine tartrate,glaucoma,0.0227272727272727,0.0009670539952767,0.0,1.0,0.001850850893263,1
benzolamide,glaucoma,0.0227272727272727,0.0009670539952767,0.0,1.0,0.0014846963505554,1
hydrochlorothiazide,essential hypertension,0.1045454545454545,0.0127066071179724,0.0032015922035127,0.5942028985507246,0.0046625854023606,1
losartan,essential hypertension,0.0999999999999999,0.0059642908778948,0.0048941391739032,0.554968287526427,0.0041615192935926,1
telmisartan,diabetes mellitus,0.1227272727272727,0.0109912104354152,0.0075486013722149,0.4828791055206149,0.0047876597546245,1
ramipril,diabetes mellitus,0.1181818181818181,0.0110092115397643,0.024065040008477,0.4788838612368024,0.004250713111743,1
telmisartan,hypertension,0.1227272727272727,0.0109912104354152,0.0075486013722149,0.4828791055206149,0.0047876597546245,1
ramipril,hypertension,0.1181818181818181,0.0110092115397643,0.024065040008477,0.4788838612368024,0.004250713111743,1
topiramate,obesity,0.0999999999999999,0.0159296360030127,0.0167524818407732,0.5338266384778013,0.0037854268908082,1
carvedilol,"hypertension, portal",0.0704545454545454,0.0150388616924167,0.0008483759853223,0.8559139784946237,0.0028131243113632,1
carvedilol,heart failure,0.0704545454545454,0.0150388616924167,0.0008483759853223,0.8559139784946237,0.0028131243113632,1
hydrochlorothiazide,hypertension,0.1045454545454545,0.0127066071179724,0.0032015922035127,0.5942028985507246,0.0046625854023606,1
prednisone,immune reconstitution inflammatory syndrome,0.2181818181818181,0.0681982275744613,0.0532324850629091,0.2839912280701754,0.007066133597273,1
prednisone,tuberculosis,0.2181818181818181,0.0681982275744613,0.0532324850629091,0.2839912280701754,0.007066133597273,1
telmisartan,hypertension,0.1227272727272727,0.0109912104354152,0.0075486013722149,0.4828791055206149,0.0047876597546245,1
losartan,hypertension,0.0999999999999999,0.0059642908778948,0.0048941391739032,0.554968287526427,0.0041615192935926,1
hydrochlorothiazide,hypertension,0.1045454545454545,0.0127066071179724,0.0032015922035127,0.5942028985507246,0.0046625854023606,1
acetazolamide,pseudotumor cerebri,0.0,2.5494772664681652e-62,0.0,0.0,0.0003573555687909,1
bisoprolol,hypertension,0.0999999999999999,0.010344623142858,0.001471153826164,0.6405919661733616,0.0036991086445367,1
bisoprolol,diabetes mellitus,0.0999999999999999,0.010344623142858,0.001471153826164,0.6405919661733616,0.0036991086445367,1
propofol,synesthesia,0.0863636363636363,0.0153115062303989,0.0060071565999975,0.647226173541963,0.0046403186393172,1
telmisartan,hypertension,0.1227272727272727,0.0109912104354152,0.0075486013722149,0.4828791055206149,0.0047876597546245,1
amlodipine,hypertension,0.1295454545454545,0.0186187896831198,0.0130190246252335,0.43734335839599,0.005413068159478,1
telmisartan,obesity,0.1227272727272727,0.0109912104354152,0.0075486013722149,0.4828791055206149,0.0047876597546245,1
amlodipine,obesity,0.1295454545454545,0.0186187896831198,0.0130190246252335,0.43734335839599,0.005413068159478,1
timolol,glaucoma,0.0227272727272727,0.0009670539952767,0.0,1.0,0.001973200983345,1
timolol,glaucoma,0.0227272727272727,0.0009670539952767,0.0,1.0,0.001973200983345,1
prostaglandins,glaucoma,0.0227272727272727,0.0009670539952767,0.0,1.0,0.001973200983345,1
timolol,ocular hypertension,0.0227272727272727,0.0009670539952767,0.0,1.0,0.001973200983345,1
timolol,ocular hypertension,0.0227272727272727,0.0009670539952767,0.0,1.0,0.001973200983345,1
prostaglandins,ocular hypertension,0.0227272727272727,0.0009670539952767,0.0,1.0,0.001973200983345,1
aspirin,pre-eclampsia,0.075,0.0095740365765078,0.0134074955592477,0.5681818181818182,0.0036418383814519,1
aspirin,pre-eclampsia,0.075,0.0095740365765078,0.0134074955592477,0.5681818181818182,0.0036418383814519,1
aspirin,fetal growth retardation,0.075,0.0095740365765078,0.0134074955592477,0.5681818181818182,0.0036418383814519,1
aspirin,fetal growth retardation,0.075,0.0095740365765078,0.0134074955592477,0.5681818181818182,0.0036418383814519,1
aspirin,premature birth,0.075,0.0095740365765078,0.0134074955592477,0.5681818181818182,0.0036418383814519,1
aspirin,premature birth,0.075,0.0095740365765078,0.0134074955592477,0.5681818181818182,0.0036418383814519,1
aspirin,placental insufficiency,0.075,0.0095740365765078,0.0134074955592477,0.5681818181818182,0.0036418383814519,1
aspirin,placental insufficiency,0.075,0.0095740365765078,0.0134074955592477,0.5681818181818182,0.0036418383814519,1
brimonidine tartrate,glaucoma,0.0227272727272727,0.0009670539952767,0.0,1.0,0.001850850893263,1
brimonidine tartrate,ocular hypertension,0.0227272727272727,0.0009670539952767,0.0,1.0,0.001850850893263,1
dexmedetomidine,"heart septal defects, atrial",0.1022727272727272,0.0204772142328113,0.0075972564304542,0.5333333333333333,0.004795345026455,1
dexmedetomidine,emergence delirium,0.1022727272727272,0.0204772142328113,0.0075972564304542,0.5333333333333333,0.004795345026455,1
valsartan,hypertension,0.1045454545454545,0.0106420449276574,0.0028385193277934,0.5932367149758454,0.0045626658832071,1
lisinopril,hypertension,0.0613636363636363,0.0046141662852782,0.0003020494939309,0.9430199430199432,0.0025284142602974,1
eplerenone,essential hypertension,0.0999999999999999,0.0059642908778948,0.0048941391739032,0.554968287526427,0.0039737250736694,0
amlodipine,hypertension,0.1295454545454545,0.0186187896831198,0.0130190246252335,0.43734335839599,0.005413068159478,1
amlodipine,hyperlipidemias,0.1295454545454545,0.0186187896831198,0.0130190246252335,0.43734335839599,0.005413068159478,1
linagliptin,diabetes mellitus,0.0545454545454545,0.0073243197708688,0.0,1.0,0.0020002589321135,1
valsartan,hypertension,0.1045454545454545,0.0106420449276574,0.0028385193277934,0.5932367149758454,0.0045626658832071,1
olmesartan medoxomil,hypertension,0.0613636363636363,0.0046141662852782,0.0003020494939309,0.9430199430199432,0.0025284142602974,1
sildenafil citrate,"hypertension, pulmonary",0.0022727272727272,1.90965887239762e-05,0.0,0.0,0.0005858283553055,1
losartan,hypertension,0.0999999999999999,0.0059642908778948,0.0048941391739032,0.554968287526427,0.0041615192935926,1
hydrochlorothiazide,hypertension,0.1045454545454545,0.0127066071179724,0.0032015922035127,0.5942028985507246,0.0046625854023606,1
furosemide,pre-eclampsia,0.0727272727272727,0.0055051512623299,0.0025798749300764,0.719758064516129,0.0028536377359254,1
furosemide,pregnancy complications,0.0727272727272727,0.0055051512623299,0.0025798749300764,0.719758064516129,0.0028536377359254,1
furosemide,hypertension,0.0727272727272727,0.0055051512623299,0.0025798749300764,0.719758064516129,0.0028536377359254,1
antilymphocyte serum,kidney diseases,0.009090909090909,0.0021701136671316,0.0,1.0,0.0007070210131559,1
mycophenolic acid,kidney diseases,0.0204545454545454,0.0024338849501303,0.0047099038223747,0.3611111111111111,0.0015799555276769,1
prednisone,kidney diseases,0.2181818181818181,0.0681982275744613,0.0532324850629091,0.2839912280701754,0.007066133597273,1
tacrolimus,kidney diseases,0.15,0.0382420011834982,0.0128777968094813,0.4769230769230769,0.0048860365495628,1
sirolimus,kidney diseases,0.0272727272727272,0.0054900615106856,0.0060435682241318,0.303030303030303,0.0023303167576494,1
latanoprost,glaucoma,0.0227272727272727,0.0009670539952767,0.0,1.0,0.001850850893263,1
bumetanide,alzheimer disease,0.0909090909090909,0.0392703384800921,0.0,1.0,0.0025298661858938,0
tadalafil,pulmonary arterial hypertension,0.009090909090909,0.0010063646581396,0.004275689404916,0.1666666666666666,0.0010749964988123,1
tadalafil,"scleroderma, systemic",0.009090909090909,0.0010063646581396,0.004275689404916,0.1666666666666666,0.0010749964988123,1
tadalafil,connective tissue diseases,0.009090909090909,0.0010063646581396,0.004275689404916,0.1666666666666666,0.0010749964988123,1
tadalafil,"hypertension, pulmonary",0.009090909090909,0.0010063646581396,0.004275689404916,0.1666666666666666,0.0010749964988123,1
valsartan,heart failure,0.1045454545454545,0.0106420449276574,0.0028385193277934,0.5932367149758454,0.0045626658832071,0
valsartan,essential hypertension,0.1045454545454545,0.0106420449276574,0.0028385193277934,0.5932367149758454,0.0045626658832071,0
metoprolol,lung diseases,0.1272727272727272,0.019082127821677,0.0191613739015314,0.475974025974026,0.0044506124998778,1
carvedilol,lung diseases,0.0704545454545454,0.0150388616924167,0.0008483759853223,0.8559139784946237,0.0028131243113632,1
metoprolol,asthma,0.1272727272727272,0.019082127821677,0.0191613739015314,0.475974025974026,0.0044506124998778,1
carvedilol,asthma,0.0704545454545454,0.0150388616924167,0.0008483759853223,0.8559139784946237,0.0028131243113632,1
valsartan,hypertension,0.1045454545454545,0.0106420449276574,0.0028385193277934,0.5932367149758454,0.0045626658832071,1
amlodipine,hypertension,0.1295454545454545,0.0186187896831198,0.0130190246252335,0.43734335839599,0.005413068159478,1
amlodipine,hypotension,0.1295454545454545,0.0186187896831198,0.0130190246252335,0.43734335839599,0.005413068159478,1
prednisolone,glaucoma,0.1954545454545454,0.0410112226145668,0.0584665116519279,0.3269493844049247,0.0069649229822454,1
ketorolac,glaucoma,0.0227272727272727,0.0009670539952767,0.0,1.0,0.0014846963505554,1
lubricant eye drops,glaucoma,0.0227272727272727,0.0009670539952767,0.0,1.0,0.0014846963505554,1
sunitinib,"carcinoma, renal cell",0.034090909090909,0.0016171359056321,0.0019398025701382,0.5714285714285714,0.0021158159599684,0
irbesartan,metabolic syndrome,0.0636363636363636,0.0100933154515979,0.0010084996718313,0.8888888888888888,0.0022013599980576,1
hydrochlorothiazide,metabolic syndrome,0.1045454545454545,0.0127066071179724,0.0032015922035127,0.5942028985507246,0.0046625854023606,1
irbesartan,hypertension,0.0636363636363636,0.0100933154515979,0.0010084996718313,0.8888888888888888,0.0022013599980576,1
hydrochlorothiazide,hypertension,0.1045454545454545,0.0127066071179724,0.0032015922035127,0.5942028985507246,0.0046625854023606,1
nebivolol,hypertension,0.059090909090909,0.0045968077886262,0.0,1.0,0.0020442994281348,1
metoprolol,hypertension,0.1272727272727272,0.019082127821677,0.0191613739015314,0.475974025974026,0.0044506124998778,1
methylprednisolone,sciatica,0.1204545454545454,0.030863407527866,0.014168409146348,0.5595065312046444,0.0040245999684449,1
ketoprofen,sciatica,0.0045454545454545,0.0006435666880296,0.0,1.0,0.0005382584621515,1
sodium chloride,sciatica,0.0227272727272727,0.0030517058030011,0.0006427524607594,0.6666666666666666,0.001421790775204,1
labetalol,pre-eclampsia,0.0068181818181818,0.0003768889617412,0.0,1.0,0.0005795247958511,1
nifedipine,pre-eclampsia,0.0636363636363636,0.004782117170391,0.0008529429967128,0.8862433862433863,0.0023592011211531,1
tacrolimus,kidney diseases,0.15,0.0382420011834982,0.0128777968094813,0.4769230769230769,0.0048860365495628,0
bevacizumab,glaucoma,0.0522727272727272,0.0022145268399167,0.0087182773131942,0.3596837944664031,0.004614403413593,1
mitomycin,glaucoma,0.0227272727272727,0.0009670539952767,0.0,1.0,0.0014846963505554,1
perindopril,hypertension,0.059090909090909,0.0045968077886262,0.0,1.0,0.0020442994281348,0
losartan,hypertension,0.0999999999999999,0.0059642908778948,0.0048941391739032,0.554968287526427,0.0041615192935926,0
hydrochlorothiazide,hypertension,0.1045454545454545,0.0127066071179724,0.0032015922035127,0.5942028985507246,0.0046625854023606,0
lidocaine,cough,0.034090909090909,0.0076404715063185,0.0019488970191844,0.8666666666666667,0.0014391666839239,0
hydrochlorothiazide,hypertension,0.1045454545454545,0.0127066071179724,0.0032015922035127,0.5942028985507246,0.0046625854023606,1
arginine,essential hypertension,0.0159090909090909,0.0009320969815603,0.0,1.0,0.0008069063689306,1
aspirin,warts,0.075,0.0095740365765078,0.0134074955592477,0.5681818181818182,0.0036418383814519,1
aspirin,pre-eclampsia,0.075,0.0095740365765078,0.0134074955592477,0.5681818181818182,0.0036418383814519,1
saline solution,pancreatitis,0.0454545454545454,0.0080928573643468,0.0017652240753624,0.6210526315789474,0.0021171051514157,0
prostaglandins,"glaucoma, open-angle",0.0227272727272727,0.0009670539952767,0.0,1.0,0.001973200983345,0
prostaglandins,cataract,0.0227272727272727,0.0009670539952767,0.0,1.0,0.001973200983345,0
felodipine,hypertension,0.059090909090909,0.0045968077886262,0.0,1.0,0.0020442994281348,1
angiotensin receptor antagonists,brain infarction,0.059090909090909,0.0045968077886262,0.0,1.0,0.0021096210915815,1
angiotensin-converting enzyme inhibitors,brain infarction,0.0613636363636363,0.0046141662852782,0.0003020494939309,0.9430199430199432,0.0025953323053233,1
angiotensin receptor antagonists,hypertension,0.059090909090909,0.0045968077886262,0.0,1.0,0.0021096210915815,1
angiotensin-converting enzyme inhibitors,hypertension,0.0613636363636363,0.0046141662852782,0.0003020494939309,0.9430199430199432,0.0025953323053233,1
celecoxib,arthritis,0.0409090909090909,0.0094893477693523,0.0050826469134277,0.5228758169934641,0.001910866853333,1
ibuprofen,arthritis,0.1204545454545454,0.046945589664641,0.0071827640713776,0.6262699564586357,0.0034443587344088,1
naproxen,arthritis,0.0954545454545454,0.0301144998226125,0.0029356083280062,0.7770034843205574,0.0033324947056621,1
lisinopril,essential hypertension,0.0613636363636363,0.0046141662852782,0.0003020494939309,0.9430199430199432,0.0025284142602974,1
angiotensin-converting enzyme inhibitors,essential hypertension,0.0613636363636363,0.0046141662852782,0.0003020494939309,0.9430199430199432,0.0025953323053233,1
hydroxymethylglutaryl-coa reductase inhibitors,hypertension,0.059090909090909,0.0045968077886262,0.0,1.0,0.0020442994281348,1
hydroxymethylglutaryl-coa reductase inhibitors,dyslipidemias,0.059090909090909,0.0045968077886262,0.0,1.0,0.0020442994281348,1
nifedipine,pre-eclampsia,0.0636363636363636,0.004782117170391,0.0008529429967128,0.8862433862433863,0.0023592011211531,1
labetalol,pre-eclampsia,0.0068181818181818,0.0003768889617412,0.0,1.0,0.0005795247958511,1
pantoprazole,pediatric obesity,0.0431818181818181,0.001572825432135,0.0042451853385794,0.8947368421052632,0.0021604275841109,1
pantoprazole,non-alcoholic fatty liver disease,0.0431818181818181,0.001572825432135,0.0042451853385794,0.8947368421052632,0.0021604275841109,1
pantoprazole,gastroesophageal reflux,0.0431818181818181,0.001572825432135,0.0042451853385794,0.8947368421052632,0.0021604275841109,1
metformin,obesity,0.1409090909090909,0.0116826628786363,0.0534285142767282,0.3046007403490217,0.0071292190177408,0
metformin,obesity,0.1409090909090909,0.0116826628786363,0.0534285142767282,0.3046007403490217,0.0071292190177408,0
fenofibrate,obesity,0.0318181818181818,0.0015755184391374,0.0042451853385794,0.8571428571428571,0.0018013381932673,0
exenatide,"diabetes mellitus, type 2",0.0636363636363636,0.0026707823310017,0.0009027908736624,0.6322751322751323,0.0028702626619241,1
exenatide,"diabetes mellitus, type 2",0.0636363636363636,0.0026707823310017,0.0009027908736624,0.6322751322751323,0.0028702626619241,1
exenatide,"diabetes mellitus, type 2",0.0636363636363636,0.0026707823310017,0.0009027908736624,0.6322751322751323,0.0028702626619241,1
liraglutide,diabetes mellitus,0.1045454545454545,0.0085609114299958,0.0068157606108421,0.4927536231884058,0.0046216705820895,1
pioglitazone,diabetes mellitus,0.0954545454545454,0.0095411733593122,0.0076005154677096,0.5365853658536586,0.0038678185177455,1
rosiglitazone,hiv-associated lipodystrophy syndrome,0.3204545454545454,0.1692608476552259,0.1140955847402656,0.2822695035460993,0.0088995891468643,0
growth hormone,hiv-associated lipodystrophy syndrome,0.1227272727272727,0.1259135493944708,0.0056320671589985,0.8944793850454228,0.0030277230105513,0
rosiglitazone,hiv-associated lipodystrophy syndrome,0.3204545454545454,0.1692608476552259,0.1140955847402656,0.2822695035460993,0.0088995891468643,0
rosiglitazone,insulin resistance,0.3204545454545454,0.1692608476552259,0.1140955847402656,0.2822695035460993,0.0088995891468643,0
growth hormone,insulin resistance,0.1227272727272727,0.1259135493944708,0.0056320671589985,0.8944793850454228,0.0030277230105513,0
rosiglitazone,insulin resistance,0.3204545454545454,0.1692608476552259,0.1140955847402656,0.2822695035460993,0.0088995891468643,0
rosiglitazone,hiv infections,0.3204545454545454,0.1692608476552259,0.1140955847402656,0.2822695035460993,0.0088995891468643,0
growth hormone,hiv infections,0.1227272727272727,0.1259135493944708,0.0056320671589985,0.8944793850454228,0.0030277230105513,0
rosiglitazone,hiv infections,0.3204545454545454,0.1692608476552259,0.1140955847402656,0.2822695035460993,0.0088995891468643,0
rosiglitazone,metabolic syndrome,0.3204545454545454,0.1692608476552259,0.1140955847402656,0.2822695035460993,0.0088995891468643,0
growth hormone,metabolic syndrome,0.1227272727272727,0.1259135493944708,0.0056320671589985,0.8944793850454228,0.0030277230105513,0
rosiglitazone,metabolic syndrome,0.3204545454545454,0.1692608476552259,0.1140955847402656,0.2822695035460993,0.0088995891468643,0
rosiglitazone,body weight changes,0.3204545454545454,0.1692608476552259,0.1140955847402656,0.2822695035460993,0.0088995891468643,0
growth hormone,body weight changes,0.1227272727272727,0.1259135493944708,0.0056320671589985,0.8944793850454228,0.0030277230105513,0
rosiglitazone,body weight changes,0.3204545454545454,0.1692608476552259,0.1140955847402656,0.2822695035460993,0.0088995891468643,0
utrophin,prader-willi syndrome,0.0068181818181818,1.495660297679658e-05,0.0,1.0,0.0017801333669107,1
human growth hormone,prader-willi syndrome,0.0068181818181818,1.495660297679658e-05,0.0,1.0,0.0017801333669107,1
losartan,"diabetes mellitus, type 2",0.0999999999999999,0.0059642908778948,0.0048941391739032,0.554968287526427,0.0041615192935926,1
exenatide,"diabetes mellitus, type 2",0.0636363636363636,0.0026707823310017,0.0009027908736624,0.6322751322751323,0.0028702626619241,1
salmine,hypertension,0.1931818181818181,0.0495352769344616,0.0490214587846664,0.3535014005602241,0.0057580326903994,0
salmine,cardiovascular diseases,0.1931818181818181,0.0495352769344616,0.0490214587846664,0.3535014005602241,0.0057580326903994,0
metformin,"diabetes mellitus, type 2",0.1409090909090909,0.0116826628786363,0.0534285142767282,0.3046007403490217,0.0071292190177408,1
islet amyloid polypeptide,weight gain,0.0,2.5494772664681652e-62,0.0,0.0,0.0003573555687909,1
mifepristone,endocrine system diseases,0.0022727272727272,0.0002216813128424,0.0,0.0,0.0004371280610899,0
liraglutide,nutrition disorders,0.1045454545454545,0.0085609114299958,0.0068157606108421,0.4927536231884058,0.0046216705820895,0
orlistat,nutrition disorders,0.0295454545454545,0.0015749616898234,0.0,1.0,0.0014934268680821,0
liraglutide,obesity,0.1045454545454545,0.0085609114299958,0.0068157606108421,0.4927536231884058,0.0046216705820895,0
orlistat,obesity,0.0295454545454545,0.0015749616898234,0.0,1.0,0.0014934268680821,0
metformin,diabetes mellitus,0.1409090909090909,0.0116826628786363,0.0534285142767282,0.3046007403490217,0.0071292190177408,1
chenodeoxycholic acid,"obesity, morbid",0.0022727272727272,2.9935065868086895e-05,0.0,0.0,0.0004558144364429,1
colesevelam hydrochloride,"obesity, morbid",0.0454545454545454,0.0015775127443637,0.0045058457558565,0.8105263157894737,0.0025473751708707,1
phentermine,polycystic ovary syndrome,0.0363636363636363,0.0016090495968255,0.0008067524874946,0.7,0.0019836992921766,1
phentermine,obesity,0.0363636363636363,0.0016090495968255,0.0008067524874946,0.7,0.0019836992921766,1
metformin,diabetes mellitus,0.1409090909090909,0.0116826628786363,0.0534285142767282,0.3046007403490217,0.0071292190177408,1
topiramate,obesity,0.0999999999999999,0.0159296360030127,0.0167524818407732,0.5338266384778013,0.0037854268908082,1
tirzepatide,obesity,0.0636363636363636,0.0026707823310017,0.0009027908736624,0.6322751322751323,0.0028702626619241,1
betaine,obesity,0.0295454545454545,0.0015749616898234,0.0,1.0,0.0014210058662957,0
metformin,gout,0.1409090909090909,0.0116826628786363,0.0534285142767282,0.3046007403490217,0.0071292190177408,0
aprepitant,nausea,0.0113636363636363,0.0017396334680986,0.0006281592453889,0.8,0.0016875432818188,1
dexamethasone,nausea,0.1590909090909091,0.0652531387586349,0.0464260603554097,0.3892339544513457,0.00674613978314,1
mirtazapine,nausea,0.0113636363636363,0.001329935657529,0.0042451853385794,0.6,0.001586882053617,1
dexamethasone,nausea,0.1590909090909091,0.0652531387586349,0.0464260603554097,0.3892339544513457,0.00674613978314,1
dexamethasone,nausea,0.1590909090909091,0.0652531387586349,0.0464260603554097,0.3892339544513457,0.00674613978314,1
aprepitant,vomiting,0.0113636363636363,0.0017396334680986,0.0006281592453889,0.8,0.0016875432818188,1
dexamethasone,vomiting,0.1590909090909091,0.0652531387586349,0.0464260603554097,0.3892339544513457,0.00674613978314,1
mirtazapine,vomiting,0.0113636363636363,0.001329935657529,0.0042451853385794,0.6,0.001586882053617,1
dexamethasone,vomiting,0.1590909090909091,0.0652531387586349,0.0464260603554097,0.3892339544513457,0.00674613978314,1
dexamethasone,vomiting,0.1590909090909091,0.0652531387586349,0.0464260603554097,0.3892339544513457,0.00674613978314,1
probenecid,hypotension,0.0295454545454545,0.0015749616898234,0.0,1.0,0.0016655217955218,1
allopurinol,hypotension,0.0295454545454545,0.0015749616898234,0.0,1.0,0.0016655217955218,1
probenecid,overweight,0.0295454545454545,0.0015749616898234,0.0,1.0,0.0016655217955218,1
allopurinol,overweight,0.0295454545454545,0.0015749616898234,0.0,1.0,0.0016655217955218,1
probenecid,obesity,0.0295454545454545,0.0015749616898234,0.0,1.0,0.0016655217955218,1
allopurinol,obesity,0.0295454545454545,0.0015749616898234,0.0,1.0,0.0016655217955218,1
exenatide,"diabetes mellitus, type 2",0.0636363636363636,0.0026707823310017,0.0009027908736624,0.6322751322751323,0.0028702626619241,1
liraglutide,"diabetes mellitus, type 2",0.1045454545454545,0.0085609114299958,0.0068157606108421,0.4927536231884058,0.0046216705820895,1
leuprolide,obesity,0.0477272727272727,0.0039660735579197,0.0061951526349061,0.5095238095238095,0.0022298845848372,1
acetazolamide,pseudotumor cerebri,0.0,2.5494772664681652e-62,0.0,0.0,0.0003573555687909,1
exenatide,"diabetes mellitus, type 2",0.0636363636363636,0.0026707823310017,0.0009027908736624,0.6322751322751323,0.0028702626619241,1
exenatide,"diabetes mellitus, type 2",0.0636363636363636,0.0026707823310017,0.0009027908736624,0.6322751322751323,0.0028702626619241,1
telmisartan,hypertension,0.1227272727272727,0.0109912104354152,0.0075486013722149,0.4828791055206149,0.0047876597546245,1
amlodipine,hypertension,0.1295454545454545,0.0186187896831198,0.0130190246252335,0.43734335839599,0.005413068159478,1
telmisartan,obesity,0.1227272727272727,0.0109912104354152,0.0075486013722149,0.4828791055206149,0.0047876597546245,1
amlodipine,obesity,0.1295454545454545,0.0186187896831198,0.0130190246252335,0.43734335839599,0.005413068159478,1
testosterone,hypogonadism,0.0022727272727272,1.0115236718740593e-05,0.0,0.0,0.0005519850660323,1
fidaxomicin,prader-willi syndrome,0.0068181818181818,1.495660297679658e-05,0.0,1.0,0.0017801333669107,0
liraglutide,nutrition disorders,0.1045454545454545,0.0085609114299958,0.0068157606108421,0.4927536231884058,0.0046216705820895,1
liraglutide,obesity,0.1045454545454545,0.0085609114299958,0.0068157606108421,0.4927536231884058,0.0046216705820895,1
gonadotropin-releasing hormone,endometrial neoplasms,0.0,2.5494772664681652e-62,0.0,0.0,0.0003573555687909,1
gonadotropin-releasing hormone,endometrial hyperplasia,0.0,2.5494772664681652e-62,0.0,0.0,0.0003573555687909,1
polygeline,diabetes mellitus,0.0545454545454545,0.0073243197708688,0.0,1.0,0.0020002589321135,0
polygeline,diabetes mellitus,0.0545454545454545,0.0073243197708688,0.0,1.0,0.0020002589321135,0
oxytocin,prader-willi syndrome,0.009090909090909,0.0007582460829761,0.0126734313522468,0.5,0.0019344539104272,0
exenatide,"diabetes mellitus, type 2",0.0636363636363636,0.0026707823310017,0.0009027908736624,0.6322751322751323,0.0028702626619241,1
insulin glargine,"diabetes mellitus, type 2",0.0977272727272727,0.0096069862237969,0.0082352417110428,0.5138427464008859,0.0041429729043437,1
liraglutide,obesity,0.1045454545454545,0.0085609114299958,0.0068157606108421,0.4927536231884058,0.0046216705820895,1
exenatide,"diabetes mellitus, type 2",0.0636363636363636,0.0026707823310017,0.0009027908736624,0.6322751322751323,0.0028702626619241,1
exenatide,"diabetes mellitus, type 2",0.0636363636363636,0.0026707823310017,0.0009027908736624,0.6322751322751323,0.0028702626619241,1
exenatide,obesity,0.0636363636363636,0.0026707823310017,0.0009027908736624,0.6322751322751323,0.0028702626619241,1
methotrexate,"arthritis, rheumatoid",0.1227272727272727,0.0312347356999842,0.0111594079134167,0.5576519916142557,0.0047850218056362,1
infliximab,"arthritis, rheumatoid",0.0886363636363636,0.028354171191215,0.0004598056736593,0.8906882591093117,0.0030559671312374,1
antirheumatic agents,connective tissue diseases,0.0909090909090909,0.0283729121478288,0.0034744554508232,0.8461538461538461,0.0033376748172649,1
antirheumatic agents,"lung diseases, interstitial",0.0909090909090909,0.0283729121478288,0.0034744554508232,0.8461538461538461,0.0033376748172649,1
methotrexate,"arthritis, rheumatoid",0.1227272727272727,0.0312347356999842,0.0111594079134167,0.5576519916142557,0.0047850218056362,1
rituximab,"arthritis, rheumatoid",0.1181818181818181,0.0341592601089505,0.0088094751807696,0.5580693815987934,0.0043350958230969,1
abatacept,"arthritis, rheumatoid",0.0909090909090909,0.028374225166335,0.0025772212876581,0.8474358974358974,0.0034291490304714,1
methotrexate,"arthritis, rheumatoid",0.1227272727272727,0.0312347356999842,0.0111594079134167,0.5576519916142557,0.0047850218056362,1
abatacept,rheumatic diseases,0.0909090909090909,0.028374225166335,0.0025772212876581,0.8474358974358974,0.0034291490304714,1
methotrexate,rheumatic diseases,0.1227272727272727,0.0312347356999842,0.0111594079134167,0.5576519916142557,0.0047850218056362,1
prednisolone,"arthritis, rheumatoid",0.1954545454545454,0.0410112226145668,0.0584665116519279,0.3269493844049247,0.0069649229822454,0
leflunomide,uveitis,0.0886363636363636,0.028354171191215,0.0004598056736593,0.8906882591093117,0.003113201571537,0
atorvastatin,"lupus erythematosus, systemic",0.2272727272727272,0.070943725580264,0.0345996528567034,0.3676767676767676,0.0064765220567699,0
methotrexate,"arthritis, rheumatoid",0.1227272727272727,0.0312347356999842,0.0111594079134167,0.5576519916142557,0.0047850218056362,1
glucocorticoids,giant cell arteritis,0.0,2.5494772664681652e-62,0.0,0.0,0.0003573555687909,0
prednisone,"arthritis, rheumatoid",0.2181818181818181,0.0681982275744613,0.0532324850629091,0.2839912280701754,0.007066133597273,0
abatacept,"arthritis, rheumatoid",0.0909090909090909,0.028374225166335,0.0025772212876581,0.8474358974358974,0.0034291490304714,1
methotrexate,"arthritis, rheumatoid",0.1227272727272727,0.0312347356999842,0.0111594079134167,0.5576519916142557,0.0047850218056362,1
dehydroepiandrosterone,sjogren's syndrome,0.0068181818181818,0.0026599545977351,0.0,1.0,0.0006152031461216,0
antirheumatic agents,"arthritis, rheumatoid",0.0909090909090909,0.0283729121478288,0.0034744554508232,0.8461538461538461,0.0033376748172649,1
antirheumatic agents,"arthritis, rheumatoid",0.0909090909090909,0.0283729121478288,0.0034744554508232,0.8461538461538461,0.0033376748172649,1
interleukin 1 receptor antagonist protein,st elevation myocardial infarction,0.0045454545454545,0.0010768490158539,0.0,1.0,0.0004714599246698,1
adalimumab,"arthritis, rheumatoid",0.0931818181818181,0.0295715545520953,0.0016649334596325,0.8146341463414634,0.0031743930573502,1
methotrexate,"arthritis, rheumatoid",0.1227272727272727,0.0312347356999842,0.0111594079134167,0.5576519916142557,0.0047850218056362,1
methotrexate,"arthritis, rheumatoid",0.1227272727272727,0.0312347356999842,0.0111594079134167,0.5576519916142557,0.0047850218056362,0
teriparatide,"arthritis, rheumatoid",0.0954545454545454,0.0276665452611362,0.0092359270472074,0.7491289198606271,0.0028836546281255,1
calcium citrate,"arthritis, rheumatoid",0.0818181818181818,0.027158064786769,0.0,1.0,0.0023801143713811,1
vitamin d,"arthritis, rheumatoid",0.1477272727272727,0.0425098404425733,0.0136488772804632,0.5043269230769231,0.0043439146963661,1
tumor necrosis factor inhibitors,"arthritis, rheumatoid",0.0818181818181818,0.027158064786769,0.0,1.0,0.0023801143713811,1
celecoxib,arthritis,0.0409090909090909,0.0094893477693523,0.0050826469134277,0.5228758169934641,0.001910866853333,1
ibuprofen,arthritis,0.1204545454545454,0.046945589664641,0.0071827640713776,0.6262699564586357,0.0034443587344088,1
naproxen,arthritis,0.0954545454545454,0.0301144998226125,0.0029356083280062,0.7770034843205574,0.0033324947056621,1
cyclosporine,recurrence,0.0204545454545454,0.0047290874193012,0.0010320941175954,0.4166666666666667,0.0011570700594169,0
ibuprofen,ulcer,0.1204545454545454,0.046945589664641,0.0071827640713776,0.6262699564586357,0.0034443587344088,1
famotidine,ulcer,0.0045454545454545,0.0033008250228117,0.0,1.0,0.000458689551619,1
ibuprofen,ulcer,0.1204545454545454,0.046945589664641,0.0071827640713776,0.6262699564586357,0.0034443587344088,1
rituximab,"arthritis, rheumatoid",0.1181818181818181,0.0341592601089505,0.0088094751807696,0.5580693815987934,0.0043350958230969,1
sirolimus,sjogren's syndrome,0.0272727272727272,0.0054900615106856,0.0060435682241318,0.303030303030303,0.0023303167576494,0
etanercept,"arthritis, rheumatoid",0.0909090909090909,0.028374225166335,0.0025772212876581,0.8474358974358974,0.0034179424961481,0
rituximab,"arthritis, rheumatoid",0.1181818181818181,0.0341592601089505,0.0088094751807696,0.5580693815987934,0.0043350958230969,1
methotrexate,"arthritis, rheumatoid",0.1227272727272727,0.0312347356999842,0.0111594079134167,0.5576519916142557,0.0047850218056362,1
sirolimus,scleritis,0.0272727272727272,0.0054900615106856,0.0060435682241318,0.303030303030303,0.0023303167576494,0
infliximab,"arthritis, rheumatoid",0.0886363636363636,0.028354171191215,0.0004598056736593,0.8906882591093117,0.0030559671312374,1
rituximab,"arthritis, rheumatoid",0.1181818181818181,0.0341592601089505,0.0088094751807696,0.5580693815987934,0.0043350958230969,1
rituximab,"lung diseases, interstitial",0.1181818181818181,0.0341592601089505,0.0088094751807696,0.5580693815987934,0.0043350958230969,1
eszopiclone,sleep initiation and maintenance disorders,0.0295454545454545,0.0077937409759762,0.0001234933542929,0.7435897435897436,0.001122158714691,1
eszopiclone,arthritis,0.0295454545454545,0.0077937409759762,0.0001234933542929,0.7435897435897436,0.001122158714691,1
rituximab,"arthritis, rheumatoid",0.1181818181818181,0.0341592601089505,0.0088094751807696,0.5580693815987934,0.0043350958230969,0
methotrexate,"arthritis, rheumatoid",0.1227272727272727,0.0312347356999842,0.0111594079134167,0.5576519916142557,0.0047850218056362,0
methylprednisolone,"arthritis, rheumatoid",0.1204545454545454,0.030863407527866,0.014168409146348,0.5595065312046444,0.0040245999684449,0
folic acid,"arthritis, rheumatoid",0.1704545454545454,0.0639169464990251,0.0125199449346153,0.518918918918919,0.0045605693331159,0
hydroxychloroquine,lichen planus,0.0977272727272727,0.0318132741636888,0.0031310266728603,0.7486157253599114,0.0034476144203284,0
interleukin 1 receptor antagonist protein,"arthritis, juvenile",0.0045454545454545,0.0010768490158539,0.0,1.0,0.0004714599246698,0
methotrexate,"arthritis, rheumatoid",0.1227272727272727,0.0312347356999842,0.0111594079134167,0.5576519916142557,0.0047850218056362,1
adalimumab,dupuytren contracture,0.0931818181818181,0.0295715545520953,0.0016649334596325,0.8146341463414634,0.0031743930573502,0
salmine,dupuytren contracture,0.1931818181818181,0.0495352769344616,0.0490214587846664,0.3535014005602241,0.0057580326903994,0
antirheumatic agents,"arthritis, rheumatoid",0.0909090909090909,0.0283729121478288,0.0034744554508232,0.8461538461538461,0.0033376748172649,1
atorvastatin,asthma,0.2272727272727272,0.070943725580264,0.0345996528567034,0.3676767676767676,0.0064765220567699,1
methotrexate,arthritis,0.1227272727272727,0.0312347356999842,0.0111594079134167,0.5576519916142557,0.0047850218056362,1
leflunomide,arthritis,0.0886363636363636,0.028354171191215,0.0004598056736593,0.8906882591093117,0.003113201571537,1
hydroxychloroquine,arthritis,0.0977272727272727,0.0318132741636888,0.0031310266728603,0.7486157253599114,0.0034476144203284,1
hydroxychloroquine,"arthritis, rheumatoid",0.0977272727272727,0.0318132741636888,0.0031310266728603,0.7486157253599114,0.0034476144203284,1
sulfasalazine,"arthritis, rheumatoid",0.0818181818181818,0.027158064786769,0.0,1.0,0.0023801143713811,1
methylprednisolone,"arthritis, rheumatoid",0.1204545454545454,0.030863407527866,0.014168409146348,0.5595065312046444,0.0040245999684449,1
prednisone,"arthritis, rheumatoid",0.2181818181818181,0.0681982275744613,0.0532324850629091,0.2839912280701754,0.007066133597273,1
triamcinolone,"arthritis, rheumatoid",0.0818181818181818,0.027158064786769,0.0,1.0,0.0023801143713811,1
naproxen,"arthritis, rheumatoid",0.0954545454545454,0.0301144998226125,0.0029356083280062,0.7770034843205574,0.0033324947056621,1
leflunomide,"arthritis, rheumatoid",0.0886363636363636,0.028354171191215,0.0004598056736593,0.8906882591093117,0.003113201571537,1
methotrexate,"arthritis, rheumatoid",0.1227272727272727,0.0312347356999842,0.0111594079134167,0.5576519916142557,0.0047850218056362,1
adalimumab,"arthritis, rheumatoid",0.0931818181818181,0.0295715545520953,0.0016649334596325,0.8146341463414634,0.0031743930573502,1
certolizumab pegol,"arthritis, rheumatoid",0.0818181818181818,0.027158064786769,0.0,1.0,0.0023801143713811,1
carnitine,"arthritis, rheumatoid",0.0818181818181818,0.027158064786769,0.0,1.0,0.0023801143713811,0
antirheumatic agents,"arthritis, rheumatoid",0.0909090909090909,0.0283729121478288,0.0034744554508232,0.8461538461538461,0.0033376748172649,0
hydrocodone,chronic pain,0.0068181818181818,0.0035580497057803,0.0,1.0,0.0005960755183653,1
abatacept,"arthritis, rheumatoid",0.0909090909090909,0.028374225166335,0.0025772212876581,0.8474358974358974,0.0034291490304714,1
methotrexate,"arthritis, rheumatoid",0.1227272727272727,0.0312347356999842,0.0111594079134167,0.5576519916142557,0.0047850218056362,1
abatacept,"arthritis, rheumatoid",0.0909090909090909,0.028374225166335,0.0025772212876581,0.8474358974358974,0.0034291490304714,0
abatacept,"arthritis, rheumatoid",0.0909090909090909,0.028374225166335,0.0025772212876581,0.8474358974358974,0.0034291490304714,0
rituximab,"arthritis, rheumatoid",0.1181818181818181,0.0341592601089505,0.0088094751807696,0.5580693815987934,0.0043350958230969,1
methotrexate,"arthritis, psoriatic",0.1227272727272727,0.0312347356999842,0.0111594079134167,0.5576519916142557,0.0047850218056362,1
ustekinumab,"arthritis, psoriatic",0.0022727272727272,0.0005927039436648,0.0,0.0,0.000417171710463,1
etanercept,"arthritis, rheumatoid",0.0909090909090909,0.028374225166335,0.0025772212876581,0.8474358974358974,0.0034179424961481,0
infliximab,pemphigus,0.0886363636363636,0.028354171191215,0.0004598056736593,0.8906882591093117,0.0030559671312374,0
everolimus,cytomegalovirus infections,0.0318181818181818,0.0010185060280513,0.0045251155063604,0.6373626373626373,0.0020826363663551,1
steroids,cytomegalovirus infections,0.0068181818181818,6.677849302037293e-05,0.0,1.0,0.0008627247851019,1
thyroglobulin,cytomegalovirus infections,0.0068181818181818,6.677849302037293e-05,0.0,1.0,0.0008627247851019,1
mycophenolic acid,cytomegalovirus infections,0.0204545454545454,0.0024338849501303,0.0047099038223747,0.3611111111111111,0.0015799555276769,1
abatacept,"arthritis, rheumatoid",0.0909090909090909,0.028374225166335,0.0025772212876581,0.8474358974358974,0.0034291490304714,1
abatacept,"arthritis, rheumatoid",0.0909090909090909,0.028374225166335,0.0025772212876581,0.8474358974358974,0.0034291490304714,1
azathioprine,"arthritis, rheumatoid",0.0818181818181818,0.027158064786769,0.0,1.0,0.0023801143713811,1
chloroquine,"arthritis, rheumatoid",0.0818181818181818,0.027158064786769,0.0,1.0,0.0023801143713811,1
hydroxychloroquine,"arthritis, rheumatoid",0.0977272727272727,0.0318132741636888,0.0031310266728603,0.7486157253599114,0.0034476144203284,1
leflunomide,"arthritis, rheumatoid",0.0886363636363636,0.028354171191215,0.0004598056736593,0.8906882591093117,0.003113201571537,1
methotrexate,"arthritis, rheumatoid",0.1227272727272727,0.0312347356999842,0.0111594079134167,0.5576519916142557,0.0047850218056362,1
sulfasalazine,"arthritis, rheumatoid",0.0818181818181818,0.027158064786769,0.0,1.0,0.0023801143713811,1
etanercept,rheumatic fever,0.0909090909090909,0.028374225166335,0.0025772212876581,0.8474358974358974,0.0034179424961481,1
etanercept,arthritis,0.0909090909090909,0.028374225166335,0.0025772212876581,0.8474358974358974,0.0034179424961481,1
etanercept,"arthritis, rheumatoid",0.0909090909090909,0.028374225166335,0.0025772212876581,0.8474358974358974,0.0034179424961481,1
adalimumab,"arthritis, rheumatoid",0.0931818181818181,0.0295715545520953,0.0016649334596325,0.8146341463414634,0.0031743930573502,1
methotrexate,"arthritis, rheumatoid",0.1227272727272727,0.0312347356999842,0.0111594079134167,0.5576519916142557,0.0047850218056362,1
ibuprofen,peptic ulcer,0.1204545454545454,0.046945589664641,0.0071827640713776,0.6262699564586357,0.0034443587344088,1
tacrolimus,"arthritis, rheumatoid",0.15,0.0382420011834982,0.0128777968094813,0.4769230769230769,0.0048860365495628,1
rituximab,"arthritis, rheumatoid",0.1181818181818181,0.0341592601089505,0.0088094751807696,0.5580693815987934,0.0043350958230969,1
celecoxib,arthritis,0.0409090909090909,0.0094893477693523,0.0050826469134277,0.5228758169934641,0.001910866853333,1
celecoxib,arthritis,0.0409090909090909,0.0094893477693523,0.0050826469134277,0.5228758169934641,0.001910866853333,1
naproxen,arthritis,0.0954545454545454,0.0301144998226125,0.0029356083280062,0.7770034843205574,0.0033324947056621,1
methotrexate,arthritis,0.1227272727272727,0.0312347356999842,0.0111594079134167,0.5576519916142557,0.0047850218056362,0
methotrexate,arthralgia,0.1227272727272727,0.0312347356999842,0.0111594079134167,0.5576519916142557,0.0047850218056362,0
metformin,"osteoarthritis, knee",0.1409090909090909,0.0116826628786363,0.0534285142767282,0.3046007403490217,0.0071292190177408,1
alendronate,"arthritis, rheumatoid",0.1977272727272727,0.147252003204352,0.0124434663093306,0.5180433039294307,0.0048634542740018,0
calcium,"arthritis, rheumatoid",0.1477272727272727,0.0425098404425734,0.0136488772804632,0.5043269230769231,0.0042867743085828,0
vitamin d,"arthritis, rheumatoid",0.1477272727272727,0.0425098404425733,0.0136488772804632,0.5043269230769231,0.0043439146963661,0
alendronate,osteoporosis,0.1977272727272727,0.147252003204352,0.0124434663093306,0.5180433039294307,0.0048634542740018,0
calcium,osteoporosis,0.1477272727272727,0.0425098404425734,0.0136488772804632,0.5043269230769231,0.0042867743085828,0
vitamin d,osteoporosis,0.1477272727272727,0.0425098404425733,0.0136488772804632,0.5043269230769231,0.0043439146963661,0
methotrexate,"arthritis, rheumatoid",0.1227272727272727,0.0312347356999842,0.0111594079134167,0.5576519916142557,0.0047850218056362,1
leflunomide,"arthritis, rheumatoid",0.0886363636363636,0.028354171191215,0.0004598056736593,0.8906882591093117,0.003113201571537,1
hydroxychloroquine,"arthritis, rheumatoid",0.0977272727272727,0.0318132741636888,0.0031310266728603,0.7486157253599114,0.0034476144203284,1
prednisolone,"arthritis, rheumatoid",0.1954545454545454,0.0410112226145668,0.0584665116519279,0.3269493844049247,0.0069649229822454,1
folic acid,"arthritis, rheumatoid",0.1704545454545454,0.0639169464990251,0.0125199449346153,0.518918918918919,0.0045605693331159,1
infliximab,"arthritis, rheumatoid",0.0886363636363636,0.028354171191215,0.0004598056736593,0.8906882591093117,0.0030559671312374,1
abatacept,arthralgia,0.0909090909090909,0.028374225166335,0.0025772212876581,0.8474358974358974,0.0034291490304714,1
abatacept,arthritis,0.0909090909090909,0.028374225166335,0.0025772212876581,0.8474358974358974,0.0034291490304714,1
denosumab,"arthritis, rheumatoid",0.0818181818181818,0.027158064786769,0.0,1.0,0.0023801143713811,1
alendronate,"arthritis, rheumatoid",0.1977272727272727,0.147252003204352,0.0124434663093306,0.5180433039294307,0.0048634542740018,1
leflunomide,arthritis,0.0886363636363636,0.028354171191215,0.0004598056736593,0.8906882591093117,0.003113201571537,1
thalidomide,sjogren's syndrome,0.1545454545454545,0.1299678576918228,0.0179997972283457,0.6066725197541704,0.0043098742002128,0
thalidomide,xerostomia,0.1545454545454545,0.1299678576918228,0.0179997972283457,0.6066725197541704,0.0043098742002128,0
methotrexate,"arthritis, rheumatoid",0.1227272727272727,0.0312347356999842,0.0111594079134167,0.5576519916142557,0.0047850218056362,0
methotrexate,"arthritis, rheumatoid",0.1227272727272727,0.0312347356999842,0.0111594079134167,0.5576519916142557,0.0047850218056362,0
biological products,"arthritis, rheumatoid",0.0818181818181818,0.027158064786769,0.0,1.0,0.0023801143713811,0
naproxen,temporomandibular joint disorders,0.0954545454545454,0.0301144998226125,0.0029356083280062,0.7770034843205574,0.0033324947056621,1
codeine,temporomandibular joint disorders,0.0068181818181818,0.0023211340753263,0.0,1.0,0.0005402350874559,1
naproxen,temporomandibular joint disorders,0.0954545454545454,0.0301144998226125,0.0029356083280062,0.7770034843205574,0.0033324947056621,1
dexamethasone,temporomandibular joint disorders,0.1590909090909091,0.0652531387586349,0.0464260603554097,0.3892339544513457,0.00674613978314,1
naproxen,temporomandibular joint disorders,0.0954545454545454,0.0301144998226125,0.0029356083280062,0.7770034843205574,0.0033324947056621,1
acetaminophen,temporomandibular joint disorders,0.1181818181818181,0.0269549455953716,0.01050774284028,0.4374057315233786,0.0040452823533584,1
methotrexate,"arthritis, rheumatoid",0.1227272727272727,0.0312347356999842,0.0111594079134167,0.5576519916142557,0.0047850218056362,0
prednisone,"arthritis, rheumatoid",0.2181818181818181,0.0681982275744613,0.0532324850629091,0.2839912280701754,0.007066133597273,1
etanercept,hidradenitis suppurativa,0.0909090909090909,0.028374225166335,0.0025772212876581,0.8474358974358974,0.0034179424961481,0
milnacipran,"arthritis, rheumatoid",0.0818181818181818,0.027158064786769,0.0,1.0,0.0023801143713811,1
cilostazol,"arthritis, rheumatoid",0.0977272727272727,0.0287000445596706,0.0132493349509756,0.716500553709856,0.0035767891720623,1
methotrexate,"arthritis, rheumatoid",0.1227272727272727,0.0312347356999842,0.0111594079134167,0.5576519916142557,0.0047850218056362,1
hydroxychloroquine,covid-19,0.0977272727272727,0.0318132741636888,0.0031310266728603,0.7486157253599114,0.0034476144203284,0
vitamin d,rheumatic fever,0.1477272727272727,0.0425098404425733,0.0136488772804632,0.5043269230769231,0.0043439146963661,1
cyclosporine,keratoconjunctivitis sicca,0.0204545454545454,0.0047290874193012,0.0010320941175954,0.4166666666666667,0.0011570700594169,0
cyclosporine,sjogren's syndrome,0.0204545454545454,0.0047290874193012,0.0010320941175954,0.4166666666666667,0.0011570700594169,0
infliximab,arthritis,0.0886363636363636,0.028354171191215,0.0004598056736593,0.8906882591093117,0.0030559671312374,0
dexamethasone,menorrhagia,0.1590909090909091,0.0652531387586349,0.0464260603554097,0.3892339544513457,0.00674613978314,0
hydroxychloroquine,alopecia areata,0.0977272727272727,0.0318132741636888,0.0031310266728603,0.7486157253599114,0.0034476144203284,1
abatacept,"arthritis, rheumatoid",0.0909090909090909,0.028374225166335,0.0025772212876581,0.8474358974358974,0.0034291490304714,1
abatacept,"arthritis, rheumatoid",0.0909090909090909,0.028374225166335,0.0025772212876581,0.8474358974358974,0.0034291490304714,1
methotrexate,"arthritis, rheumatoid",0.1227272727272727,0.0312347356999842,0.0111594079134167,0.5576519916142557,0.0047850218056362,1
enalapril,"arthritis, rheumatoid",0.0818181818181818,0.027158064786769,0.0,1.0,0.0023801143713811,0
atorvastatin,"arthritis, rheumatoid",0.2272727272727272,0.070943725580264,0.0345996528567034,0.3676767676767676,0.0064765220567699,1
abatacept,"arthritis, rheumatoid",0.0909090909090909,0.028374225166335,0.0025772212876581,0.8474358974358974,0.0034291490304714,1
methotrexate,"arthritis, rheumatoid",0.1227272727272727,0.0312347356999842,0.0111594079134167,0.5576519916142557,0.0047850218056362,1
abatacept,"arthritis, rheumatoid",0.0909090909090909,0.028374225166335,0.0025772212876581,0.8474358974358974,0.0034291490304714,1
adalimumab,"arthritis, rheumatoid",0.0931818181818181,0.0295715545520953,0.0016649334596325,0.8146341463414634,0.0031743930573502,1
rituximab,"arthritis, rheumatoid",0.1181818181818181,0.0341592601089505,0.0088094751807696,0.5580693815987934,0.0043350958230969,1
methotrexate,"arthritis, rheumatoid",0.1227272727272727,0.0312347356999842,0.0111594079134167,0.5576519916142557,0.0047850218056362,1
folic acid,"arthritis, rheumatoid",0.1704545454545454,0.0639169464990251,0.0125199449346153,0.518918918918919,0.0045605693331159,1
abatacept,"arthritis, juvenile",0.0909090909090909,0.028374225166335,0.0025772212876581,0.8474358974358974,0.0034291490304714,1
abatacept,"arthritis, juvenile",0.0909090909090909,0.028374225166335,0.0025772212876581,0.8474358974358974,0.0034291490304714,1
etanercept,"arthritis, rheumatoid",0.0909090909090909,0.028374225166335,0.0025772212876581,0.8474358974358974,0.0034179424961481,1
methotrexate,"arthritis, rheumatoid",0.1227272727272727,0.0312347356999842,0.0111594079134167,0.5576519916142557,0.0047850218056362,1
methotrexate,"arthritis, rheumatoid",0.1227272727272727,0.0312347356999842,0.0111594079134167,0.5576519916142557,0.0047850218056362,1
sulfasalazine,"arthritis, rheumatoid",0.0818181818181818,0.027158064786769,0.0,1.0,0.0023801143713811,1
hydroxychloroquine,"arthritis, rheumatoid",0.0977272727272727,0.0318132741636888,0.0031310266728603,0.7486157253599114,0.0034476144203284,1
leflunomide,"arthritis, rheumatoid",0.0886363636363636,0.028354171191215,0.0004598056736593,0.8906882591093117,0.003113201571537,1
methotrexate,"arthritis, rheumatoid",0.1227272727272727,0.0312347356999842,0.0111594079134167,0.5576519916142557,0.0047850218056362,1
adalimumab,"arthritis, rheumatoid",0.0931818181818181,0.0295715545520953,0.0016649334596325,0.8146341463414634,0.0031743930573502,1
adalimumab,"arthritis, rheumatoid",0.0931818181818181,0.0295715545520953,0.0016649334596325,0.8146341463414634,0.0031743930573502,1
carnitine,"arthritis, rheumatoid",0.0818181818181818,0.027158064786769,0.0,1.0,0.0023801143713811,1
antirheumatic agents,arthritis,0.0909090909090909,0.0283729121478288,0.0034744554508232,0.8461538461538461,0.0033376748172649,1
aminopterin,"arthritis, rheumatoid",0.0818181818181818,0.027158064786769,0.0,1.0,0.0023801143713811,0
methotrexate,"arthritis, rheumatoid",0.1227272727272727,0.0312347356999842,0.0111594079134167,0.5576519916142557,0.0047850218056362,1
rituximab,"arthritis, rheumatoid",0.1181818181818181,0.0341592601089505,0.0088094751807696,0.5580693815987934,0.0043350958230969,1
adalimumab,"arthritis, rheumatoid",0.0931818181818181,0.0295715545520953,0.0016649334596325,0.8146341463414634,0.0031743930573502,0
etanercept,"arthritis, rheumatoid",0.0909090909090909,0.028374225166335,0.0025772212876581,0.8474358974358974,0.0034179424961481,1
rituximab,"arthritis, rheumatoid",0.1181818181818181,0.0341592601089505,0.0088094751807696,0.5580693815987934,0.0043350958230969,1
adalimumab,arthritis,0.0931818181818181,0.0295715545520953,0.0016649334596325,0.8146341463414634,0.0031743930573502,1
riboflavin,autoimmune diseases,0.0818181818181818,0.027158064786769,0.0,1.0,0.0023801143713811,0
riboflavin,"pemphigoid, benign mucous membrane",0.0818181818181818,0.027158064786769,0.0,1.0,0.0023801143713811,0
riboflavin,stevens-johnson syndrome,0.0818181818181818,0.027158064786769,0.0,1.0,0.0023801143713811,0
riboflavin,"arthritis, rheumatoid",0.0818181818181818,0.027158064786769,0.0,1.0,0.0023801143713811,0
riboflavin,autoimmune diseases,0.0818181818181818,0.027158064786769,0.0,1.0,0.0023801143713811,0
methotrexate,"arthritis, rheumatoid",0.1227272727272727,0.0312347356999842,0.0111594079134167,0.5576519916142557,0.0047850218056362,1
methotrexate,"arthritis, rheumatoid",0.1227272727272727,0.0312347356999842,0.0111594079134167,0.5576519916142557,0.0047850218056362,1
etanercept,"arthritis, rheumatoid",0.0909090909090909,0.028374225166335,0.0025772212876581,0.8474358974358974,0.0034179424961481,1
etanercept,"arthritis, rheumatoid",0.0909090909090909,0.028374225166335,0.0025772212876581,0.8474358974358974,0.0034179424961481,1
methotrexate,"arthritis, rheumatoid",0.1227272727272727,0.0312347356999842,0.0111594079134167,0.5576519916142557,0.0047850218056362,0
leucovorin,"arthritis, rheumatoid",0.2431818181818181,0.1504674136672513,0.04849142249252,0.3729500969846588,0.0071946113632105,0
adalimumab,arthritis,0.0931818181818181,0.0295715545520953,0.0016649334596325,0.8146341463414634,0.0031743930573502,1
roxithromycin,"arthritis, rheumatoid",0.0818181818181818,0.027158064786769,0.0,1.0,0.0023801143713811,1
etanercept,"arthritis, juvenile",0.0909090909090909,0.028374225166335,0.0025772212876581,0.8474358974358974,0.0034179424961481,0
etanercept,uveitis,0.0909090909090909,0.028374225166335,0.0025772212876581,0.8474358974358974,0.0034179424961481,0
